SET foreign_key_checks=0;

--
-- Dumping data for table `LEVEL`
--

INSERT IGNORE INTO `LEVEL` (`Id_Level`, `Cd_Level`, `Label`, `Description`, `Rank`) VALUES
(1, 'Bz', 'Bronze', NULL, 10),
(2, 'Ar', 'Argent', NULL, 20),
(3, 'Or', 'Or', NULL, 30);

--
-- Dumping data for table `EVIDENCE`
--
INSERT IGNORE INTO `EVIDENCE` (`Id_Evidence`, `Cd_Evidence`, `Description`, `Long_Label`) VALUES
(1, 'Element-Name', NULL, NULL),
(2, 'src', NULL, NULL),
(3, 'Css-Selector', NULL, NULL),
(4, 'Previous-H-Tag-Index', NULL, NULL),
(5, 'First-H-Tag-Index', NULL, NULL),
(6, 'Node', NULL, NULL),
(7, 'href', NULL, NULL),
(8, 'Link-Title-Attribut', NULL, NULL),
(9, 'Link-Text', NULL, NULL),
(10, 'Link-Href-Attribut', NULL, NULL),
(11, 'Language', NULL, NULL),
(12, 'Detected-Language', NULL, NULL),
(13, 'Extracted-Text', NULL, NULL),
(14, 'Css-Filename', NULL, NULL);

--
-- Dumping data for table `NOMENCLATURE`
--
INSERT IGNORE INTO `NOMENCLATURE` (`Id_Nomenclature`, `Cd_Nomenclature`, `Description`, `Long_Label`, `Short_Label`, `Id_Nomenclature_Parent`) VALUES
(1, 'FormsButtonTypes', NULL, NULL, NULL, NULL),
(2, 'JSWindowOpen', NULL, NULL, NULL, NULL),
(3, 'NotificationNewWindowWhitelist', NULL, NULL, NULL, NULL),
(4, 'FormsButtonWhitelist', NULL, NULL, NULL, NULL),
(5, 'FormsButtonBlacklist', NULL, NULL, NULL, NULL),
(6, 'LinkTextWhitelist', NULL, NULL, NULL, NULL),
(7, 'LinkTextBlacklist', NULL, NULL, NULL, NULL),
(8, 'PossibleImageTags', NULL, NULL, NULL, NULL),
(9, 'RelativeCssUnits', NULL, NULL, NULL, NULL),
(10, 'ValidLanguageCode', NULL, NULL, NULL, NULL),
(11, 'DeprecatedRepresentationTags', NULL, NULL, NULL, NULL),
(12, 'UnexplicitPageTitle', NULL, NULL, NULL, NULL),
(13, 'ImageFileExtensions', NULL, NULL, NULL, NULL),
(14, 'MediaListNotAcceptingRelativeUnits', NULL, NULL, NULL, NULL),
(15, 'DeprecatedRepresentationAttributes', NULL, NULL, NULL, NULL),
(16, 'DeprecatedRepresentationAttributesWithExceptions', NULL, NULL, NULL, NULL),
(17, 'RecommendedDoctypeDeclarations', NULL, NULL, NULL, NULL),
(18, 'XhtmlDoctypeDeclarations', NULL, NULL, NULL, NULL), 
(19, 'RecommendedCaseInsensitiveDoctypeDeclarations', NULL, NULL, NULL, NULL);

--
-- Dumping data for table `NOMENCLATURE_ELEMENT`
--

INSERT IGNORE INTO `NOMENCLATURE_ELEMENT` (`DTYPE`, `Id_Nomenclature_Element`, `Label`, `shortValue`, `Id_Nomenclature`) VALUES
('NomenclatureElementImpl', 1, 'reset', NULL, 1),
('NomenclatureElementImpl', 2, 'submit', NULL, 1),
('NomenclatureElementImpl', 3, 'button', NULL, 1),
('NomenclatureElementImpl', 4, 'window.open', NULL, 2),
('NomenclatureElementImpl', 5, 'javascript:window.open', NULL, 2),
('NomenclatureElementImpl', 6, 'new window', NULL, 3),
('NomenclatureElementImpl', 7, 'nouvelle fenêtre', NULL, 3),
('NomenclatureElementImpl', 8, 's''inscrire', NULL, 5),
('NomenclatureElementImpl', 9, 'go', NULL, 5),
('NomenclatureElementImpl', 10, 'inscrire', NULL, 5),
('NomenclatureElementImpl', 11, 'valider', NULL, 5),
('NomenclatureElementImpl', 12, 'envoyer', NULL, 5),
('NomenclatureElementImpl', 13, 'submit', NULL, 5),
('NomenclatureElementImpl', 14, 'poster', NULL, 5),
('NomenclatureElementImpl', 15, 'retour à l''accueil', NULL, 6),
('NomenclatureElementImpl', 16, 'back home', NULL, 6),
('NomenclatureElementImpl', 17, 'here', NULL, 7),
('NomenclatureElementImpl', 18, 'this link', NULL, 7),
('NomenclatureElementImpl', 19, 'there', NULL, 7),
('NomenclatureElementImpl', 20, 'en savoir plus...', NULL, 7),
('NomenclatureElementImpl', 21, 'more', NULL, 7),
('NomenclatureElementImpl', 22, 'en savoir plus', NULL, 7),
('NomenclatureElementImpl', 23, 'ici', NULL, 7),
('NomenclatureElementImpl', 24, 'plus', NULL, 7),
('NomenclatureElementImpl', 25, 'là', NULL, 7),
('NomenclatureElementImpl', 26, 'cliquez ici', NULL, 7),
('NomenclatureElementImpl', 27, 'ce lien', NULL, 7),
('NomenclatureElementImpl', 28, 'post précédent', NULL, 7),
('NomenclatureElementImpl', 29, 'lire la suite', NULL, 7),
('NomenclatureElementImpl', 30, 'click here', NULL, 7),
('NomenclatureElementImpl', 31, 'object', NULL, 8),
('NomenclatureElementImpl', 32, 'img', NULL, 8),
('NomenclatureCssUnitImpl', 33, 'pc', 22, 9),
('NomenclatureCssUnitImpl', 34, 'cm', 19, 9),
('NomenclatureCssUnitImpl', 35, 'in', 18, 9),
('NomenclatureCssUnitImpl', 36, 'pt', 21, 9),
('NomenclatureCssUnitImpl', 37, 'mm', 20, 9),
('NomenclatureElementImpl', 38, 'kk', NULL, 10),
('NomenclatureElementImpl', 39, 'th', NULL, 10),
('NomenclatureElementImpl', 40, 'cs', NULL, 10),
('NomenclatureElementImpl', 41, 'vi', NULL, 10),
('NomenclatureElementImpl', 42, 'hi', NULL, 10),
('NomenclatureElementImpl', 43, 'ur', NULL, 10),
('NomenclatureElementImpl', 44, 'af', NULL, 10),
('NomenclatureElementImpl', 45, 'tl', NULL, 10),
('NomenclatureElementImpl', 46, 'bh', NULL, 10),
('NomenclatureElementImpl', 47, 'ta', NULL, 10),
('NomenclatureElementImpl', 48, 'zh', NULL, 10),
('NomenclatureElementImpl', 49, 'wa', NULL, 10),
('NomenclatureElementImpl', 50, 'ae', NULL, 10),
('NomenclatureElementImpl', 51, 'fy', NULL, 10),
('NomenclatureElementImpl', 52, 'bn', NULL, 10),
('NomenclatureElementImpl', 53, 'sw', NULL, 10),
('NomenclatureElementImpl', 54, 'sd', NULL, 10),
('NomenclatureElementImpl', 55, 'mi', NULL, 10),
('NomenclatureElementImpl', 56, 'la', NULL, 10),
('NomenclatureElementImpl', 57, 'gv', NULL, 10),
('NomenclatureElementImpl', 58, 'no', NULL, 10),
('NomenclatureElementImpl', 59, 'or', NULL, 10),
('NomenclatureElementImpl', 60, 'tk', NULL, 10),
('NomenclatureElementImpl', 61, 'bs', NULL, 10),
('NomenclatureElementImpl', 62, 'ko', NULL, 10),
('NomenclatureElementImpl', 63, 'et', NULL, 10),
('NomenclatureElementImpl', 64, 'aa', NULL, 10),
('NomenclatureElementImpl', 65, 'ja', NULL, 10),
('NomenclatureElementImpl', 66, 'rm', NULL, 10),
('NomenclatureElementImpl', 67, 'ks', NULL, 10),
('NomenclatureElementImpl', 68, 'ca', NULL, 10),
('NomenclatureElementImpl', 69, 'sn', NULL, 10),
('NomenclatureElementImpl', 70, 'en', NULL, 10),
('NomenclatureElementImpl', 71, 'nl', NULL, 10),
('NomenclatureElementImpl', 72, 'ss', NULL, 10),
('NomenclatureElementImpl', 73, 'ab', NULL, 10),
('NomenclatureElementImpl', 74, 'tg', NULL, 10),
('NomenclatureElementImpl', 75, 'st', NULL, 10),
('NomenclatureElementImpl', 76, 'da', NULL, 10),
('NomenclatureElementImpl', 77, 'bo', NULL, 10),
('NomenclatureElementImpl', 78, 'sg', NULL, 10),
('NomenclatureElementImpl', 79, 'na', NULL, 10),
('NomenclatureElementImpl', 80, 'gl', NULL, 10),
('NomenclatureElementImpl', 81, 'si', NULL, 10),
('NomenclatureElementImpl', 82, 'rw', NULL, 10),
('NomenclatureElementImpl', 83, 'uz', NULL, 10),
('NomenclatureElementImpl', 84, 'te', NULL, 10),
('NomenclatureElementImpl', 85, 'kl', NULL, 10),
('NomenclatureElementImpl', 86, 'el', NULL, 10),
('NomenclatureElementImpl', 87, 'ba', NULL, 10),
('NomenclatureElementImpl', 88, 'tn', NULL, 10),
('NomenclatureElementImpl', 89, 'br', NULL, 10),
('NomenclatureElementImpl', 90, 'ky', NULL, 10),
('NomenclatureElementImpl', 91, 'ps', NULL, 10),
('NomenclatureElementImpl', 92, 'es', NULL, 10),
('NomenclatureElementImpl', 93, 'ch', NULL, 10),
('NomenclatureElementImpl', 94, 'sr', NULL, 10),
('NomenclatureElementImpl', 95, 'mk', NULL, 10),
('NomenclatureElementImpl', 96, 'qu', NULL, 10),
('NomenclatureElementImpl', 97, 'ka', NULL, 10),
('NomenclatureElementImpl', 98, 'fr', NULL, 10),
('NomenclatureElementImpl', 99, 'ne', NULL, 10),
('NomenclatureElementImpl', 100, 'he', NULL, 10),
('NomenclatureElementImpl', 101, 'co', NULL, 10),
('NomenclatureElementImpl', 102, 'uk', NULL, 10),
('NomenclatureElementImpl', 103, 'ga', NULL, 10),
('NomenclatureElementImpl', 104, 'tt', NULL, 10),
('NomenclatureElementImpl', 105, 'ms', NULL, 10),
('NomenclatureElementImpl', 106, 'pt', NULL, 10),
('NomenclatureElementImpl', 107, 'bg', NULL, 10),
('NomenclatureElementImpl', 108, 'ku', NULL, 10),
('NomenclatureElementImpl', 109, 'ny', NULL, 10),
('NomenclatureElementImpl', 110, 'so', NULL, 10),
('NomenclatureElementImpl', 111, 'ln', NULL, 10),
('NomenclatureElementImpl', 112, 'zu', NULL, 10),
('NomenclatureElementImpl', 113, 'fj', NULL, 10),
('NomenclatureElementImpl', 114, 'sk', NULL, 10),
('NomenclatureElementImpl', 115, 'is', NULL, 10),
('NomenclatureElementImpl', 116, 'ik', NULL, 10),
('NomenclatureElementImpl', 117, 'xh', NULL, 10),
('NomenclatureElementImpl', 118, 'ro', NULL, 10),
('NomenclatureElementImpl', 119, 'yi', NULL, 10),
('NomenclatureElementImpl', 120, 'be', NULL, 10),
('NomenclatureElementImpl', 121, 'ar', NULL, 10),
('NomenclatureElementImpl', 122, 'fi', NULL, 10),
('NomenclatureElementImpl', 123, 'my', NULL, 10),
('NomenclatureElementImpl', 124, 'gn', NULL, 10),
('NomenclatureElementImpl', 125, 'dz', NULL, 10),
('NomenclatureElementImpl', 126, 'su', NULL, 10),
('NomenclatureElementImpl', 127, 'hu', NULL, 10),
('NomenclatureElementImpl', 128, 'mt', NULL, 10),
('NomenclatureElementImpl', 129, 'lt', NULL, 10),
('NomenclatureElementImpl', 130, 'de', NULL, 10),
('NomenclatureElementImpl', 131, 'pl', NULL, 10),
('NomenclatureElementImpl', 132, 'tr', NULL, 10),
('NomenclatureElementImpl', 133, 'kn', NULL, 10),
('NomenclatureElementImpl', 134, 'cy', NULL, 10),
('NomenclatureElementImpl', 135, 'mg', NULL, 10),
('NomenclatureElementImpl', 136, 'tw', NULL, 10),
('NomenclatureElementImpl', 137, 'hr', NULL, 10),
('NomenclatureElementImpl', 138, 'hy', NULL, 10),
('NomenclatureElementImpl', 139, 'wo', NULL, 10),
('NomenclatureElementImpl', 140, 'kw', NULL, 10),
('NomenclatureElementImpl', 141, 'hz', NULL, 10),
('NomenclatureElementImpl', 142, 'eu', NULL, 10),
('NomenclatureElementImpl', 143, 'ia', NULL, 10),
('NomenclatureElementImpl', 144, 'sv', NULL, 10),
('NomenclatureElementImpl', 145, 'iu', NULL, 10),
('NomenclatureElementImpl', 146, 'gu', NULL, 10),
('NomenclatureElementImpl', 147, 'gd', NULL, 10),
('NomenclatureElementImpl', 148, 'oc', NULL, 10),
('NomenclatureElementImpl', 149, 'fo', NULL, 10),
('NomenclatureElementImpl', 150, 'lv', NULL, 10),
('NomenclatureElementImpl', 151, 'as', NULL, 10),
('NomenclatureElementImpl', 152, 'sm', NULL, 10),
('NomenclatureElementImpl', 153, 'ug', NULL, 10),
('NomenclatureElementImpl', 154, 'sa', NULL, 10),
('NomenclatureElementImpl', 155, 'sl', NULL, 10),
('NomenclatureElementImpl', 156, 'yo', NULL, 10),
('NomenclatureElementImpl', 157, 'mr', NULL, 10),
('NomenclatureElementImpl', 158, 'vo', NULL, 10),
('NomenclatureElementImpl', 159, 'sq', NULL, 10),
('NomenclatureElementImpl', 160, 'fa', NULL, 10),
('NomenclatureElementImpl', 161, 'id', NULL, 10),
('NomenclatureElementImpl', 162, 'ru', NULL, 10),
('NomenclatureElementImpl', 163, 'az', NULL, 10),
('NomenclatureElementImpl', 164, 'ts', NULL, 10),
('NomenclatureElementImpl', 165, 'km', NULL, 10),
('NomenclatureElementImpl', 166, 'rn', NULL, 10),
('NomenclatureElementImpl', 167, 'it', NULL, 10),
('NomenclatureElementImpl', 168, 'ml', NULL, 10),
('NomenclatureElementImpl', 169, 'mn', NULL, 10),
('NomenclatureElementImpl', 170, 'ha', NULL, 10),
('NomenclatureElementImpl', 171, 'om', NULL, 10),
('NomenclatureElementImpl', 172, 'am', NULL, 10),
('NomenclatureElementImpl', 173, 'bi', NULL, 10),
('NomenclatureElementImpl', 174, 'ki', NULL, 10),
('NomenclatureElementImpl', 175, 'kv', NULL, 10),
('NomenclatureElementImpl', 176, 'kj', NULL, 10),
('NomenclatureElementImpl', 177, 'ay', NULL, 10),
('NomenclatureElementImpl', 178, 'eo', NULL, 10),
('NomenclatureElementImpl', 179, 'pa', NULL, 10),
('NomenclatureElementImpl', 180, 'ie', NULL, 10),
('NomenclatureElementImpl', 181, 'lo', NULL, 10),
('NomenclatureElementImpl', 182, 'BASEFONT', NULL, 11),
('NomenclatureElementImpl', 183, 'CENTER', NULL, 11),
('NomenclatureElementImpl', 184, 'BLINK', NULL, 11),
('NomenclatureElementImpl', 185, 'FONT', NULL, 11),
('NomenclatureElementImpl', 186, 'MARQUEE', NULL, 11),
('NomenclatureElementImpl', 187, 'TT', NULL, 11),
('NomenclatureElementImpl', 188, 'S', NULL, 11),
('NomenclatureElementImpl', 189, 'STRIKE', NULL, 11),
('NomenclatureElementImpl', 190, 'U', NULL, 11),
('NomenclatureElementImpl', 191, '', NULL, 12),
('NomenclatureElementImpl', 192, 'Bienvenue dans Adobe GoLive 6', NULL, 12),
('NomenclatureElementImpl', 193, 'Page title', NULL, 12),
('NomenclatureElementImpl', 194, 'Titre de la page', NULL, 12),
('NomenclatureElementImpl', 195, 'jpg', NULL, 13),
('NomenclatureElementImpl', 196, 'gif', NULL, 13),
('NomenclatureElementImpl', 197, 'jpeg', NULL, 13),
('NomenclatureElementImpl', 198, 'png', NULL, 13),
('NomenclatureElementImpl', 199, 'bmp', NULL, 13),
('NomenclatureElementImpl', 200, 'all', NULL, 14),
('NomenclatureElementImpl', 201, 'screen', NULL, 14),
('NomenclatureElementImpl', 202, 'projection', NULL, 14),
('NomenclatureElementImpl', 203, 'handheld', NULL, 14),
('NomenclatureElementImpl', 204, 'tv', NULL, 14),
('NomenclatureElementImpl', 205, 'telecharger', NULL, 7),
('NomenclatureElementImpl', 206, 'télécharger', NULL, 7),
('NomenclatureElementImpl', 207, 'download', NULL, 7),
('NomenclatureElementImpl', 208, 'visiter', NULL, 7),
('NomenclatureElementImpl', 209, 'visit', NULL, 7),
('NomenclatureElementImpl', 210, 'ajouter', NULL, 7),
('NomenclatureElementImpl', 211, 'add', NULL, 7),
('NomenclatureElementImpl', 212, 'acheter', NULL, 7),
('NomenclatureElementImpl', 213, 'buy', NULL, 7),
('NomenclatureElementImpl', 214, 'ouvrir', NULL, 7),
('NomenclatureElementImpl', 215, 'open', NULL, 7),
('NomenclatureElementImpl', 216, 'valider', NULL, 7),
('NomenclatureElementImpl', 217, 'validate', NULL, 7),
('NomenclatureElementImpl', 218, 'envoyer', NULL, 7),
('NomenclatureElementImpl', 219, 'send', NULL, 7),
('NomenclatureElementImpl', 220, 'suivant', NULL, 7),
('NomenclatureElementImpl', 221, 'next', NULL, 7),
('NomenclatureElementImpl', 222, 'precedent', NULL, 7),
('NomenclatureElementImpl', 223, 'précédent', NULL, 7),
('NomenclatureElementImpl', 224, 'previous', NULL, 7),
('NomenclatureElementImpl', 225, 'align', NULL, 15),
('NomenclatureElementImpl', 226, 'alink', NULL, 15),
('NomenclatureElementImpl', 227, 'background', NULL, 15),
('NomenclatureElementImpl', 228, 'basefont', NULL, 15),
('NomenclatureElementImpl', 229, 'bgcolor', NULL, 15),
('NomenclatureElementImpl', 230, 'border', NULL, 15),
('NomenclatureElementImpl', 231, 'color', NULL, 15),
('NomenclatureElementImpl', 232, 'link', NULL, 15),
('NomenclatureElementImpl', 233, 'text', NULL, 15),
('NomenclatureElementImpl', 234, 'vlink', NULL, 15),
('NomenclatureElementImpl', 235, 'width', NULL, 16),
('NomenclatureElementImpl', 236, 'height', NULL, 16),
('NomenclatureElementImpl', 237, '<!DOCTYPE HTML PUBLIC "-//W3C//DTD HTML 4.01//EN" "http://www.w3.org/TR/html4/strict.dtd">', NULL, 19),
('NomenclatureElementImpl', 238, '<!DOCTYPE HTML PUBLIC "-//W3C//DTD HTML 4.01 Transitional//EN" "http://www.w3.org/TR/html4/loose.dtd">', NULL, 19),
('NomenclatureElementImpl', 239, '<!DOCTYPE HTML PUBLIC "-//W3C//DTD HTML 4.01 Frameset//EN" "http://www.w3.org/TR/html4/frameset.dtd">', NULL, 19),
('NomenclatureElementImpl', 240, '<!DOCTYPE html PUBLIC "-//W3C//DTD XHTML 1.0 Strict//EN" "http://www.w3.org/TR/xhtml1/DTD/xhtml1-strict.dtd">', NULL, 19),
('NomenclatureElementImpl', 241, '<!DOCTYPE html PUBLIC "-//W3C//DTD XHTML 1.0 Transitional//EN" "http://www.w3.org/TR/xhtml1/DTD/xhtml1-transitional.dtd">', NULL, 19),
('NomenclatureElementImpl', 242, '<!DOCTYPE html PUBLIC "-//W3C//DTD XHTML 1.0 Frameset//EN" "http://www.w3.org/TR/xhtml1/DTD/xhtml1-frameset.dtd">', NULL, 19),
('NomenclatureElementImpl', 243, '<!DOCTYPE html PUBLIC "-//W3C//DTD XHTML 1.1//EN" "http://www.w3.org/TR/xhtml11/DTD/xhtml11.dtd">', NULL, 19),
('NomenclatureElementImpl', 244, '<!DOCTYPE html PUBLIC "-//W3C//DTD XHTML Basic 1.1//EN" "http://www.w3.org/TR/xhtml-basic/xhtml-basic11.dtd">', NULL, 19),
('NomenclatureElementImpl', 245, '<!DOCTYPE math PUBLIC "-//W3C//DTD MathML 2.0//EN" "http://www.w3.org/TR/MathML2/dtd/mathml2.dtd">', NULL, 19),
('NomenclatureElementImpl', 246, '<!DOCTYPE math SYSTEM "http://www.w3.org/Math/DTD/mathml1/mathml.dtd">', NULL, 19),
('NomenclatureElementImpl', 247, '<!DOCTYPE html PUBLIC "-//W3C//DTD XHTML 1.1 plus MathML 2.0 plus SVG 1.1//EN" "http://www.w3.org/2002/04/xhtml-math-svg/xhtml-math-svg.dtd">', NULL, 19),
('NomenclatureElementImpl', 248, '<!DOCTYPE svg:svg PUBLIC "-//W3C//DTD XHTML 1.1 plus MathML 2.0 plus SVG 1.1//EN" "http://www.w3.org/2002/04/xhtml-math-svg/xhtml-math-svg.dtd">', NULL, 19),
('NomenclatureElementImpl', 249, '<!DOCTYPE html PUBLIC "-//IETF//DTD HTML 2.0//EN">', NULL, 19),
('NomenclatureElementImpl', 250, '<!DOCTYPE html PUBLIC "-//W3C//DTD HTML 3.2 Final//EN">', NULL, 19),
('NomenclatureElementImpl', 251, '<!DOCTYPE html PUBLIC "-//W3C//DTD XHTML Basic 1.0//EN" "http://www.w3.org/TR/xhtml-basic/xhtml-basic10.dtd">', NULL, 19),
('NomenclatureElementImpl', 252, 'accueil', NULL, 12),
('NomenclatureElementImpl', 253, 'sommaire', NULL, 12),
('NomenclatureElementImpl', 254, 'bienvenue', NULL, 12),
('NomenclatureElementImpl', 255, 'welcome', NULL, 12),
('NomenclatureElementImpl', 256, 'homepage', NULL, 12),
('NomenclatureElementImpl', 257, 'home page', NULL, 12),
('NomenclatureElementImpl', 258, 'a propos', NULL, 12),
('NomenclatureElementImpl', 259, 'about', NULL, 12),
('NomenclatureElementImpl', 260, 'resultat de la recherche', NULL, 12),
('NomenclatureElementImpl', 261, 'search result', NULL, 12),
('NomenclatureElementImpl', 262, 'summary', NULL, 12),
('NomenclatureElementImpl', 263, 'index', NULL, 12),
('NomenclatureElementImpl', 264, 'home', NULL, 12),
('NomenclatureElementImpl', 265, '<!DOCTYPE HTML>', NULL, 19),
('NomenclatureElementImpl', 266, 'learn more', NULL, 7),
('NomenclatureElementImpl', 267, 'learn more >>', NULL, 7),
('NomenclatureElementImpl', 268, 'more details', NULL, 7),
('NomenclatureElementImpl', 269, 'more details ...', NULL, 7),
('NomenclatureElementImpl', 270, 'imprimer', NULL, 7),
('NomenclatureElementImpl', 271, 'print', NULL, 7),
('NomenclatureElementImpl', 272, '<!DOCTYPE html PUBLIC "-//W3C//DTD XHTML 1.0 Strict//EN" "http://www.w3.org/TR/xhtml1/DTD/xhtml1-strict.dtd">', NULL, 18),
('NomenclatureElementImpl', 273, '<!DOCTYPE html PUBLIC "-//W3C//DTD XHTML 1.0 Transitional//EN" "http://www.w3.org/TR/xhtml1/DTD/xhtml1-transitional.dtd">', NULL, 18),
('NomenclatureElementImpl', 274, '<!DOCTYPE html PUBLIC "-//W3C//DTD XHTML 1.0 Frameset//EN" "http://www.w3.org/TR/xhtml1/DTD/xhtml1-frameset.dtd">', NULL, 18),
('NomenclatureElementImpl', 275, '<!DOCTYPE html PUBLIC "-//W3C//DTD XHTML 1.1//EN" "http://www.w3.org/TR/xhtml11/DTD/xhtml11.dtd">', NULL, 18),
('NomenclatureElementImpl', 276, '<!DOCTYPE html PUBLIC "-//W3C//DTD XHTML Basic 1.1//EN" "http://www.w3.org/TR/xhtml-basic/xhtml-basic11.dtd">', NULL, 18),
('NomenclatureElementImpl', 277, '<!DOCTYPE html PUBLIC "-//W3C//DTD XHTML 1.1 plus MathML 2.0 plus SVG 1.1//EN" "http://www.w3.org/2002/04/xhtml-math-svg/xhtml-math-svg.dtd">', NULL, 18),
('NomenclatureElementImpl', 278, '<!DOCTYPE svg:svg PUBLIC "-//W3C//DTD XHTML 1.1 plus MathML 2.0 plus SVG 1.1//EN" "http://www.w3.org/2002/04/xhtml-math-svg/xhtml-math-svg.dtd">', NULL, 18),
('NomenclatureElementImpl', 279, '<!DOCTYPE html PUBLIC "-//W3C//DTD XHTML Basic 1.0//EN" "http://www.w3.org/TR/xhtml-basic/xhtml-basic10.dtd">', NULL, 18),
('NomenclatureElementImpl', 280, 'lb', NULL, 10),
('NomenclatureElementImpl', 281, 'mh', NULL, 10),
('NomenclatureElementImpl', 282, 'nv', NULL, 10),
('NomenclatureElementImpl', 283, 'nd', NULL, 10),
('NomenclatureElementImpl', 284, 'nr', NULL, 10),
('NomenclatureElementImpl', 285, 'ng', NULL, 10),
('NomenclatureElementImpl', 286, 'nb', NULL, 10),
('NomenclatureElementImpl', 287, 'nn', NULL, 10),
('NomenclatureElementImpl', 288, 'os', NULL, 10),
('NomenclatureElementImpl', 289, 'pi', NULL, 10),
('NomenclatureElementImpl', 290, 'se', NULL, 10),
('NomenclatureElementImpl', 291, 'sc', NULL, 10),
('NomenclatureElementImpl', 292, 'cu', NULL, 10),
('NomenclatureElementImpl', 293, 'ty', NULL, 10),
('NomenclatureElementImpl', 294, 'ce', NULL, 10),
('NomenclatureElementImpl', 295, 'cv', NULL, 10),
('NomenclatureElementImpl', 296, 'za', NULL, 10),
('NomenclatureElementImpl', 297, 'ak', NULL, 10),
('NomenclatureElementImpl', 298, 'an', NULL, 10),
('NomenclatureElementImpl', 299, 'av', NULL, 10),
('NomenclatureElementImpl', 300, 'to', NULL, 10),
('NomenclatureElementImpl', 301, 'ho', NULL, 10),
('NomenclatureElementImpl', 302, 've', NULL, 10),
('NomenclatureElementImpl', 303, 'aka', NULL, 10),
('NomenclatureElementImpl', 304, 'kik', NULL, 10),
('NomenclatureElementImpl', 305, 'xho', NULL, 10),
('NomenclatureElementImpl', 306, 'shn', NULL, 10),
('NomenclatureElementImpl', 307, 'kin', NULL, 10),
('NomenclatureElementImpl', 308, 'kir', NULL, 10),
('NomenclatureElementImpl', 309, 'udm', NULL, 10),
('NomenclatureElementImpl', 310, 'ibo', NULL, 10),
('NomenclatureElementImpl', 311, 'sga', NULL, 10),
('NomenclatureElementImpl', 312, 'zha', NULL, 10),
('NomenclatureElementImpl', 313, 'qaa-qtz', NULL, 10),
('NomenclatureElementImpl', 314, 'sgn', NULL, 10),
('NomenclatureElementImpl', 315, 'gil', NULL, 10),
('NomenclatureElementImpl', 316, 'bis', NULL, 10),
('NomenclatureElementImpl', 317, 'ain', NULL, 10),
('NomenclatureElementImpl', 318, 'bik', NULL, 10),
('NomenclatureElementImpl', 319, 'iba', NULL, 10),
('NomenclatureElementImpl', 320, 'bin', NULL, 10),
('NomenclatureElementImpl', 321, 'bih', NULL, 10),
('NomenclatureElementImpl', 322, 'nep', NULL, 10),
('NomenclatureElementImpl', 323, 'mac', NULL, 10),
('NomenclatureElementImpl', 324, 'mah', NULL, 10),
('NomenclatureElementImpl', 325, 'mai', NULL, 10),
('NomenclatureElementImpl', 326, 'mak', NULL, 10),
('NomenclatureElementImpl', 327, 'mad', NULL, 10),
('NomenclatureElementImpl', 328, 'mag', NULL, 10),
('NomenclatureElementImpl', 329, 'map', NULL, 10),
('NomenclatureElementImpl', 330, 'mar', NULL, 10),
('NomenclatureElementImpl', 331, 'mas', NULL, 10),
('NomenclatureElementImpl', 332, 'mal', NULL, 10),
('NomenclatureElementImpl', 333, 'wen', NULL, 10),
('NomenclatureElementImpl', 334, 'man', NULL, 10),
('NomenclatureElementImpl', 335, 'mao', NULL, 10),
('NomenclatureElementImpl', 336, 'wel', NULL, 10),
('NomenclatureElementImpl', 337, 'sid', NULL, 10),
('NomenclatureElementImpl', 338, 'may', NULL, 10),
('NomenclatureElementImpl', 339, 'khi', NULL, 10),
('NomenclatureElementImpl', 340, 'kha', NULL, 10),
('NomenclatureElementImpl', 341, 'bla', NULL, 10),
('NomenclatureElementImpl', 342, 'sit', NULL, 10),
('NomenclatureElementImpl', 343, 'oji', NULL, 10),
('NomenclatureElementImpl', 344, 'new', NULL, 10),
('NomenclatureElementImpl', 345, 'ven', NULL, 10),
('NomenclatureElementImpl', 346, 'sin', NULL, 10),
('NomenclatureElementImpl', 347, 'sio', NULL, 10),
('NomenclatureElementImpl', 348, 'zen', NULL, 10),
('NomenclatureElementImpl', 349, 'kho', NULL, 10),
('NomenclatureElementImpl', 350, 'khm', NULL, 10),
('NomenclatureElementImpl', 351, 'efi', NULL, 10),
('NomenclatureElementImpl', 352, 'bod', NULL, 10),
('NomenclatureElementImpl', 353, 'hai', NULL, 10),
('NomenclatureElementImpl', 354, 'oci', NULL, 10),
('NomenclatureElementImpl', 355, 'hau', NULL, 10),
('NomenclatureElementImpl', 356, 'haw', NULL, 10),
('NomenclatureElementImpl', 357, 'hat', NULL, 10),
('NomenclatureElementImpl', 358, 'zbl', NULL, 10),
('NomenclatureElementImpl', 359, 'jav', NULL, 10),
('NomenclatureElementImpl', 360, 'anp', NULL, 10),
('NomenclatureElementImpl', 361, 'bnt', NULL, 10),
('NomenclatureElementImpl', 362, 'ang', NULL, 10),
('NomenclatureElementImpl', 363, 'geo', NULL, 10),
('NomenclatureElementImpl', 364, 'nds', NULL, 10),
('NomenclatureElementImpl', 365, 'mdf', NULL, 10),
('NomenclatureElementImpl', 366, 'fas', NULL, 10),
('NomenclatureElementImpl', 367, 'ger', NULL, 10),
('NomenclatureElementImpl', 368, 'fat', NULL, 10),
('NomenclatureElementImpl', 369, 'ndo', NULL, 10),
('NomenclatureElementImpl', 370, 'dak', NULL, 10),
('NomenclatureElementImpl', 371, 'fao', NULL, 10),
('NomenclatureElementImpl', 372, 'fan', NULL, 10),
('NomenclatureElementImpl', 373, 'gez', NULL, 10),
('NomenclatureElementImpl', 374, 'mdr', NULL, 10),
('NomenclatureElementImpl', 375, 'nde', NULL, 10),
('NomenclatureElementImpl', 376, 'dar', NULL, 10),
('NomenclatureElementImpl', 377, 'dan', NULL, 10),
('NomenclatureElementImpl', 378, 'jbo', NULL, 10),
('NomenclatureElementImpl', 379, 'day', NULL, 10),
('NomenclatureElementImpl', 380, 'sco', NULL, 10),
('NomenclatureElementImpl', 381, 'gem', NULL, 10),
('NomenclatureElementImpl', 382, 'scn', NULL, 10),
('NomenclatureElementImpl', 383, 'amh', NULL, 10),
('NomenclatureElementImpl', 384, 'nap', NULL, 10),
('NomenclatureElementImpl', 385, 'rap', NULL, 10),
('NomenclatureElementImpl', 386, 'rar', NULL, 10),
('NomenclatureElementImpl', 387, 'nah', NULL, 10),
('NomenclatureElementImpl', 388, 'nai', NULL, 10),
('NomenclatureElementImpl', 389, 'lad', NULL, 10),
('NomenclatureElementImpl', 390, 'lah', NULL, 10),
('NomenclatureElementImpl', 391, 'pau', NULL, 10),
('NomenclatureElementImpl', 392, 'alt', NULL, 10),
('NomenclatureElementImpl', 393, 'ice', NULL, 10),
('NomenclatureElementImpl', 394, 'lam', NULL, 10),
('NomenclatureElementImpl', 395, 'lao', NULL, 10),
('NomenclatureElementImpl', 396, 'men', NULL, 10),
('NomenclatureElementImpl', 397, 'lat', NULL, 10),
('NomenclatureElementImpl', 398, 'alg', NULL, 10),
('NomenclatureElementImpl', 399, 'nbl', NULL, 10),
('NomenclatureElementImpl', 400, 'paa', NULL, 10),
('NomenclatureElementImpl', 401, 'lav', NULL, 10),
('NomenclatureElementImpl', 402, 'pag', NULL, 10),
('NomenclatureElementImpl', 403, 'ale', NULL, 10),
('NomenclatureElementImpl', 404, 'pal', NULL, 10),
('NomenclatureElementImpl', 405, 'ido', NULL, 10),
('NomenclatureElementImpl', 406, 'alb', NULL, 10),
('NomenclatureElementImpl', 407, 'pap', NULL, 10),
('NomenclatureElementImpl', 408, 'pam', NULL, 10),
('NomenclatureElementImpl', 409, 'pan', NULL, 10),
('NomenclatureElementImpl', 410, 'raj', NULL, 10),
('NomenclatureElementImpl', 411, 'yap', NULL, 10),
('NomenclatureElementImpl', 412, 'bos', NULL, 10),
('NomenclatureElementImpl', 413, 'nav', NULL, 10),
('NomenclatureElementImpl', 414, 'yao', NULL, 10),
('NomenclatureElementImpl', 415, 'nau', NULL, 10),
('NomenclatureElementImpl', 416, 'zap', NULL, 10),
('NomenclatureElementImpl', 417, 'vai', NULL, 10),
('NomenclatureElementImpl', 418, 'sem', NULL, 10),
('NomenclatureElementImpl', 419, 'akk', NULL, 10),
('NomenclatureElementImpl', 420, 'sel', NULL, 10),
('NomenclatureElementImpl', 421, 'krc', NULL, 10),
('NomenclatureElementImpl', 422, 'abk', NULL, 10),
('NomenclatureElementImpl', 423, 'heb', NULL, 10),
('NomenclatureElementImpl', 424, 'iii', NULL, 10),
('NomenclatureElementImpl', 425, 'gba', NULL, 10),
('NomenclatureElementImpl', 426, 'lui', NULL, 10),
('NomenclatureElementImpl', 427, 'kut', NULL, 10),
('NomenclatureElementImpl', 428, 'luo', NULL, 10),
('NomenclatureElementImpl', 429, 'lun', NULL, 10),
('NomenclatureElementImpl', 430, 'kur', NULL, 10),
('NomenclatureElementImpl', 431, 'lus', NULL, 10),
('NomenclatureElementImpl', 432, 'phn', NULL, 10),
('NomenclatureElementImpl', 433, 'her', NULL, 10),
('NomenclatureElementImpl', 434, 'kum', NULL, 10),
('NomenclatureElementImpl', 435, 'phi', NULL, 10),
('NomenclatureElementImpl', 436, 'spa', NULL, 10),
('NomenclatureElementImpl', 437, 'tyv', NULL, 10),
('NomenclatureElementImpl', 438, 'sot', NULL, 10),
('NomenclatureElementImpl', 439, 'bam', NULL, 10),
('NomenclatureElementImpl', 440, 'ban', NULL, 10),
('NomenclatureElementImpl', 441, 'bak', NULL, 10),
('NomenclatureElementImpl', 442, 'bal', NULL, 10),
('NomenclatureElementImpl', 443, 'bai', NULL, 10),
('NomenclatureElementImpl', 444, 'rom', NULL, 10),
('NomenclatureElementImpl', 445, 'ron', NULL, 10),
('NomenclatureElementImpl', 446, 'som', NULL, 10),
('NomenclatureElementImpl', 447, 'son', NULL, 10),
('NomenclatureElementImpl', 448, 'bad', NULL, 10),
('NomenclatureElementImpl', 449, 'ijo', NULL, 10),
('NomenclatureElementImpl', 450, 'gaa', NULL, 10),
('NomenclatureElementImpl', 451, 'aar', NULL, 10),
('NomenclatureElementImpl', 452, 'kro', NULL, 10),
('NomenclatureElementImpl', 453, 'roa', NULL, 10),
('NomenclatureElementImpl', 454, 'sog', NULL, 10),
('NomenclatureElementImpl', 455, 'gay', NULL, 10),
('NomenclatureElementImpl', 456, 'kru', NULL, 10),
('NomenclatureElementImpl', 457, 'bat', NULL, 10),
('NomenclatureElementImpl', 458, 'bas', NULL, 10),
('NomenclatureElementImpl', 459, 'krl', NULL, 10),
('NomenclatureElementImpl', 460, 'baq', NULL, 10),
('NomenclatureElementImpl', 461, 'roh', NULL, 10),
('NomenclatureElementImpl', 462, 'srr', NULL, 10),
('NomenclatureElementImpl', 463, 'srp', NULL, 10),
('NomenclatureElementImpl', 464, 'srn', NULL, 10),
('NomenclatureElementImpl', 465, 'kos', NULL, 10),
('NomenclatureElementImpl', 466, 'kor', NULL, 10),
('NomenclatureElementImpl', 467, 'kon', NULL, 10),
('NomenclatureElementImpl', 468, 'kom', NULL, 10),
('NomenclatureElementImpl', 469, 'kok', NULL, 10),
('NomenclatureElementImpl', 470, 'srd', NULL, 10),
('NomenclatureElementImpl', 471, 'kua', NULL, 10),
('NomenclatureElementImpl', 472, 'peo', NULL, 10),
('NomenclatureElementImpl', 473, 'per', NULL, 10),
('NomenclatureElementImpl', 474, 'dut', NULL, 10),
('NomenclatureElementImpl', 475, 'sqi', NULL, 10),
('NomenclatureElementImpl', 476, 'znd', NULL, 10),
('NomenclatureElementImpl', 477, 'cus', NULL, 10),
('NomenclatureElementImpl', 478, 'jpn', NULL, 10),
('NomenclatureElementImpl', 479, 'jpr', NULL, 10),
('NomenclatureElementImpl', 480, 'kpe', NULL, 10),
('NomenclatureElementImpl', 481, 'cym', NULL, 10),
('NomenclatureElementImpl', 482, 'nyn', NULL, 10),
('NomenclatureElementImpl', 483, 'slk', NULL, 10),
('NomenclatureElementImpl', 484, 'nym', NULL, 10),
('NomenclatureElementImpl', 485, 'afr', NULL, 10),
('NomenclatureElementImpl', 486, 'slo', NULL, 10),
('NomenclatureElementImpl', 487, 'myv', NULL, 10),
('NomenclatureElementImpl', 488, 'nyo', NULL, 10),
('NomenclatureElementImpl', 489, 'afh', NULL, 10),
('NomenclatureElementImpl', 490, 'hin', NULL, 10),
('NomenclatureElementImpl', 491, 'pli', NULL, 10),
('NomenclatureElementImpl', 492, 'him', NULL, 10),
('NomenclatureElementImpl', 493, 'hil', NULL, 10),
('NomenclatureElementImpl', 494, 'myn', NULL, 10),
('NomenclatureElementImpl', 495, 'slv', NULL, 10),
('NomenclatureElementImpl', 496, 'tvl', NULL, 10),
('NomenclatureElementImpl', 497, 'kmb', NULL, 10),
('NomenclatureElementImpl', 498, 'inc', NULL, 10),
('NomenclatureElementImpl', 499, 'hit', NULL, 10),
('NomenclatureElementImpl', 500, 'ind', NULL, 10),
('NomenclatureElementImpl', 501, 'ina', NULL, 10),
('NomenclatureElementImpl', 502, 'sla', NULL, 10),
('NomenclatureElementImpl', 503, 'nzi', NULL, 10),
('NomenclatureElementImpl', 504, 'bej', NULL, 10),
('NomenclatureElementImpl', 505, 'ber', NULL, 10),
('NomenclatureElementImpl', 506, 'uzb', NULL, 10),
('NomenclatureElementImpl', 507, 'tur', NULL, 10),
('NomenclatureElementImpl', 508, 'ine', NULL, 10),
('NomenclatureElementImpl', 509, 'inh', NULL, 10),
('NomenclatureElementImpl', 510, 'tut', NULL, 10),
('NomenclatureElementImpl', 511, 'ben', NULL, 10),
('NomenclatureElementImpl', 512, 'bem', NULL, 10),
('NomenclatureElementImpl', 513, 'bel', NULL, 10),
('NomenclatureElementImpl', 514, 'tuk', NULL, 10),
('NomenclatureElementImpl', 515, 'tum', NULL, 10),
('NomenclatureElementImpl', 516, 'tup', NULL, 10),
('NomenclatureElementImpl', 517, 'afa', NULL, 10),
('NomenclatureElementImpl', 518, 'zho', NULL, 10),
('NomenclatureElementImpl', 519, 'mwr', NULL, 10),
('NomenclatureElementImpl', 520, 'wal', NULL, 10),
('NomenclatureElementImpl', 521, 'wak', NULL, 10),
('NomenclatureElementImpl', 522, 'snk', NULL, 10),
('NomenclatureElementImpl', 523, 'bho', NULL, 10),
('NomenclatureElementImpl', 524, 'xal', NULL, 10),
('NomenclatureElementImpl', 525, 'mwl', NULL, 10),
('NomenclatureElementImpl', 526, 'war', NULL, 10),
('NomenclatureElementImpl', 527, 'was', NULL, 10),
('NomenclatureElementImpl', 528, 'sna', NULL, 10),
('NomenclatureElementImpl', 529, 'ady', NULL, 10),
('NomenclatureElementImpl', 530, 'yid', NULL, 10),
('NomenclatureElementImpl', 531, 'iku', NULL, 10),
('NomenclatureElementImpl', 532, 'snd', NULL, 10),
('NomenclatureElementImpl', 533, 'smo', NULL, 10),
('NomenclatureElementImpl', 534, 'smn', NULL, 10),
('NomenclatureElementImpl', 535, 'ilo', NULL, 10),
('NomenclatureElementImpl', 536, 'dzo', NULL, 10),
('NomenclatureElementImpl', 537, 'smj', NULL, 10),
('NomenclatureElementImpl', 538, 'ach', NULL, 10),
('NomenclatureElementImpl', 539, 'sms', NULL, 10),
('NomenclatureElementImpl', 540, 'ace', NULL, 10),
('NomenclatureElementImpl', 541, 'ile', NULL, 10),
('NomenclatureElementImpl', 542, 'ada', NULL, 10),
('NomenclatureElementImpl', 543, 'sma', NULL, 10),
('NomenclatureElementImpl', 544, 'twi', NULL, 10),
('NomenclatureElementImpl', 545, 'smi', NULL, 10),
('NomenclatureElementImpl', 546, 'dyu', NULL, 10),
('NomenclatureElementImpl', 547, 'mya', NULL, 10),
('NomenclatureElementImpl', 548, 'cze', NULL, 10),
('NomenclatureElementImpl', 549, 'sme', NULL, 10),
('NomenclatureElementImpl', 550, 'nya', NULL, 10),
('NomenclatureElementImpl', 551, 'por', NULL, 10),
('NomenclatureElementImpl', 552, 'glv', NULL, 10),
('NomenclatureElementImpl', 553, 'swe', NULL, 10),
('NomenclatureElementImpl', 554, 'est', NULL, 10),
('NomenclatureElementImpl', 555, 'pon', NULL, 10),
('NomenclatureElementImpl', 556, 'pol', NULL, 10),
('NomenclatureElementImpl', 557, 'glg', NULL, 10),
('NomenclatureElementImpl', 558, 'aze', NULL, 10),
('NomenclatureElementImpl', 559, 'gle', NULL, 10),
('NomenclatureElementImpl', 560, 'lol', NULL, 10),
('NomenclatureElementImpl', 561, 'isl', NULL, 10),
('NomenclatureElementImpl', 562, 'moh', NULL, 10),
('NomenclatureElementImpl', 563, 'gla', NULL, 10),
('NomenclatureElementImpl', 564, 'mon', NULL, 10),
('NomenclatureElementImpl', 565, 'syc', NULL, 10),
('NomenclatureElementImpl', 566, 'cmc', NULL, 10),
('NomenclatureElementImpl', 567, 'mos', NULL, 10),
('NomenclatureElementImpl', 568, 'ita', NULL, 10),
('NomenclatureElementImpl', 569, 'loz', NULL, 10),
('NomenclatureElementImpl', 570, 'syr', NULL, 10),
('NomenclatureElementImpl', 571, 'mri', NULL, 10),
('NomenclatureElementImpl', 572, 'tsi', NULL, 10),
('NomenclatureElementImpl', 573, 'rup', NULL, 10),
('NomenclatureElementImpl', 574, 'run', NULL, 10),
('NomenclatureElementImpl', 575, 'tsn', NULL, 10),
('NomenclatureElementImpl', 576, 'nwc', NULL, 10),
('NomenclatureElementImpl', 577, 'rum', NULL, 10),
('NomenclatureElementImpl', 578, 'tso', NULL, 10),
('NomenclatureElementImpl', 579, 'eus', NULL, 10),
('NomenclatureElementImpl', 580, 'rus', NULL, 10),
('NomenclatureElementImpl', 581, 'fur', NULL, 10),
('NomenclatureElementImpl', 582, 'msa', NULL, 10),
('NomenclatureElementImpl', 583, 'ewe', NULL, 10),
('NomenclatureElementImpl', 584, 'aym', NULL, 10),
('NomenclatureElementImpl', 585, 'ewo', NULL, 10),
('NomenclatureElementImpl', 586, 'hmn', NULL, 10),
('NomenclatureElementImpl', 587, 'hmo', NULL, 10),
('NomenclatureElementImpl', 588, 'gmh', NULL, 10),
('NomenclatureElementImpl', 589, 'doi', NULL, 10),
('NomenclatureElementImpl', 590, 'tmh', NULL, 10),
('NomenclatureElementImpl', 591, 'nub', NULL, 10),
('NomenclatureElementImpl', 592, 'cor', NULL, 10),
('NomenclatureElementImpl', 593, 'cos', NULL, 10),
('NomenclatureElementImpl', 594, 'cop', NULL, 10),
('NomenclatureElementImpl', 595, 'ssa', NULL, 10),
('NomenclatureElementImpl', 596, 'ipk', NULL, 10),
('NomenclatureElementImpl', 597, 'ssw', NULL, 10),
('NomenclatureElementImpl', 598, 'ltz', NULL, 10),
('NomenclatureElementImpl', 599, 'cpf', NULL, 10),
('NomenclatureElementImpl', 600, 'lub', NULL, 10),
('NomenclatureElementImpl', 601, 'cpe', NULL, 10),
('NomenclatureElementImpl', 602, 'lua', NULL, 10),
('NomenclatureElementImpl', 603, 'lug', NULL, 10),
('NomenclatureElementImpl', 604, 'oto', NULL, 10),
('NomenclatureElementImpl', 605, 'cpp', NULL, 10),
('NomenclatureElementImpl', 606, 'urd', NULL, 10),
('NomenclatureElementImpl', 607, 'ota', NULL, 10),
('NomenclatureElementImpl', 608, 'ful', NULL, 10),
('NomenclatureElementImpl', 609, 'goh', NULL, 10),
('NomenclatureElementImpl', 610, 'dum', NULL, 10),
('NomenclatureElementImpl', 611, 'nso', NULL, 10),
('NomenclatureElementImpl', 612, 'zul', NULL, 10),
('NomenclatureElementImpl', 613, 'zun', NULL, 10),
('NomenclatureElementImpl', 614, 'gon', NULL, 10),
('NomenclatureElementImpl', 615, 'oss', NULL, 10),
('NomenclatureElementImpl', 616, 'gor', NULL, 10),
('NomenclatureElementImpl', 617, 'got', NULL, 10),
('NomenclatureElementImpl', 618, 'epo', NULL, 10),
('NomenclatureElementImpl', 619, 'dua', NULL, 10),
('NomenclatureElementImpl', 620, 'car', NULL, 10),
('NomenclatureElementImpl', 621, 'cat', NULL, 10),
('NomenclatureElementImpl', 622, 'ypk', NULL, 10),
('NomenclatureElementImpl', 623, 'cau', NULL, 10),
('NomenclatureElementImpl', 624, 'tog', NULL, 10),
('NomenclatureElementImpl', 625, 'fra', NULL, 10),
('NomenclatureElementImpl', 626, 'iro', NULL, 10),
('NomenclatureElementImpl', 627, 'pra', NULL, 10),
('NomenclatureElementImpl', 628, 'suk', NULL, 10),
('NomenclatureElementImpl', 629, 'fre', NULL, 10),
('NomenclatureElementImpl', 630, 'hsb', NULL, 10),
('NomenclatureElementImpl', 631, 'sun', NULL, 10),
('NomenclatureElementImpl', 632, 'cre', NULL, 10),
('NomenclatureElementImpl', 633, 'sus', NULL, 10),
('NomenclatureElementImpl', 634, 'cad', NULL, 10),
('NomenclatureElementImpl', 635, 'grn', NULL, 10),
('NomenclatureElementImpl', 636, 'sux', NULL, 10),
('NomenclatureElementImpl', 637, 'hrv', NULL, 10),
('NomenclatureElementImpl', 638, 'zxx', NULL, 10),
('NomenclatureElementImpl', 639, 'dra', NULL, 10),
('NomenclatureElementImpl', 640, 'ton', NULL, 10),
('NomenclatureElementImpl', 641, 'que', NULL, 10),
('NomenclatureElementImpl', 642, 'crh', NULL, 10),
('NomenclatureElementImpl', 643, 'cai', NULL, 10),
('NomenclatureElementImpl', 644, 'grb', NULL, 10),
('NomenclatureElementImpl', 645, 'mus', NULL, 10),
('NomenclatureElementImpl', 646, 'tpi', NULL, 10),
('NomenclatureElementImpl', 647, 'crp', NULL, 10),
('NomenclatureElementImpl', 648, 'yor', NULL, 10),
('NomenclatureElementImpl', 649, 'grc', NULL, 10),
('NomenclatureElementImpl', 650, 'mul', NULL, 10),
('NomenclatureElementImpl', 651, 'gre', NULL, 10),
('NomenclatureElementImpl', 652, 'mun', NULL, 10),
('NomenclatureElementImpl', 653, 'frm', NULL, 10),
('NomenclatureElementImpl', 654, 'nqo', NULL, 10),
('NomenclatureElementImpl', 655, 'fro', NULL, 10),
('NomenclatureElementImpl', 656, 'ira', NULL, 10),
('NomenclatureElementImpl', 657, 'frs', NULL, 10),
('NomenclatureElementImpl', 658, 'frr', NULL, 10),
('NomenclatureElementImpl', 659, 'csb', NULL, 10),
('NomenclatureElementImpl', 660, 'pro', NULL, 10),
('NomenclatureElementImpl', 661, 'dsb', NULL, 10),
('NomenclatureElementImpl', 662, 'jrb', NULL, 10),
('NomenclatureElementImpl', 663, 'swa', NULL, 10),
('NomenclatureElementImpl', 664, 'fry', NULL, 10),
('NomenclatureElementImpl', 665, 'tai', NULL, 10),
('NomenclatureElementImpl', 666, 'sad', NULL, 10),
('NomenclatureElementImpl', 667, 'tig', NULL, 10),
('NomenclatureElementImpl', 668, 'tah', NULL, 10),
('NomenclatureElementImpl', 669, 'tir', NULL, 10),
('NomenclatureElementImpl', 670, 'sag', NULL, 10),
('NomenclatureElementImpl', 671, 'fon', NULL, 10),
('NomenclatureElementImpl', 672, 'sah', NULL, 10),
('NomenclatureElementImpl', 673, 'sai', NULL, 10),
('NomenclatureElementImpl', 674, 'sal', NULL, 10),
('NomenclatureElementImpl', 675, 'sam', NULL, 10),
('NomenclatureElementImpl', 676, 'kbd', NULL, 10),
('NomenclatureElementImpl', 677, 'hye', NULL, 10),
('NomenclatureElementImpl', 678, 'arg', NULL, 10),
('NomenclatureElementImpl', 679, 'umb', NULL, 10),
('NomenclatureElementImpl', 680, 'guj', NULL, 10),
('NomenclatureElementImpl', 681, 'arc', NULL, 10),
('NomenclatureElementImpl', 682, 'ara', NULL, 10),
('NomenclatureElementImpl', 683, 'arp', NULL, 10),
('NomenclatureElementImpl', 684, 'tib', NULL, 10),
('NomenclatureElementImpl', 685, 'kaz', NULL, 10),
('NomenclatureElementImpl', 686, 'dgr', NULL, 10),
('NomenclatureElementImpl', 687, 'arn', NULL, 10),
('NomenclatureElementImpl', 688, 'bra', NULL, 10),
('NomenclatureElementImpl', 689, 'arm', NULL, 10),
('NomenclatureElementImpl', 690, 'kaw', NULL, 10),
('NomenclatureElementImpl', 691, 'zza', NULL, 10),
('NomenclatureElementImpl', 692, 'vie', NULL, 10),
('NomenclatureElementImpl', 693, 'bre', NULL, 10),
('NomenclatureElementImpl', 694, 'kat', NULL, 10),
('NomenclatureElementImpl', 695, 'gsw', NULL, 10),
('NomenclatureElementImpl', 696, 'kau', NULL, 10),
('NomenclatureElementImpl', 697, 'arw', NULL, 10),
('NomenclatureElementImpl', 698, 'kar', NULL, 10),
('NomenclatureElementImpl', 699, 'kas', NULL, 10),
('NomenclatureElementImpl', 700, 'nob', NULL, 10),
('NomenclatureElementImpl', 701, 'nog', NULL, 10),
('NomenclatureElementImpl', 702, 'kan', NULL, 10),
('NomenclatureElementImpl', 703, 'ell', NULL, 10),
('NomenclatureElementImpl', 704, 'art', NULL, 10),
('NomenclatureElementImpl', 705, 'kal', NULL, 10),
('NomenclatureElementImpl', 706, 'kam', NULL, 10),
('NomenclatureElementImpl', 707, 'non', NULL, 10),
('NomenclatureElementImpl', 708, 'mga', NULL, 10),
('NomenclatureElementImpl', 709, 'und', NULL, 10),
('NomenclatureElementImpl', 710, 'elx', NULL, 10),
('NomenclatureElementImpl', 711, 'kac', NULL, 10),
('NomenclatureElementImpl', 712, 'nor', NULL, 10),
('NomenclatureElementImpl', 713, 'san', NULL, 10),
('NomenclatureElementImpl', 714, 'kab', NULL, 10),
('NomenclatureElementImpl', 715, 'kaa', NULL, 10),
('NomenclatureElementImpl', 716, 'sat', NULL, 10),
('NomenclatureElementImpl', 717, 'sas', NULL, 10),
('NomenclatureElementImpl', 718, 'tiv', NULL, 10),
('NomenclatureElementImpl', 719, 'tat', NULL, 10),
('NomenclatureElementImpl', 720, 'asm', NULL, 10),
('NomenclatureElementImpl', 721, 'tam', NULL, 10),
('NomenclatureElementImpl', 722, 'ukr', NULL, 10),
('NomenclatureElementImpl', 723, 'orm', NULL, 10),
('NomenclatureElementImpl', 724, 'pus', NULL, 10),
('NomenclatureElementImpl', 725, 'tkl', NULL, 10),
('NomenclatureElementImpl', 726, 'deu', NULL, 10),
('NomenclatureElementImpl', 727, 'nno', NULL, 10),
('NomenclatureElementImpl', 728, 'ces', NULL, 10),
('NomenclatureElementImpl', 729, 'ori', NULL, 10),
('NomenclatureElementImpl', 730, 'apa', NULL, 10),
('NomenclatureElementImpl', 731, 'gwi', NULL, 10),
('NomenclatureElementImpl', 732, 'osa', NULL, 10),
('NomenclatureElementImpl', 733, 'btk', NULL, 10),
('NomenclatureElementImpl', 734, 'cel', NULL, 10),
('NomenclatureElementImpl', 735, 'del', NULL, 10),
('NomenclatureElementImpl', 736, 'eng', NULL, 10),
('NomenclatureElementImpl', 737, 'den', NULL, 10),
('NomenclatureElementImpl', 738, 'lez', NULL, 10),
('NomenclatureElementImpl', 739, 'ceb', NULL, 10),
('NomenclatureElementImpl', 740, 'min', NULL, 10),
('NomenclatureElementImpl', 741, 'hup', NULL, 10),
('NomenclatureElementImpl', 742, 'tli', NULL, 10),
('NomenclatureElementImpl', 743, 'enm', NULL, 10),
('NomenclatureElementImpl', 744, 'bua', NULL, 10),
('NomenclatureElementImpl', 745, 'tlh', NULL, 10),
('NomenclatureElementImpl', 746, 'hun', NULL, 10),
('NomenclatureElementImpl', 747, 'mis', NULL, 10),
('NomenclatureElementImpl', 748, 'bur', NULL, 10),
('NomenclatureElementImpl', 749, 'bul', NULL, 10),
('NomenclatureElementImpl', 750, 'mic', NULL, 10),
('NomenclatureElementImpl', 751, 'bug', NULL, 10),
('NomenclatureElementImpl', 752, 'wln', NULL, 10),
('NomenclatureElementImpl', 753, 'tem', NULL, 10),
('NomenclatureElementImpl', 754, 'uig', NULL, 10),
('NomenclatureElementImpl', 755, 'ava', NULL, 10),
('NomenclatureElementImpl', 756, 'tel', NULL, 10),
('NomenclatureElementImpl', 757, 'mlt', NULL, 10),
('NomenclatureElementImpl', 758, 'chb', NULL, 10),
('NomenclatureElementImpl', 759, 'cha', NULL, 10),
('NomenclatureElementImpl', 760, 'nld', NULL, 10),
('NomenclatureElementImpl', 761, 'mlg', NULL, 10),
('NomenclatureElementImpl', 762, 'ave', NULL, 10),
('NomenclatureElementImpl', 763, 'egy', NULL, 10),
('NomenclatureElementImpl', 764, 'chv', NULL, 10),
('NomenclatureElementImpl', 765, 'chu', NULL, 10),
('NomenclatureElementImpl', 766, 'awa', NULL, 10),
('NomenclatureElementImpl', 767, 'chy', NULL, 10),
('NomenclatureElementImpl', 768, 'chg', NULL, 10),
('NomenclatureElementImpl', 769, 'che', NULL, 10),
('NomenclatureElementImpl', 770, 'chk', NULL, 10),
('NomenclatureElementImpl', 771, 'mkh', NULL, 10),
('NomenclatureElementImpl', 772, 'chi', NULL, 10),
('NomenclatureElementImpl', 773, 'cho', NULL, 10),
('NomenclatureElementImpl', 774, 'mkd', NULL, 10),
('NomenclatureElementImpl', 775, 'chp', NULL, 10),
('NomenclatureElementImpl', 776, 'chm', NULL, 10),
('NomenclatureElementImpl', 777, 'chn', NULL, 10),
('NomenclatureElementImpl', 778, 'tet', NULL, 10),
('NomenclatureElementImpl', 779, 'ter', NULL, 10),
('NomenclatureElementImpl', 780, 'chr', NULL, 10),
('NomenclatureElementImpl', 781, 'tgk', NULL, 10),
('NomenclatureElementImpl', 782, 'tgl', NULL, 10),
('NomenclatureElementImpl', 783, 'fij', NULL, 10),
('NomenclatureElementImpl', 784, 'fil', NULL, 10),
('NomenclatureElementImpl', 785, 'div', NULL, 10),
('NomenclatureElementImpl', 786, 'ast', NULL, 10),
('NomenclatureElementImpl', 787, 'fin', NULL, 10),
('NomenclatureElementImpl', 788, 'mni', NULL, 10),
('NomenclatureElementImpl', 789, 'din', NULL, 10),
('NomenclatureElementImpl', 790, 'vol', NULL, 10),
('NomenclatureElementImpl', 791, 'fiu', NULL, 10),
('NomenclatureElementImpl', 792, 'mno', NULL, 10),
('NomenclatureElementImpl', 793, 'wol', NULL, 10),
('NomenclatureElementImpl', 794, 'vot', NULL, 10),
('NomenclatureElementImpl', 795, 'uga', NULL, 10),
('NomenclatureElementImpl', 796, 'mnc', NULL, 10),
('NomenclatureElementImpl', 797, 'ath', NULL, 10),
('NomenclatureElementImpl', 798, 'lit', NULL, 10),
('NomenclatureElementImpl', 799, 'lin', NULL, 10),
('NomenclatureElementImpl', 800, 'lim', NULL, 10),
('NomenclatureElementImpl', 801, 'nic', NULL, 10),
('NomenclatureElementImpl', 802, 'nia', NULL, 10),
('NomenclatureElementImpl', 803, 'byn', NULL, 10),
('NomenclatureElementImpl', 804, 'niu', NULL, 10),
('NomenclatureElementImpl', 805, 'eka', NULL, 10),
('NomenclatureElementImpl', 806, 'tha', NULL, 10),
('NomenclatureElementImpl', 807, 'aus', NULL, 10),
('NomenclatureElementImpl', 808, '<!DOCTYPE html>', NULL, 19);

--
-- Dumping data for table `SCOPE`
--
INSERT IGNORE INTO `SCOPE` (`Id_Scope`, `Code`, `Description`, `Label`) VALUES
(1, 'page', 'page', 'Page'),
(2, 'site', 'site', 'Site');

--
-- Dumping data for table `STANDARD_MESSAGE`
--
INSERT IGNORE INTO `STANDARD_MESSAGE` (`Id_Standard_Message`, `Cd_Standard_Message`, `Label`, `Text`) VALUES
(1, 'AttributeMissing', NULL, 'The attribute is missing'),
(2, 'BlackListedValue', NULL, 'The value is blacklisted'),
(3, 'VerifyValue', NULL, 'The value needs verification'),
(4, 'ChildNodeMissing', NULL, 'The child node is missing'),
(5, 'ValueEmpty', NULL, 'The value is empty'),
(6, 'NotMatchExpression', NULL, 'Regular expression not match'),
(7, 'LengthTooLong', NULL, 'Length too long'),
(8, 'AccessKeyNotMatch', NULL, 'AccessKey not match'),
(9, 'BadUnitType', NULL, 'Bad unit type'),
(10, 'InvalidLanguageCode', NULL, 'Invalid language code'),
(11, 'DeprecatedRepresentationTagFound', NULL, 'Deprecated tag found : {0} at line {1}'),
(12, 'DecorativeImageWithNotEmptyAltAttribute', NULL, 'A decorative image with a not empty alt attribute has been found'),
(13, 'NotPertinentAltAttribute', NULL, 'The alt attribute of the tag is not pertinent'),
(14, 'HeaderTagNotHierarchicallyWelldefined', NULL, 'The hierarchy between the title (h tags) of the page is not pertinent'),
(15, 'TitleTagMissing', NULL, 'Title tag is missing'),
(16, 'H1TagMissing', NULL, 'H1 tag is missing'),
(17, 'LinkContentMissing', NULL, 'Link content is missing'),
(18, 'TitleTagNotRelevant', NULL, 'Title tag is not relevant'),
(19, 'DoctypeMissing', NULL, 'The doctype declaration is missing'),
(20, 'WrongDoctypeDeclaration', NULL, 'The doctype declaration is not recommended by the W3C');

--
-- Dumping data for table `TEST`
--
INSERT IGNORE INTO `TEST` (`Id_Test`, `Cd_Test`, `Description`, `Label`, `Rank`, `Weight`, `Rule_Archive_Name`, `Rule_Class_Name`, `Id_Criterion`, `Id_Decision_Level`, `Id_Level`, `Id_Rule`, `Id_Scope`, `Rule_Design_Url`, `No_Process`) VALUES
(1, 'Aw21-01011', 'http://www.braillenet.org/accessibilite/referentiel-aw21/liste-deploye.php#images', '1.1.1', 2010101, '1.0', 'accessiweb2.1', 'org.opens.tanaguru.rules.accessiweb21.Aw21Rule01011', 1, NULL, 1, NULL, 1, 'http://www.tanaguru.org/en/content/aw21-rule-1-1-1', b'0'),
(2, 'Aw21-01012', 'http://www.braillenet.org/accessibilite/referentiel-aw21/liste-deploye.php#images', '1.1.2', 2010102, '1.0', 'accessiweb2.1', 'org.opens.tanaguru.rules.accessiweb21.Aw21Rule01012', 1, NULL, 1, NULL, 1, 'http://www.tanaguru.org/en/content/aw21-rule-1-1-2', b'0'),
(3, 'Aw21-01013', 'http://www.braillenet.org/accessibilite/referentiel-aw21/liste-deploye.php#images', '1.1.3', 2010103, '1.0', 'accessiweb2.1', 'org.opens.tanaguru.rules.accessiweb21.Aw21Rule01013', 1, NULL, 1, NULL, 1, 'http://www.tanaguru.org/en/content/aw21-rule-1-1-3', b'0'),
(4, 'Aw21-01021', 'http://www.braillenet.org/accessibilite/referentiel-aw21/liste-deploye.php#images', '1.2.1', 2010201, '1.0', 'accessiweb2.1', 'org.opens.tanaguru.rules.accessiweb21.Aw21Rule01021', 2, NULL, 1, NULL, 1, 'http://www.tanaguru.org/en/content/aw21-rule-1-2-1', b'0'),
(5, 'Aw21-01031', 'http://www.braillenet.org/accessibilite/referentiel-aw21/liste-deploye.php#images', '1.3.1', 2010301, '1.0', 'accessiweb2.1', 'org.opens.tanaguru.rules.accessiweb21.Aw21Rule01031', 3, NULL, 1, NULL, 1, 'http://www.tanaguru.org/en/content/aw21-rule-1-3-1', b'0'),
(6, 'Aw21-02011', 'http://www.braillenet.org/accessibilite/referentiel-aw21/liste-deploye.php#cadres', '2.1.1', 2020101, '1.0', 'accessiweb2.1', 'org.opens.tanaguru.rules.accessiweb21.Aw21Rule02011', 10, NULL, 1, NULL, 1, 'http://www.tanaguru.org/en/content/aw21-rule-2-1-1', b'0'),
(7, 'Aw21-02012', 'http://www.braillenet.org/accessibilite/referentiel-aw21/liste-deploye.php#cadres', '2.1.2', 2020102, '1.0', 'accessiweb2.1', 'org.opens.tanaguru.rules.accessiweb21.Aw21Rule02012', 10, NULL, 1, NULL, 1, 'http://www.tanaguru.org/en/content/aw21-rule-2-1-2', b'0'),
(8, 'Aw21-06011', 'http://www.braillenet.org/accessibilite/referentiel-aw21/liste-deploye.php#liens', '6.1.1', 2060101, '1.0', 'accessiweb2.1', 'org.opens.tanaguru.rules.accessiweb21.Aw21Rule06011', 46, NULL, 1, NULL, 1, 'http://www.tanaguru.org/en/content/aw21-rule-6-1-1', b'0'),
(9, 'Aw21-06012', 'http://www.braillenet.org/accessibilite/referentiel-aw21/liste-deploye.php#liens', '6.1.2', 2060102, '1.0', 'accessiweb2.1', 'org.opens.tanaguru.rules.accessiweb21.Aw21Rule06012', 46, NULL, 1, NULL, 1, 'http://www.tanaguru.org/en/content/aw21-rule-6-1-2', b'0'),
(10, 'Aw21-06013', 'http://www.braillenet.org/accessibilite/referentiel-aw21/liste-deploye.php#liens', '6.1.3', 2060103, '1.0', 'accessiweb2.1', 'org.opens.tanaguru.rules.accessiweb21.Aw21Rule06013', 46, NULL, 1, NULL, 1, 'http://www.tanaguru.org/en/content/aw21-rule-6-1-3', b'0'),
(11, 'Aw21-06021', 'http://www.braillenet.org/accessibilite/referentiel-aw21/liste-deploye.php#liens', '6.2.1', 2060201, '1.0', 'accessiweb2.1', 'org.opens.tanaguru.rules.accessiweb21.Aw21Rule06021', 47, NULL, 1, NULL, 1, 'http://www.tanaguru.org/en/content/aw21-rule-6-2-1', b'0'),
(12, 'Aw21-06022', 'http://www.braillenet.org/accessibilite/referentiel-aw21/liste-deploye.php#liens', '6.2.2', 2060202, '1.0', 'accessiweb2.1', 'org.opens.tanaguru.rules.accessiweb21.Aw21Rule06022', 47, NULL, 1, NULL, 1, 'http://www.tanaguru.org/en/content/aw21-rule-6-2-2', b'0'),
(13, 'Aw21-06023', 'http://www.braillenet.org/accessibilite/referentiel-aw21/liste-deploye.php#liens', '6.2.3', 2060203, '1.0', 'accessiweb2.1', 'org.opens.tanaguru.rules.accessiweb21.Aw21Rule06023', 47, NULL, 1, NULL, 1, 'http://www.tanaguru.org/en/content/aw21-rule-6-2-3', b'0'),
(14, 'Aw21-06024', 'http://www.braillenet.org/accessibilite/referentiel-aw21/liste-deploye.php#liens', '6.2.4', 2060204, '1.0', 'accessiweb2.1', 'org.opens.tanaguru.rules.accessiweb21.Aw21Rule06024', 47, NULL, 1, NULL, 1, 'http://www.tanaguru.org/en/content/aw21-rule-6-2-4', b'0'),
(15, 'Aw21-06031', 'http://www.braillenet.org/accessibilite/referentiel-aw21/liste-deploye.php#liens', '6.3.1', 2060301, '1.0', 'accessiweb2.1', 'org.opens.tanaguru.rules.accessiweb21.Aw21Rule06031', 48, NULL, 3, NULL, 1, 'http://www.tanaguru.org/en/content/aw21-rule-6-3-1', b'0'),
(16, 'Aw21-06032', 'http://www.braillenet.org/accessibilite/referentiel-aw21/liste-deploye.php#liens', '6.3.2', 2060302, '1.0', 'accessiweb2.1', 'org.opens.tanaguru.rules.accessiweb21.Aw21Rule06032', 48, NULL, 3, NULL, 1, 'http://www.tanaguru.org/en/content/aw21-rule-6-3-2', b'0'),
(17, 'Aw21-06033', 'http://www.braillenet.org/accessibilite/referentiel-aw21/liste-deploye.php#liens', '6.3.3', 2060303, '1.0', 'accessiweb2.1', 'org.opens.tanaguru.rules.accessiweb21.Aw21Rule06033', 48, NULL, 3, NULL, 1, 'http://www.tanaguru.org/en/content/aw21-rule-6-3-3', b'0'),
(18, 'Aw21-06041', 'http://www.braillenet.org/accessibilite/referentiel-aw21/liste-deploye.php#liens', '6.4.1', 2060401, '1.0', 'accessiweb2.1', 'org.opens.tanaguru.rules.accessiweb21.Aw21Rule06041', 49, NULL, 1, NULL, 1, 'http://www.tanaguru.org/en/content/aw21-rule-6-4-1', b'0'),
(19, 'Aw21-06042', 'http://www.braillenet.org/accessibilite/referentiel-aw21/liste-deploye.php#liens', '6.4.2', 2060403, '1.0', 'accessiweb2.1', 'org.opens.tanaguru.rules.accessiweb21.Aw21Rule06042', 49, NULL, 1, NULL, 1, 'http://www.tanaguru.org/en/content/aw21-rule-6-4-2', b'0'),
(20, 'Aw21-06043', 'http://www.braillenet.org/accessibilite/referentiel-aw21/liste-deploye.php#liens', '6.4.3', 2060403, '1.0', 'accessiweb2.1', 'org.opens.tanaguru.rules.accessiweb21.Aw21Rule06043', 49, NULL, 1, NULL, 1, 'http://www.tanaguru.org/en/content/aw21-rule-6-4-3', b'0'),
(21, 'Aw21-06061', 'http://www.braillenet.org/accessibilite/referentiel-aw21/liste-deploye.php#liens', '6.6.1', 2060601, '1.0', 'accessiweb2.1', 'org.opens.tanaguru.rules.accessiweb21.Aw21Rule06061', 51, NULL, 1, NULL, 1, 'http://www.tanaguru.org/en/content/aw21-rule-6-6-1', b'0'),
(22, 'Aw21-08011', 'http://www.braillenet.org/accessibilite/referentiel-aw21/liste-deploye.php#presentation', '8.1.1', 2080101, '1.0', 'accessiweb2.1', 'org.opens.tanaguru.rules.accessiweb21.Aw21Rule08011', 58, NULL, 1, NULL, 1, 'http://www.tanaguru.org/en/content/aw21-rule-8-1-1', b'0'),
(23, 'Aw21-08012', 'http://www.braillenet.org/accessibilite/referentiel-aw21/liste-deploye.php#presentation', '8.1.2', 2080102, '1.0', 'accessiweb2.1', 'org.opens.tanaguru.rules.accessiweb21.Aw21Rule08012', 58, NULL, 1, NULL, 1, 'http://www.tanaguru.org/en/content/aw21-rule-8-1-2', b'0'),
(24, 'Aw21-08051', 'http://www.braillenet.org/accessibilite/referentiel-aw21/liste-deploye.php#elements', '8.5.1', 2080501, '1.0', 'accessiweb2.1', 'org.opens.tanaguru.rules.accessiweb21.Aw21Rule08051', 62, NULL, 1, NULL, 1, 'http://www.tanaguru.org/en/content/aw21-rule-8-5-1', b'0'),
(25, 'Aw21-08061', 'http://www.braillenet.org/accessibilite/referentiel-aw21/liste-deploye.php#elements', '8.6.1', 2080601, '1.0', 'accessiweb2.1', 'org.opens.tanaguru.rules.accessiweb21.Aw21Rule08061', 63, NULL, 1, NULL, 1, 'http://www.tanaguru.org/en/content/aw21-rule-8-6-1', b'0'),
(26, 'Aw21-09011', 'http://www.braillenet.org/accessibilite/referentiel-aw21/liste-deploye.php#structure', '9.1.1', 2090101, '1.0', 'accessiweb2.1', 'org.opens.tanaguru.rules.accessiweb21.Aw21Rule09011', 68, NULL, 1, NULL, 1, 'http://www.tanaguru.org/en/content/aw21-rule-9-1-1', b'0'),
(27, 'Aw21-09012', 'http://www.braillenet.org/accessibilite/referentiel-aw21/liste-deploye.php#structure', '9.1.2', 2090102, '1.0', 'accessiweb2.1', 'org.opens.tanaguru.rules.accessiweb21.Aw21Rule09012', 68, NULL, 1, NULL, 1, 'http://www.tanaguru.org/en/content/aw21-rule-9-1-2', b'0'),
(28, 'Aw21-09021', 'http://www.braillenet.org/accessibilite/referentiel-aw21/liste-deploye.php#structure', '9.2.1', 2090201, '1.0', 'accessiweb2.1', 'org.opens.tanaguru.rules.accessiweb21.Aw21Rule09021', 69, NULL, 1, NULL, 1, 'http://www.tanaguru.org/en/content/aw21-rule-9-2-1', b'0'),
(29, 'Aw21-09022', 'http://www.braillenet.org/accessibilite/referentiel-aw21/liste-deploye.php#structure', '9.2.2', 2090202, '1.0', 'accessiweb2.1', 'org.opens.tanaguru.rules.accessiweb21.Aw21Rule09022', 69, NULL, 1, NULL, 1, 'http://www.tanaguru.org/en/content/aw21-rule-9-2-2', b'0'),
(30, 'Aw21-10011', 'http://www.braillenet.org/accessibilite/referentiel-aw21/liste-deploye.php#presentation', '10.1.1', 2100101, '1.0', 'accessiweb2.1', 'org.opens.tanaguru.rules.accessiweb21.Aw21Rule10011', 73, NULL, 1, NULL, 1, 'http://www.tanaguru.org/en/content/aw21-rule-10-1-1', b'0'),
(31, 'Aw21-10012', 'http://www.braillenet.org/accessibilite/referentiel-aw21/liste-deploye.php#presentation', '10.1.2', 2100102, '1.0', 'accessiweb2.1', 'org.opens.tanaguru.rules.accessiweb21.Aw21Rule10012', 73, NULL, 1, NULL, 1, 'http://www.tanaguru.org/en/content/aw21-rule-10-1-2', b'0'),
(32, 'Aw21-10041', 'http://www.braillenet.org/accessibilite/referentiel-aw21/liste-deploye.php#presentation', '10.4.1', 2100401, '1.0', 'accessiweb2.1', 'org.opens.tanaguru.rules.accessiweb21.Aw21Rule10041', 76, NULL, 2, NULL, 1, 'http://www.tanaguru.org/en/content/aw21-rule-10-4-1', b'0'),
(33, 'Aw21-11011', 'http://www.braillenet.org/accessibilite/referentiel-aw21/liste-deploye.php#formulaire', '11.1.1', 2110101, '1.0', 'accessiweb2.1', 'org.opens.tanaguru.rules.accessiweb21.Aw21Rule11011', 88, NULL, 1, NULL, 1, 'http://www.tanaguru.org/en/content/aw21-rule-11-1-1', b'0'),
(34, 'Aw21-11012', 'http://www.braillenet.org/accessibilite/referentiel-aw21/liste-deploye.php#formulaire', '11.1.2', 2110102, '1.0', 'accessiweb2.1', 'org.opens.tanaguru.rules.accessiweb21.Aw21Rule11012', 88, NULL, 1, NULL, 1, 'http://www.tanaguru.org/en/content/aw21-rule-11-1-2', b'0'),
(35, 'Aw21-11061', 'http://www.braillenet.org/accessibilite/referentiel-aw21/liste-deploye.php#formulaire', '11.6.1', 2110601, '1.0', 'accessiweb2.1', 'org.opens.tanaguru.rules.accessiweb21.Aw21Rule11061', 93, NULL, 1, NULL, 1, 'http://www.tanaguru.org/en/content/aw21-rule-11-6-1', b'0'),
(36, 'Aw21-11082', 'http://www.braillenet.org/accessibilite/referentiel-aw21/liste-deploye.php#formulaire', '11.8.2', 2110802, '1.0', 'accessiweb2.1', 'org.opens.tanaguru.rules.accessiweb21.Aw21Rule11082', 95, NULL, 1, NULL, 1, 'http://www.tanaguru.org/en/content/aw21-rule-11-8-2', b'0'),
(37, 'Aw21-07051', 'http://www.braillenet.org/accessibilite/referentiel-aw21/liste-deploye.php#script', '7.5.1', 2070501, '1.0', 'accessiweb2.1', 'org.opens.tanaguru.rules.accessiweb21.Aw21Rule07051', 56, NULL, 1, NULL, 1, 'http://www.tanaguru.org/en/content/aw21-rule-7-5-1', b'0'),
(38, 'Aw21-08031', 'http://www.braillenet.org/accessibilite/referentiel-aw21/liste-deploye.php#presentation', '8.3.1', 2080301, '1.0', 'accessiweb2.1', 'org.opens.tanaguru.rules.accessiweb21.Aw21Rule08031', 60, NULL, 1, NULL, 1, 'http://www.tanaguru.org/en/content/aw21-rule-8-3-1', b'0'),
(39, 'Aw21-08041', 'http://www.braillenet.org/accessibilite/referentiel-aw21/liste-deploye.php#presentation', '8.4.1', 2080401, '1.0', 'accessiweb2.1', 'org.opens.tanaguru.rules.accessiweb21.Aw21Rule08041', 61, NULL, 1, NULL, 1, 'http://www.tanaguru.org/en/content/aw21-rule-8-4-1', b'0'),
(40, 'Aw21-05011', 'http://www.braillenet.org/accessibilite/referentiel-aw21/liste-deploye.php#tableaux', '5.1.1', 2050101, '1.0', 'accessiweb2.1', 'org.opens.tanaguru.rules.accessiweb21.Aw21Rule05011', 38, NULL, 1, NULL, 1, 'http://www.tanaguru.org/en/content/aw21-rule-5-1-1', b'0'),
(41, 'Aw21-05041', 'http://www.braillenet.org/accessibilite/referentiel-aw21/liste-deploye.php#tableaux', '5.4.1', 2050401, '1.0', 'accessiweb2.1', 'org.opens.tanaguru.rules.accessiweb21.Aw21Rule05041', 41, NULL, 1, NULL, 1, 'http://www.tanaguru.org/en/content/aw21-rule-5-4-1', b'0'),
(42, 'Aw21-11013', 'http://www.braillenet.org/accessibilite/referentiel-aw21/liste-deploye.php#formulaire', '11.1.3', 2110103, '1.0', 'accessiweb2.1', 'org.opens.tanaguru.rules.accessiweb21.Aw21Rule11013', 88, NULL, 1, NULL, 1, 'http://www.tanaguru.org/en/content/aw21-rule-11-1-3', b'0'),
(43, 'Aw21-01014', 'http://www.braillenet.org/accessibilite/referentiel-aw21/liste-deploye.php#images', '1.1.4', 2010104, '1.0', 'accessiweb2.1', 'org.opens.tanaguru.rules.accessiweb21.Aw21Rule01014', 1, NULL, 1, NULL, 1, 'http://www.tanaguru.org/en/content/aw21-rule-1-1-4', b'0'),
(44, 'Aw21-01022', 'http://www.braillenet.org/accessibilite/referentiel-aw21/liste-deploye.php#images', '1.2.2', 2010202, '1.0', 'accessiweb2.1', 'org.opens.tanaguru.rules.accessiweb21.Aw21Rule01022', 2, NULL, 1, NULL, 1, 'http://www.tanaguru.org/en/content/aw21-rule-1-2-2', b'0'),
(45, 'Aw21-01023', 'http://www.braillenet.org/accessibilite/referentiel-aw21/liste-deploye.php#images', '1.2.3', 2010203, '1.0', 'accessiweb2.1', 'org.opens.tanaguru.rules.accessiweb21.Aw21Rule01023', 2, NULL, 1, NULL, 1, 'http://www.tanaguru.org/en/content/aw21-rule-1-2-3', b'0'),
(46, 'Aw21-01024', 'http://www.braillenet.org/accessibilite/referentiel-aw21/liste-deploye.php#images', '1.2.4', 2010204, '1.0', 'accessiweb2.1', 'org.opens.tanaguru.rules.accessiweb21.Aw21Rule01024', 2, NULL, 1, NULL, 1, 'http://www.tanaguru.org/en/content/aw21-rule-1-2-4', b'0'),
(47, 'Aw21-01025', 'http://www.braillenet.org/accessibilite/referentiel-aw21/liste-deploye.php#images', '1.2.5', 2010205, '1.0', 'accessiweb2.1', 'org.opens.tanaguru.rules.accessiweb21.Aw21Rule01025', 2, NULL, 1, NULL, 1, 'http://www.tanaguru.org/en/content/aw21-rule-1-2-5', b'0'),
(48, 'Aw21-01032', 'http://www.braillenet.org/accessibilite/referentiel-aw21/liste-deploye.php#images', '1.3.2', 2010302, '1.0', 'accessiweb2.1', 'org.opens.tanaguru.rules.accessiweb21.Aw21Rule01032', 3, NULL, 1, NULL, 1, 'http://www.tanaguru.org/en/content/aw21-rule-1-3-2', b'0'),
(49, 'Aw21-01033', 'http://www.braillenet.org/accessibilite/referentiel-aw21/liste-deploye.php#images', '1.3.3', 2010303, '1.0', 'accessiweb2.1', 'org.opens.tanaguru.rules.accessiweb21.Aw21Rule01033', 3, NULL, 1, NULL, 1, 'http://www.tanaguru.org/en/content/aw21-rule-1-3-3', b'0'),
(50, 'Aw21-01034', 'http://www.braillenet.org/accessibilite/referentiel-aw21/liste-deploye.php#images', '1.3.4', 2010304, '1.0', 'accessiweb2.1', 'org.opens.tanaguru.rules.accessiweb21.Aw21Rule01034', 3, NULL, 1, NULL, 1, 'http://www.tanaguru.org/en/content/aw21-rule-1-3-4', b'0'),
(51, 'Aw21-01035', 'http://www.braillenet.org/accessibilite/referentiel-aw21/liste-deploye.php#images', '1.3.5', 2010305, '1.0', 'accessiweb2.1', 'org.opens.tanaguru.rules.accessiweb21.Aw21Rule01035', 3, NULL, 1, NULL, 1, 'http://www.tanaguru.org/en/content/aw21-rule-1-3-5', b'0'),
(52, 'Aw21-01036', 'http://www.braillenet.org/accessibilite/referentiel-aw21/liste-deploye.php#images', '1.3.6', 2010306, '1.0', 'accessiweb2.1', 'org.opens.tanaguru.rules.accessiweb21.Aw21Rule01036', 3, NULL, 1, NULL, 1, 'http://www.tanaguru.org/en/content/aw21-rule-1-3-6', b'0'),
(53, 'Aw21-01041', 'http://www.braillenet.org/accessibilite/referentiel-aw21/liste-deploye.php#images', '1.4.1', 2010401, '1.0', 'accessiweb2.1', 'org.opens.tanaguru.rules.accessiweb21.Aw21Rule01041', 4, NULL, 1, NULL, 1, 'http://www.tanaguru.org/en/content/aw21-rule-1-4-1', b'0'),
(54, 'Aw21-01042', 'http://www.braillenet.org/accessibilite/referentiel-aw21/liste-deploye.php#images', '1.4.2', 2010402, '1.0', 'accessiweb2.1', 'org.opens.tanaguru.rules.accessiweb21.Aw21Rule01042', 4, NULL, 1, NULL, 1, 'http://www.tanaguru.org/en/content/aw21-rule-1-4-2', b'0'),
(55, 'Aw21-01043', 'http://www.braillenet.org/accessibilite/referentiel-aw21/liste-deploye.php#images', '1.4.3', 2010403, '1.0', 'accessiweb2.1', 'org.opens.tanaguru.rules.accessiweb21.Aw21Rule01043', 4, NULL, 1, NULL, 1, 'http://www.tanaguru.org/en/content/aw21-rule-1-4-3', b'0'),
(56, 'Aw21-01044', 'http://www.braillenet.org/accessibilite/referentiel-aw21/liste-deploye.php#images', '1.4.4', 2010404, '1.0', 'accessiweb2.1', 'org.opens.tanaguru.rules.accessiweb21.Aw21Rule01044', 4, NULL, 1, NULL, 1, 'http://www.tanaguru.org/en/content/aw21-rule-1-4-4', b'0'),
(57, 'Aw21-01045', 'http://www.braillenet.org/accessibilite/referentiel-aw21/liste-deploye.php#images', '1.4.5', 2010405, '1.0', 'accessiweb2.1', 'org.opens.tanaguru.rules.accessiweb21.Aw21Rule01045', 4, NULL, 1, NULL, 1, 'http://www.tanaguru.org/en/content/aw21-rule-1-4-5', b'0'),
(58, 'Aw21-01046', 'http://www.braillenet.org/accessibilite/referentiel-aw21/liste-deploye.php#images', '1.4.6', 2010406, '1.0', 'accessiweb2.1', 'org.opens.tanaguru.rules.accessiweb21.Aw21Rule01046', 4, NULL, 1, NULL, 1, 'http://www.tanaguru.org/en/content/aw21-rule-1-4-6', b'0'),
(59, 'Aw21-01061', 'http://www.braillenet.org/accessibilite/referentiel-aw21/liste-deploye.php#images', '1.6.1', 2010601, '1.0', 'accessiweb2.1', 'org.opens.tanaguru.rules.accessiweb21.Aw21Rule01061', 6, NULL, 1, NULL, 1, 'http://www.tanaguru.org/en/content/aw21-rule-1-6-1', b'0'),
(60, 'Aw21-01062', 'http://www.braillenet.org/accessibilite/referentiel-aw21/liste-deploye.php#images', '1.6.2', 2010602, '1.0', 'accessiweb2.1', 'org.opens.tanaguru.rules.accessiweb21.Aw21Rule01062', 6, NULL, 1, NULL, 1, 'http://www.tanaguru.org/en/content/aw21-rule-1-6-2', b'0'),
(61, 'Aw21-01063', 'http://www.braillenet.org/accessibilite/referentiel-aw21/liste-deploye.php#images', '1.6.3', 2010603, '1.0', 'accessiweb2.1', 'org.opens.tanaguru.rules.accessiweb21.Aw21Rule01063', 6, NULL, 1, NULL, 1, 'http://www.tanaguru.org/en/content/aw21-rule-1-6-3', b'0'),
(62, 'Aw21-01064', 'http://www.braillenet.org/accessibilite/referentiel-aw21/liste-deploye.php#images', '1.6.4', 2010604, '1.0', 'accessiweb2.1', 'org.opens.tanaguru.rules.accessiweb21.Aw21Rule01064', 6, NULL, 1, NULL, 1, 'http://www.tanaguru.org/en/content/aw21-rule-1-6-4', b'0'),
(63, 'Aw21-01065', 'http://www.braillenet.org/accessibilite/referentiel-aw21/liste-deploye.php#images', '1.6.5', 2010605, '1.0', 'accessiweb2.1', 'org.opens.tanaguru.rules.accessiweb21.Aw21Rule01065', 6, NULL, 1, NULL, 1, 'http://www.tanaguru.org/en/content/aw21-rule-1-6-5', b'0'),
(64, 'Aw21-01071', 'http://www.braillenet.org/accessibilite/referentiel-aw21/liste-deploye.php#images', '1.7.1', 2010701, '1.0', 'accessiweb2.1', 'org.opens.tanaguru.rules.accessiweb21.Aw21Rule01071', 7, NULL, 1, NULL, 1, 'http://www.tanaguru.org/en/content/aw21-rule-1-7-1', b'0'),
(65, 'Aw21-01072', 'http://www.braillenet.org/accessibilite/referentiel-aw21/liste-deploye.php#images', '1.7.2', 2010702, '1.0', 'accessiweb2.1', 'org.opens.tanaguru.rules.accessiweb21.Aw21Rule01072', 7, NULL, 1, NULL, 1, 'http://www.tanaguru.org/en/content/aw21-rule-1-7-2', b'0'),
(66, 'Aw21-01073', 'http://www.braillenet.org/accessibilite/referentiel-aw21/liste-deploye.php#images', '1.7.3', 2010703, '1.0', 'accessiweb2.1', 'org.opens.tanaguru.rules.accessiweb21.Aw21Rule01073', 7, NULL, 1, NULL, 1, 'http://www.tanaguru.org/en/content/aw21-rule-1-7-3', b'0'),
(67, 'Aw21-01074', 'http://www.braillenet.org/accessibilite/referentiel-aw21/liste-deploye.php#images', '1.7.4', 2010704, '1.0', 'accessiweb2.1', 'org.opens.tanaguru.rules.accessiweb21.Aw21Rule01074', 7, NULL, 1, NULL, 1, 'http://www.tanaguru.org/en/content/aw21-rule-1-7-4', b'0'),
(68, 'Aw21-01091', 'http://www.braillenet.org/accessibilite/referentiel-aw21/liste-deploye.php#images', '1.9.1', 2010901, '1.0', 'accessiweb2.1', 'org.opens.tanaguru.rules.accessiweb21.Aw21Rule01091', 9, NULL, 3, NULL, 1, 'http://www.tanaguru.org/en/content/aw21-rule-1-9-1', b'0'),
(69, 'Aw21-01092', 'http://www.braillenet.org/accessibilite/referentiel-aw21/liste-deploye.php#images', '1.9.2', 2010902, '1.0', 'accessiweb2.1', 'org.opens.tanaguru.rules.accessiweb21.Aw21Rule01092', 9, NULL, 3, NULL, 1, 'http://www.tanaguru.org/en/content/aw21-rule-1-9-2', b'0'),
(70, 'Aw21-01093', 'http://www.braillenet.org/accessibilite/referentiel-aw21/liste-deploye.php#images', '1.9.3', 2010903, '1.0', 'accessiweb2.1', 'org.opens.tanaguru.rules.accessiweb21.Aw21Rule01093', 9, NULL, 3, NULL, 1, 'http://www.tanaguru.org/en/content/aw21-rule-1-9-3', b'0'),
(71, 'Aw21-01094', 'http://www.braillenet.org/accessibilite/referentiel-aw21/liste-deploye.php#images', '1.9.4', 2010904, '1.0', 'accessiweb2.1', 'org.opens.tanaguru.rules.accessiweb21.Aw21Rule01094', 9, NULL, 3, NULL, 1, 'http://www.tanaguru.org/en/content/aw21-rule-1-9-4', b'0'),
(72, 'Aw21-01095', 'http://www.braillenet.org/accessibilite/referentiel-aw21/liste-deploye.php#images', '1.9.5', 2010905, '1.0', 'accessiweb2.1', 'org.opens.tanaguru.rules.accessiweb21.Aw21Rule01095', 9, NULL, 3, NULL, 1, 'http://www.tanaguru.org/en/content/aw21-rule-1-9-5', b'0'),
(73, 'Aw21-01096', 'http://www.braillenet.org/accessibilite/referentiel-aw21/liste-deploye.php#images', '1.9.6', 2010906, '1.0', 'accessiweb2.1', 'org.opens.tanaguru.rules.accessiweb21.Aw21Rule01096', 9, NULL, 3, NULL, 1, 'http://www.tanaguru.org/en/content/aw21-rule-1-9-6', b'0'),
(74, 'Aw21-02021', 'http://www.braillenet.org/accessibilite/referentiel-aw21/liste-deploye.php#cadres', '2.2.1', 2020201, '1.0', 'accessiweb2.1', 'org.opens.tanaguru.rules.accessiweb21.Aw21Rule02021', 11, NULL, 1, NULL, 1, 'http://www.tanaguru.org/en/content/aw21-rule-2-2-1', b'0'),
(75, 'Aw21-02022', 'http://www.braillenet.org/accessibilite/referentiel-aw21/liste-deploye.php#cadres', '2.2.2', 2020202, '1.0', 'accessiweb2.1', 'org.opens.tanaguru.rules.accessiweb21.Aw21Rule02022', 11, NULL, 1, NULL, 1, 'http://www.tanaguru.org/en/content/aw21-rule-2-2-2', b'0'),
(76, 'Aw21-01037', 'http://www.braillenet.org/accessibilite/referentiel-aw21/liste-deploye.php#images', '1.3.7', 2010307, '1.0', 'accessiweb2.1', 'org.opens.tanaguru.rules.accessiweb21.Aw21Rule01037', 3, NULL, 1, NULL, 1, 'http://www.tanaguru.org/en/content/aw21-rule-1-3-7', b'1'),
(77, 'Aw21-01051', 'http://www.braillenet.org/accessibilite/referentiel-aw21/liste-deploye.php#images', '1.5.1', 2010501, '1.0', 'accessiweb2.1', 'org.opens.tanaguru.rules.accessiweb21.Aw21Rule01052', 5, NULL, 1, NULL, 1, 'http://www.tanaguru.org/en/content/aw21-rule-1-5-1', b'1'),
(78, 'Aw21-01052', 'http://www.braillenet.org/accessibilite/referentiel-aw21/liste-deploye.php#images', '1.5.2', 2010502, '1.0', 'accessiweb2.1', 'org.opens.tanaguru.rules.accessiweb21.Aw21Rule01081', 5, NULL, 1, NULL, 1, 'http://www.tanaguru.org/en/content/aw21-rule-1-5-2', b'1'),
(79, 'Aw21-01081', 'http://www.braillenet.org/accessibilite/referentiel-aw21/liste-deploye.php#images', '1.8.1', 2010801, '1.0', 'accessiweb2.1', 'org.opens.tanaguru.rules.accessiweb21.Aw21Rule01081', 8, NULL, 2, NULL, 1, 'http://www.tanaguru.org/en/content/aw21-rule-1-8-1', b'1'),
(80, 'Aw21-01082', 'http://www.braillenet.org/accessibilite/referentiel-aw21/liste-deploye.php#images', '1.8.2', 2010802, '1.0', 'accessiweb2.1', 'org.opens.tanaguru.rules.accessiweb21.Aw21Rule01082', 8, NULL, 2, NULL, 1, 'http://www.tanaguru.org/en/content/aw21-rule-1-8-2', b'1'),
(81, 'Aw21-01083', 'http://www.braillenet.org/accessibilite/referentiel-aw21/liste-deploye.php#images', '1.8.3', 2010803, '1.0', 'accessiweb2.1', 'org.opens.tanaguru.rules.accessiweb21.Aw21Rule01083', 8, NULL, 2, NULL, 1, 'http://www.tanaguru.org/en/content/aw21-rule-1-8-3', b'1'),
(82, 'Aw21-01084', 'http://www.braillenet.org/accessibilite/referentiel-aw21/liste-deploye.php#images', '1.8.4', 2010804, '1.0', 'accessiweb2.1', 'org.opens.tanaguru.rules.accessiweb21.Aw21Rule01084', 8, NULL, 2, NULL, 1, 'http://www.tanaguru.org/en/content/aw21-rule-1-8-4', b'1'),
(83, 'Aw21-01085', 'http://www.braillenet.org/accessibilite/referentiel-aw21/liste-deploye.php#images', '1.8.5', 2010805, '1.0', 'accessiweb2.1', 'org.opens.tanaguru.rules.accessiweb21.Aw21Rule01085', 8, NULL, 2, NULL, 1, 'http://www.tanaguru.org/en/content/aw21-rule-1-8-5', b'1'),
(84, 'Aw21-01086', 'http://www.braillenet.org/accessibilite/referentiel-aw21/liste-deploye.php#images', '1.8.6', 2010806, '1.0', 'accessiweb2.1', 'org.opens.tanaguru.rules.accessiweb21.Aw21Rule01086', 8, NULL, 2, NULL, 1, 'http://www.tanaguru.org/en/content/aw21-rule-1-8-6', b'1'),
(85, 'Aw21-03011', 'http://www.braillenet.org/accessibilite/referentiel-aw21/liste-deploye.php#couleurs', '3.1.1', 2030101, '1.0', 'accessiweb2.1', 'org.opens.tanaguru.rules.accessiweb21.Aw21Rule03011', 12, NULL, 1, NULL, 1, 'http://www.tanaguru.org/en/content/aw21-rule-3-1-1', b'1'),
(86, 'Aw21-03012', 'http://www.braillenet.org/accessibilite/referentiel-aw21/liste-deploye.php#couleurs', '3.1.2', 2030102, '1.0', 'accessiweb2.1', 'org.opens.tanaguru.rules.accessiweb21.Aw21Rule03012', 12, NULL, 1, NULL, 1, 'http://www.tanaguru.org/en/content/aw21-rule-3-1-2', b'1'),
(87, 'Aw21-03013', 'http://www.braillenet.org/accessibilite/referentiel-aw21/liste-deploye.php#couleurs', '3.1.3', 2030103, '1.0', 'accessiweb2.1', 'org.opens.tanaguru.rules.accessiweb21.Aw21Rule03013', 12, NULL, 1, NULL, 1, 'http://www.tanaguru.org/en/content/aw21-rule-3-1-3', b'1'),
(88, 'Aw21-03014', 'http://www.braillenet.org/accessibilite/referentiel-aw21/liste-deploye.php#couleurs', '3.1.4', 2030104, '1.0', 'accessiweb2.1', 'org.opens.tanaguru.rules.accessiweb21.Aw21Rule03014', 12, NULL, 1, NULL, 1, 'http://www.tanaguru.org/en/content/aw21-rule-3-1-4', b'1'),
(89, 'Aw21-03015', 'http://www.braillenet.org/accessibilite/referentiel-aw21/liste-deploye.php#couleurs', '3.1.5', 2030105, '1.0', 'accessiweb2.1', 'org.opens.tanaguru.rules.accessiweb21.Aw21Rule03015', 12, NULL, 1, NULL, 1, 'http://www.tanaguru.org/en/content/aw21-rule-3-1-5', b'1'),
(90, 'Aw21-03016', 'http://www.braillenet.org/accessibilite/referentiel-aw21/liste-deploye.php#couleurs', '3.1.6', 2030106, '1.0', 'accessiweb2.1', 'org.opens.tanaguru.rules.accessiweb21.Aw21Rule03016', 12, NULL, 1, NULL, 1, 'http://www.tanaguru.org/en/content/aw21-rule-3-1-6', b'1'),
(91, 'Aw21-03021', 'http://www.braillenet.org/accessibilite/referentiel-aw21/liste-deploye.php#couleurs', '3.2.1', 2030201, '1.0', 'accessiweb2.1', 'org.opens.tanaguru.rules.accessiweb21.Aw21Rule03021', 13, NULL, 1, NULL, 1, 'http://www.tanaguru.org/en/content/aw21-rule-3-2-1', b'1'),
(92, 'Aw21-03022', 'http://www.braillenet.org/accessibilite/referentiel-aw21/liste-deploye.php#couleurs', '3.2.2', 2030202, '1.0', 'accessiweb2.1', 'org.opens.tanaguru.rules.accessiweb21.Aw21Rule03022', 13, NULL, 1, NULL, 1, 'http://www.tanaguru.org/en/content/aw21-rule-3-2-2', b'1'),
(93, 'Aw21-03023', 'http://www.braillenet.org/accessibilite/referentiel-aw21/liste-deploye.php#couleurs', '3.2.3', 2030203, '1.0', 'accessiweb2.1', 'org.opens.tanaguru.rules.accessiweb21.Aw21Rule03023', 13, NULL, 1, NULL, 1, 'http://www.tanaguru.org/en/content/aw21-rule-3-2-3', b'1'),
(94, 'Aw21-03024', 'http://www.braillenet.org/accessibilite/referentiel-aw21/liste-deploye.php#couleurs', '3.2.4', 2030204, '1.0', 'accessiweb2.1', 'org.opens.tanaguru.rules.accessiweb21.Aw21Rule03024', 13, NULL, 1, NULL, 1, 'http://www.tanaguru.org/en/content/aw21-rule-3-2-4', b'1'),
(95, 'Aw21-03025', 'http://www.braillenet.org/accessibilite/referentiel-aw21/liste-deploye.php#couleurs', '3.2.5', 2030205, '1.0', 'accessiweb2.1', 'org.opens.tanaguru.rules.accessiweb21.Aw21Rule03025', 13, NULL, 1, NULL, 1, 'http://www.tanaguru.org/en/content/aw21-rule-3-2-5', b'1'),
(96, 'Aw21-03026', 'http://www.braillenet.org/accessibilite/referentiel-aw21/liste-deploye.php#couleurs', '3.2.6', 2030206, '1.0', 'accessiweb2.1', 'org.opens.tanaguru.rules.accessiweb21.Aw21Rule03026', 13, NULL, 1, NULL, 1, 'http://www.tanaguru.org/en/content/aw21-rule-3-2-6', b'1'),
(97, 'Aw21-03031', 'http://www.braillenet.org/accessibilite/referentiel-aw21/liste-deploye.php#couleurs', '3.3.1', 2030301, '1.0', 'accessiweb2.1', 'org.opens.tanaguru.rules.accessiweb21.Aw21Rule03031', 14, NULL, 2, NULL, 1, 'http://www.tanaguru.org/en/content/aw21-rule-3-3-1', b'1'),
(98, 'Aw21-03032', 'http://www.braillenet.org/accessibilite/referentiel-aw21/liste-deploye.php#couleurs', '3.3.2', 2030302, '1.0', 'accessiweb2.1', 'org.opens.tanaguru.rules.accessiweb21.Aw21Rule03032', 14, NULL, 2, NULL, 1, 'http://www.tanaguru.org/en/content/aw21-rule-3-3-2', b'1'),
(99, 'Aw21-03033', 'http://www.braillenet.org/accessibilite/referentiel-aw21/liste-deploye.php#couleurs', '3.3.3', 2030303, '1.0', 'accessiweb2.1', 'org.opens.tanaguru.rules.accessiweb21.Aw21Rule03033', 14, NULL, 2, NULL, 1, 'http://www.tanaguru.org/en/content/aw21-rule-3-3-3', b'1'),
(100, 'Aw21-03034', 'http://www.braillenet.org/accessibilite/referentiel-aw21/liste-deploye.php#couleurs', '3.3.4', 2030304, '1.0', 'accessiweb2.1', 'org.opens.tanaguru.rules.accessiweb21.Aw21Rule03034', 14, NULL, 2, NULL, 1, 'http://www.tanaguru.org/en/content/aw21-rule-3-3-4', b'1'),
(101, 'Aw21-03041', 'http://www.braillenet.org/accessibilite/referentiel-aw21/liste-deploye.php#couleurs', '3.4.1', 2030401, '1.0', 'accessiweb2.1', 'org.opens.tanaguru.rules.accessiweb21.Aw21Rule03041', 15, NULL, 3, NULL, 1, 'http://www.tanaguru.org/en/content/aw21-rule-3-4-1', b'1'),
(102, 'Aw21-03042', 'http://www.braillenet.org/accessibilite/referentiel-aw21/liste-deploye.php#couleurs', '3.4.2', 2030402, '1.0', 'accessiweb2.1', 'org.opens.tanaguru.rules.accessiweb21.Aw21Rule03042', 15, NULL, 3, NULL, 1, 'http://www.tanaguru.org/en/content/aw21-rule-3-4-2', b'1'),
(103, 'Aw21-03043', 'http://www.braillenet.org/accessibilite/referentiel-aw21/liste-deploye.php#couleurs', '3.4.3', 2030403, '1.0', 'accessiweb2.1', 'org.opens.tanaguru.rules.accessiweb21.Aw21Rule03043', 15, NULL, 3, NULL, 1, 'http://www.tanaguru.org/en/content/aw21-rule-3-4-3', b'1'),
(104, 'Aw21-03044', 'http://www.braillenet.org/accessibilite/referentiel-aw21/liste-deploye.php#couleurs', '3.4.4', 2030404, '1.0', 'accessiweb2.1', 'org.opens.tanaguru.rules.accessiweb21.Aw21Rule03044', 15, NULL, 3, NULL, 1, 'http://www.tanaguru.org/en/content/aw21-rule-3-4-4', b'1'),
(105, 'Aw21-04011', 'http://www.braillenet.org/accessibilite/referentiel-aw21/liste-deploye.php#multimedia', '4.1.1', 2040101, '1.0', 'accessiweb2.1', 'org.opens.tanaguru.rules.accessiweb21.Aw21Rule04011', 16, NULL, 1, NULL, 1, 'http://www.tanaguru.org/en/content/aw21-rule-4-1-1', b'1'),
(106, 'Aw21-04012', 'http://www.braillenet.org/accessibilite/referentiel-aw21/liste-deploye.php#multimedia', '4.1.2', 2040102, '1.0', 'accessiweb2.1', 'org.opens.tanaguru.rules.accessiweb21.Aw21Rule04012', 16, NULL, 1, NULL, 1, 'http://www.tanaguru.org/en/content/aw21-rule-4-1-2', b'1'),
(107, 'Aw21-04013', 'http://www.braillenet.org/accessibilite/referentiel-aw21/liste-deploye.php#multimedia', '4.1.3', 2040103, '1.0', 'accessiweb2.1', 'org.opens.tanaguru.rules.accessiweb21.Aw21Rule04013', 16, NULL, 1, NULL, 1, 'http://www.tanaguru.org/en/content/aw21-rule-4-1-3', b'1'),
(108, 'Aw21-04014', 'http://www.braillenet.org/accessibilite/referentiel-aw21/liste-deploye.php#multimedia', '4.1.4', 2040104, '1.0', 'accessiweb2.1', 'org.opens.tanaguru.rules.accessiweb21.Aw21Rule04014', 16, NULL, 1, NULL, 1, 'http://www.tanaguru.org/en/content/aw21-rule-4-1-4', b'1'),
(109, 'Aw21-04021', 'http://www.braillenet.org/accessibilite/referentiel-aw21/liste-deploye.php#multimedia', '4.2.1', 2040201, '1.0', 'accessiweb2.1', 'org.opens.tanaguru.rules.accessiweb21.Aw21Rule04021', 17, NULL, 1, NULL, 1, 'http://www.tanaguru.org/en/content/aw21-rule-4-2-1', b'1'),
(110, 'Aw21-04022', 'http://www.braillenet.org/accessibilite/referentiel-aw21/liste-deploye.php#multimedia', '4.2.2', 2040202, '1.0', 'accessiweb2.1', 'org.opens.tanaguru.rules.accessiweb21.Aw21Rule04022', 17, NULL, 1, NULL, 1, 'http://www.tanaguru.org/en/content/aw21-rule-4-2-2', b'1'),
(111, 'Aw21-04023', 'http://www.braillenet.org/accessibilite/referentiel-aw21/liste-deploye.php#multimedia', '4.2.3', 2040203, '1.0', 'accessiweb2.1', 'org.opens.tanaguru.rules.accessiweb21.Aw21Rule04023', 17, NULL, 1, NULL, 1, 'http://www.tanaguru.org/en/content/aw21-rule-4-2-3', b'1'),
(112, 'Aw21-04031', 'http://www.braillenet.org/accessibilite/referentiel-aw21/liste-deploye.php#multimedia', '4.3.1', 2040301, '1.0', 'accessiweb2.1', 'org.opens.tanaguru.rules.accessiweb21.Aw21Rule04031', 18, NULL, 1, NULL, 1, 'http://www.tanaguru.org/en/content/aw21-rule-4-3-1', b'1'),
(113, 'Aw21-04041', 'http://www.braillenet.org/accessibilite/referentiel-aw21/liste-deploye.php#multimedia', '4.4.1', 2040401, '1.0', 'accessiweb2.1', 'org.opens.tanaguru.rules.accessiweb21.Aw21Rule04041', 19, NULL, 1, NULL, 1, 'http://www.tanaguru.org/en/content/aw21-rule-4-4-1', b'1'),
(114, 'Aw21-04051', 'http://www.braillenet.org/accessibilite/referentiel-aw21/liste-deploye.php#multimedia', '4.5.1', 2040501, '1.0', 'accessiweb2.1', 'org.opens.tanaguru.rules.accessiweb21.Aw21Rule04051', 20, NULL, 1, NULL, 1, 'http://www.tanaguru.org/en/content/aw21-rule-4-5-1', b'1'),
(115, 'Aw21-04052', 'http://www.braillenet.org/accessibilite/referentiel-aw21/liste-deploye.php#multimedia', '4.5.2', 2040502, '1.0', 'accessiweb2.1', 'org.opens.tanaguru.rules.accessiweb21.Aw21Rule04052', 20, NULL, 1, NULL, 1, 'http://www.tanaguru.org/en/content/aw21-rule-4-5-2', b'1'),
(116, 'Aw21-04053', 'http://www.braillenet.org/accessibilite/referentiel-aw21/liste-deploye.php#multimedia', '4.5.3', 2040503, '1.0', 'accessiweb2.1', 'org.opens.tanaguru.rules.accessiweb21.Aw21Rule04053', 20, NULL, 1, NULL, 1, 'http://www.tanaguru.org/en/content/aw21-rule-4-5-3', b'1'),
(117, 'Aw21-04061', 'http://www.braillenet.org/accessibilite/referentiel-aw21/liste-deploye.php#multimedia', '4.6.1', 2040601, '1.0', 'accessiweb2.1', 'org.opens.tanaguru.rules.accessiweb21.Aw21Rule04061', 21, NULL, 2, NULL, 1, 'http://www.tanaguru.org/en/content/aw21-rule-4-6-1', b'1'),
(118, 'Aw21-04062', 'http://www.braillenet.org/accessibilite/referentiel-aw21/liste-deploye.php#multimedia', '4.6.2', 2040602, '1.0', 'accessiweb2.1', 'org.opens.tanaguru.rules.accessiweb21.Aw21Rule04062', 21, NULL, 2, NULL, 1, 'http://www.tanaguru.org/en/content/aw21-rule-4-6-2', b'1'),
(119, 'Aw21-04071', 'http://www.braillenet.org/accessibilite/referentiel-aw21/liste-deploye.php#multimedia', '4.7.1', 2040701, '1.0', 'accessiweb2.1', 'org.opens.tanaguru.rules.accessiweb21.Aw21Rule04071', 22, NULL, 2, NULL, 1, 'http://www.tanaguru.org/en/content/aw21-rule-4-7-1', b'1'),
(120, 'Aw21-04081', 'http://www.braillenet.org/accessibilite/referentiel-aw21/liste-deploye.php#multimedia', '4.8.1', 2040801, '1.0', 'accessiweb2.1', 'org.opens.tanaguru.rules.accessiweb21.Aw21Rule04081', 23, NULL, 2, NULL, 1, 'http://www.tanaguru.org/en/content/aw21-rule-4-8-1', b'1'),
(121, 'Aw21-04082', 'http://www.braillenet.org/accessibilite/referentiel-aw21/liste-deploye.php#multimedia', '4.8.2', 2040802, '1.0', 'accessiweb2.1', 'org.opens.tanaguru.rules.accessiweb21.Aw21Rule04082', 23, NULL, 2, NULL, 1, 'http://www.tanaguru.org/en/content/aw21-rule-4-8-2', b'1'),
(122, 'Aw21-04091', 'http://www.braillenet.org/accessibilite/referentiel-aw21/liste-deploye.php#multimedia', '4.9.1', 2040901, '1.0', 'accessiweb2.1', 'org.opens.tanaguru.rules.accessiweb21.Aw21Rule04091', 24, NULL, 3, NULL, 1, 'http://www.tanaguru.org/en/content/aw21-rule-4-9-1', b'1'),
(123, 'Aw21-04092', 'http://www.braillenet.org/accessibilite/referentiel-aw21/liste-deploye.php#multimedia', '4.9.2', 2040902, '1.0', 'accessiweb2.1', 'org.opens.tanaguru.rules.accessiweb21.Aw21Rule04092', 24, NULL, 3, NULL, 1, 'http://www.tanaguru.org/en/content/aw21-rule-4-9-2', b'1'),
(124, 'Aw21-04101', 'http://www.braillenet.org/accessibilite/referentiel-aw21/liste-deploye.php#multimedia', '4.10.1', 2041001, '1.0', 'accessiweb2.1', 'org.opens.tanaguru.rules.accessiweb21.Aw21Rule04101', 25, NULL, 3, NULL, 1, 'http://www.tanaguru.org/en/content/aw21-rule-4-10-1', b'1'),
(125, 'Aw21-04102', 'http://www.braillenet.org/accessibilite/referentiel-aw21/liste-deploye.php#multimedia', '4.10.2', 2041002, '1.0', 'accessiweb2.1', 'org.opens.tanaguru.rules.accessiweb21.Aw21Rule04102', 25, NULL, 3, NULL, 1, 'http://www.tanaguru.org/en/content/aw21-rule-4-10-2', b'1'),
(126, 'Aw21-04111', 'http://www.braillenet.org/accessibilite/referentiel-aw21/liste-deploye.php#multimedia', '4.11.1', 2041101, '1.0', 'accessiweb2.1', 'org.opens.tanaguru.rules.accessiweb21.Aw21Rule04111', 26, NULL, 3, NULL, 1, 'http://www.tanaguru.org/en/content/aw21-rule-4-11-1', b'1'),
(127, 'Aw21-04112', 'http://www.braillenet.org/accessibilite/referentiel-aw21/liste-deploye.php#multimedia', '4.11.2', 2041102, '1.0', 'accessiweb2.1', 'org.opens.tanaguru.rules.accessiweb21.Aw21Rule04112', 26, NULL, 3, NULL, 1, 'http://www.tanaguru.org/en/content/aw21-rule-4-11-2', b'1'),
(128, 'Aw21-04121', 'http://www.braillenet.org/accessibilite/referentiel-aw21/liste-deploye.php#multimedia', '4.12.1', 2041201, '1.0', 'accessiweb2.1', 'org.opens.tanaguru.rules.accessiweb21.Aw21Rule04121', 27, NULL, 3, NULL, 1, 'http://www.tanaguru.org/en/content/aw21-rule-4-12-1', b'1'),
(129, 'Aw21-04122', 'http://www.braillenet.org/accessibilite/referentiel-aw21/liste-deploye.php#multimedia', '4.12.2', 2041202, '1.0', 'accessiweb2.1', 'org.opens.tanaguru.rules.accessiweb21.Aw21Rule04122', 27, NULL, 3, NULL, 1, 'http://www.tanaguru.org/en/content/aw21-rule-4-12-2', b'1'),
(130, 'Aw21-04131', 'http://www.braillenet.org/accessibilite/referentiel-aw21/liste-deploye.php#multimedia', '4.13.1', 2041301, '1.0', 'accessiweb2.1', 'org.opens.tanaguru.rules.accessiweb21.Aw21Rule04131', 28, NULL, 3, NULL, 1, 'http://www.tanaguru.org/en/content/aw21-rule-4-13-1', b'1'),
(131, 'Aw21-04132', 'http://www.braillenet.org/accessibilite/referentiel-aw21/liste-deploye.php#multimedia', '4.13.2', 2041302, '1.0', 'accessiweb2.1', 'org.opens.tanaguru.rules.accessiweb21.Aw21Rule04132', 28, NULL, 3, NULL, 1, 'http://www.tanaguru.org/en/content/aw21-rule-4-13-2', b'1'),
(132, 'Aw21-04133', 'http://www.braillenet.org/accessibilite/referentiel-aw21/liste-deploye.php#multimedia', '4.13.3', 2041303, '1.0', 'accessiweb2.1', 'org.opens.tanaguru.rules.accessiweb21.Aw21Rule04133', 28, NULL, 3, NULL, 1, 'http://www.tanaguru.org/en/content/aw21-rule-4-13-3', b'1'),
(133, 'Aw21-04141', 'http://www.braillenet.org/accessibilite/referentiel-aw21/liste-deploye.php#multimedia', '4.14.1', 2041401, '1.0', 'accessiweb2.1', 'org.opens.tanaguru.rules.accessiweb21.Aw21Rule04141', 29, NULL, 3, NULL, 1, 'http://www.tanaguru.org/en/content/aw21-rule-4-14-1', b'1'),
(134, 'Aw21-04142', 'http://www.braillenet.org/accessibilite/referentiel-aw21/liste-deploye.php#multimedia', '4.14.2', 2041402, '1.0', 'accessiweb2.1', 'org.opens.tanaguru.rules.accessiweb21.Aw21Rule04142', 29, NULL, 3, NULL, 1, 'http://www.tanaguru.org/en/content/aw21-rule-4-14-2', b'1'),
(135, 'Aw21-04151', 'http://www.braillenet.org/accessibilite/referentiel-aw21/liste-deploye.php#multimedia', '4.15.1', 2041501, '1.0', 'accessiweb2.1', 'org.opens.tanaguru.rules.accessiweb21.Aw21Rule04151', 30, NULL, 1, NULL, 1, 'http://www.tanaguru.org/en/content/aw21-rule-4-15-1', b'1'),
(136, 'Aw21-04152', 'http://www.braillenet.org/accessibilite/referentiel-aw21/liste-deploye.php#multimedia', '4.15.2', 2041502, '1.0', 'accessiweb2.1', 'org.opens.tanaguru.rules.accessiweb21.Aw21Rule04152', 30, NULL, 1, NULL, 1, 'http://www.tanaguru.org/en/content/aw21-rule-4-15-2', b'1'),
(137, 'Aw21-04161', 'http://www.braillenet.org/accessibilite/referentiel-aw21/liste-deploye.php#multimedia', '4.16.1', 2041601, '1.0', 'accessiweb2.1', 'org.opens.tanaguru.rules.accessiweb21.Aw21Rule04161', 31, NULL, 1, NULL, 1, 'http://www.tanaguru.org/en/content/aw21-rule-4-16-1', b'1'),
(138, 'Aw21-04162', 'http://www.braillenet.org/accessibilite/referentiel-aw21/liste-deploye.php#multimedia', '4.16.2', 2041602, '1.0', 'accessiweb2.1', 'org.opens.tanaguru.rules.accessiweb21.Aw21Rule04162', 31, NULL, 1, NULL, 1, 'http://www.tanaguru.org/en/content/aw21-rule-4-16-2', b'1'),
(139, 'Aw21-04171', 'http://www.braillenet.org/accessibilite/referentiel-aw21/liste-deploye.php#multimedia', '4.17.1', 2041701, '1.0', 'accessiweb2.1', 'org.opens.tanaguru.rules.accessiweb21.Aw21Rule04171', 32, NULL, 1, NULL, 1, 'http://www.tanaguru.org/en/content/aw21-rule-4-17-1', b'1'),
(140, 'Aw21-04181', 'http://www.braillenet.org/accessibilite/referentiel-aw21/liste-deploye.php#multimedia', '4.18.1', 2041801, '1.0', 'accessiweb2.1', 'org.opens.tanaguru.rules.accessiweb21.Aw21Rule04181', 33, NULL, 1, NULL, 1, 'http://www.tanaguru.org/en/content/aw21-rule-4-18-1', b'1'),
(141, 'Aw21-04191', 'http://www.braillenet.org/accessibilite/referentiel-aw21/liste-deploye.php#multimedia', '4.19.1', 2041901, '1.0', 'accessiweb2.1', 'org.opens.tanaguru.rules.accessiweb21.Aw21Rule04191', 34, NULL, 3, NULL, 1, 'http://www.tanaguru.org/en/content/aw21-rule-4-19-1', b'1'),
(142, 'Aw21-04201', 'http://www.braillenet.org/accessibilite/referentiel-aw21/liste-deploye.php#multimedia', '4.20.1', 2042001, '1.0', 'accessiweb2.1', 'org.opens.tanaguru.rules.accessiweb21.Aw21Rule04201', 35, NULL, 1, NULL, 1, 'http://www.tanaguru.org/en/content/aw21-rule-4-20-1', b'1'),
(143, 'Aw21-04202', 'http://www.braillenet.org/accessibilite/referentiel-aw21/liste-deploye.php#multimedia', '4.20.2', 2042002, '1.0', 'accessiweb2.1', 'org.opens.tanaguru.rules.accessiweb21.Aw21Rule04202', 35, NULL, 1, NULL, 1, 'http://www.tanaguru.org/en/content/aw21-rule-4-20-2', b'1'),
(144, 'Aw21-04203', 'http://www.braillenet.org/accessibilite/referentiel-aw21/liste-deploye.php#multimedia', '4.20.3', 2042003, '1.0', 'accessiweb2.1', 'org.opens.tanaguru.rules.accessiweb21.Aw21Rule04203', 35, NULL, 1, NULL, 1, 'http://www.tanaguru.org/en/content/aw21-rule-4-20-3', b'1'),
(145, 'Aw21-04211', 'http://www.braillenet.org/accessibilite/referentiel-aw21/liste-deploye.php#multimedia', '4.21.1', 2042101, '1.0', 'accessiweb2.1', 'org.opens.tanaguru.rules.accessiweb21.Aw21Rule04211', 36, NULL, 1, NULL, 1, 'http://www.tanaguru.org/en/content/aw21-rule-4-21-1', b'1'),
(146, 'Aw21-04212', 'http://www.braillenet.org/accessibilite/referentiel-aw21/liste-deploye.php#multimedia', '4.21.2', 2042102, '1.0', 'accessiweb2.1', 'org.opens.tanaguru.rules.accessiweb21.Aw21Rule04212', 36, NULL, 1, NULL, 1, 'http://www.tanaguru.org/en/content/aw21-rule-4-21-2', b'1'),
(147, 'Aw21-04221', 'http://www.braillenet.org/accessibilite/referentiel-aw21/liste-deploye.php#multimedia', '4.22.1', 2042201, '1.0', 'accessiweb2.1', 'org.opens.tanaguru.rules.accessiweb21.Aw21Rule04221', 37, NULL, 1, NULL, 1, 'http://www.tanaguru.org/en/content/aw21-rule-4-22-1', b'1'),
(148, 'Aw21-05021', 'http://www.braillenet.org/accessibilite/referentiel-aw21/liste-deploye.php#tableaux', '5.2.1', 2050201, '1.0', 'accessiweb2.1', 'org.opens.tanaguru.rules.accessiweb21.Aw21Rule05021', 39, NULL, 1, NULL, 1, 'http://www.tanaguru.org/en/content/aw21-rule-5-2-1', b'0'),
(149, 'Aw21-05022', 'http://www.braillenet.org/accessibilite/referentiel-aw21/liste-deploye.php#tableaux', '5.2.2', 2050202, '1.0', 'accessiweb2.1', 'org.opens.tanaguru.rules.accessiweb21.Aw21Rule05022', 39, NULL, 1, NULL, 1, 'http://www.tanaguru.org/en/content/aw21-rule-5-2-2', b'0'),
(150, 'Aw21-05031', 'http://www.braillenet.org/accessibilite/referentiel-aw21/liste-deploye.php#tableaux', '5.3.1', 2050301, '1.0', 'accessiweb2.1', 'org.opens.tanaguru.rules.accessiweb21.Aw21Rule05031', 40, NULL, 1, NULL, 1, 'http://www.tanaguru.org/en/content/aw21-rule-5-3-1', b'0'),
(151, 'Aw21-05051', 'http://www.braillenet.org/accessibilite/referentiel-aw21/liste-deploye.php#tableaux', '5.5.1', 2050501, '1.0', 'accessiweb2.1', 'org.opens.tanaguru.rules.accessiweb21.Aw21Rule05051', 42, NULL, 1, NULL, 1, 'http://www.tanaguru.org/en/content/aw21-rule-5-5-1', b'0'),
(152, 'Aw21-05061', 'http://www.braillenet.org/accessibilite/referentiel-aw21/liste-deploye.php#tableaux', '5.6.1', 2050601, '1.0', 'accessiweb2.1', 'org.opens.tanaguru.rules.accessiweb21.Aw21Rule05061', 43, NULL, 1, NULL, 1, 'http://www.tanaguru.org/en/content/aw21-rule-5-6-1', b'0'),
(153, 'Aw21-05062', 'http://www.braillenet.org/accessibilite/referentiel-aw21/liste-deploye.php#tableaux', '5.6.2', 2050602, '1.0', 'accessiweb2.1', 'org.opens.tanaguru.rules.accessiweb21.Aw21Rule05062', 43, NULL, 1, NULL, 1, 'http://www.tanaguru.org/en/content/aw21-rule-5-6-2', b'0'),
(154, 'Aw21-05071', 'http://www.braillenet.org/accessibilite/referentiel-aw21/liste-deploye.php#tableaux', '5.7.1', 2050701, '1.0', 'accessiweb2.1', 'org.opens.tanaguru.rules.accessiweb21.Aw21Rule05071', 44, NULL, 1, NULL, 1, 'http://www.tanaguru.org/en/content/aw21-rule-5-7-1', b'0'),
(155, 'Aw21-05072', 'http://www.braillenet.org/accessibilite/referentiel-aw21/liste-deploye.php#tableaux', '5.7.2', 2050702, '1.0', 'accessiweb2.1', 'org.opens.tanaguru.rules.accessiweb21.Aw21Rule05072', 44, NULL, 1, NULL, 1, 'http://www.tanaguru.org/en/content/aw21-rule-5-7-2', b'0'),
(156, 'Aw21-05073', 'http://www.braillenet.org/accessibilite/referentiel-aw21/liste-deploye.php#tableaux', '5.7.3', 2050703, '1.0', 'accessiweb2.1', 'org.opens.tanaguru.rules.accessiweb21.Aw21Rule05073', 44, NULL, 1, NULL, 1, 'http://www.tanaguru.org/en/content/aw21-rule-5-7-3', b'0'),
(157, 'Aw21-05074', 'http://www.braillenet.org/accessibilite/referentiel-aw21/liste-deploye.php#tableaux', '5.7.4', 2050704, '1.0', 'accessiweb2.1', 'org.opens.tanaguru.rules.accessiweb21.Aw21Rule05074', 44, NULL, 1, NULL, 1, 'http://www.tanaguru.org/en/content/aw21-rule-5-7-4', b'0'),
(158, 'Aw21-05081', 'http://www.braillenet.org/accessibilite/referentiel-aw21/liste-deploye.php#tableaux', '5.8.1', 2050801, '1.0', 'accessiweb2.1', 'org.opens.tanaguru.rules.accessiweb21.Aw21Rule05081', 45, NULL, 1, NULL, 1, 'http://www.tanaguru.org/en/content/aw21-rule-5-8-1', b'0'),
(159, 'Aw21-06014', 'http://www.braillenet.org/accessibilite/referentiel-aw21/liste-deploye.php#liens', '6.1.4', 2060104, '1.0', 'accessiweb2.1', 'org.opens.tanaguru.rules.accessiweb21.Aw21Rule06014', 46, NULL, 1, NULL, 1, 'http://www.tanaguru.org/en/content/aw21-rule-6-1-4', b'1'),
(160, 'Aw21-06034', 'http://www.braillenet.org/accessibilite/referentiel-aw21/liste-deploye.php#liens', '6.3.4', 2060304, '1.0', 'accessiweb2.1', 'org.opens.tanaguru.rules.accessiweb21.Aw21Rule06034', 48, NULL, 3, NULL, 1, 'http://www.tanaguru.org/en/content/aw21-rule-6-3-4', b'1'),
(161, 'Aw21-06044', 'http://www.braillenet.org/accessibilite/referentiel-aw21/liste-deploye.php#liens', '6.4.4', 2060404, '1.0', 'accessiweb2.1', 'org.opens.tanaguru.rules.accessiweb21.Aw21Rule06044', 49, NULL, 1, NULL, 1, 'http://www.tanaguru.org/en/content/aw21-rule-6-4-4', b'0'),
(162, 'Aw21-06051', 'http://www.braillenet.org/accessibilite/referentiel-aw21/liste-deploye.php#liens', '6.5.1', 2060501, '1.0', 'accessiweb2.1', 'org.opens.tanaguru.rules.accessiweb21.Aw21Rule06051', 50, NULL, 1, NULL, 1, 'http://www.tanaguru.org/en/content/aw21-rule-6-5-1', b'0'),
(163, 'Aw21-06052', 'http://www.braillenet.org/accessibilite/referentiel-aw21/liste-deploye.php#liens', '6.5.2', 2060502, '1.0', 'accessiweb2.1', 'org.opens.tanaguru.rules.accessiweb21.Aw21Rule06052', 50, NULL, 1, NULL, 1, 'http://www.tanaguru.org/en/content/aw21-rule-6-5-2', b'0'),
(164, 'Aw21-06053', 'http://www.braillenet.org/accessibilite/referentiel-aw21/liste-deploye.php#liens', '6.5.3', 2060503, '1.0', 'accessiweb2.1', 'org.opens.tanaguru.rules.accessiweb21.Aw21Rule06053', 50, NULL, 1, NULL, 1, 'http://www.tanaguru.org/en/content/aw21-rule-6-5-3', b'0'),
(165, 'Aw21-07011', 'http://www.braillenet.org/accessibilite/referentiel-aw21/liste-deploye.php#script', '7.1.1', 2070101, '1.0', 'accessiweb2.1', 'org.opens.tanaguru.rules.accessiweb21.Aw21Rule07011', 52, NULL, 1, NULL, 1, 'http://www.tanaguru.org/en/content/aw21-rule-7-1-1', b'1'),
(166, 'Aw21-07012', 'http://www.braillenet.org/accessibilite/referentiel-aw21/liste-deploye.php#script', '7.1.2', 2070102, '1.0', 'accessiweb2.1', 'org.opens.tanaguru.rules.accessiweb21.Aw21Rule07012', 52, NULL, 1, NULL, 1, 'http://www.tanaguru.org/en/content/aw21-rule-7-1-2', b'1'),
(167, 'Aw21-07021', 'http://www.braillenet.org/accessibilite/referentiel-aw21/liste-deploye.php#script', '7.2.1', 2070201, '1.0', 'accessiweb2.1', 'org.opens.tanaguru.rules.accessiweb21.Aw21Rule07021', 53, NULL, 1, NULL, 1, 'http://www.tanaguru.org/en/content/aw21-rule-7-2-1', b'1'),
(168, 'Aw21-07022', 'http://www.braillenet.org/accessibilite/referentiel-aw21/liste-deploye.php#script', '7.2.2', 2070202, '1.0', 'accessiweb2.1', 'org.opens.tanaguru.rules.accessiweb21.Aw21Rule07022', 53, NULL, 1, NULL, 1, 'http://www.tanaguru.org/en/content/aw21-rule-7-2-2', b'1'),
(169, 'Aw21-07031', 'http://www.braillenet.org/accessibilite/referentiel-aw21/liste-deploye.php#script', '7.3.1', 2070301, '1.0', 'accessiweb2.1', 'org.opens.tanaguru.rules.accessiweb21.Aw21Rule07031', 54, NULL, 1, NULL, 1, 'http://www.tanaguru.org/en/content/aw21-rule-7-3-1', b'1'),
(170, 'Aw21-07032', 'http://www.braillenet.org/accessibilite/referentiel-aw21/liste-deploye.php#script', '7.3.2', 2070302, '1.0', 'accessiweb2.1', 'org.opens.tanaguru.rules.accessiweb21.Aw21Rule07032', 54, NULL, 1, NULL, 1, 'http://www.tanaguru.org/en/content/aw21-rule-7-3-2', b'1'),
(171, 'Aw21-07033', 'http://www.braillenet.org/accessibilite/referentiel-aw21/liste-deploye.php#script', '7.3.3', 2070303, '1.0', 'accessiweb2.1', 'org.opens.tanaguru.rules.accessiweb21.Aw21Rule07033', 54, NULL, 1, NULL, 1, 'http://www.tanaguru.org/en/content/aw21-rule-7-3-3', b'1'),
(172, 'Aw21-07041', 'http://www.braillenet.org/accessibilite/referentiel-aw21/liste-deploye.php#script', '7.4.1', 2070401, '1.0', 'accessiweb2.1', 'org.opens.tanaguru.rules.accessiweb21.Aw21Rule07041', 55, NULL, 1, NULL, 1, 'http://www.tanaguru.org/en/content/aw21-rule-7-4-1', b'1'),
(173, 'Aw21-07042', 'http://www.braillenet.org/accessibilite/referentiel-aw21/liste-deploye.php#script', '7.4.2', 2070402, '1.0', 'accessiweb2.1', 'org.opens.tanaguru.rules.accessiweb21.Aw21Rule07042', 55, NULL, 1, NULL, 1, 'http://www.tanaguru.org/en/content/aw21-rule-7-4-2', b'1'),
(174, 'Aw21-07061', 'http://www.braillenet.org/accessibilite/referentiel-aw21/liste-deploye.php#script', '7.6.1', 2070601, '1.0', 'accessiweb2.1', 'org.opens.tanaguru.rules.accessiweb21.Aw21Rule07061', 57, NULL, 3, NULL, 1, 'http://www.tanaguru.org/en/content/aw21-rule-7-6-1', b'1'),
(175, 'Aw21-08013', 'http://www.braillenet.org/accessibilite/referentiel-aw21/liste-deploye.php#elements', '8.1.3', 2080103, '1.0', 'accessiweb2.1', 'org.opens.tanaguru.rules.accessiweb21.Aw21Rule08013', 58, NULL, 1, NULL, 1, 'http://www.tanaguru.org/en/content/aw21-rule-8-1-3', b'1'),
(176, 'Aw21-08021', 'http://www.braillenet.org/accessibilite/referentiel-aw21/liste-deploye.php#elements', '8.2.1', 2080201, '1.0', 'accessiweb2.1', 'org.opens.tanaguru.rules.accessiweb21.Aw21Rule08021', 59, NULL, 1, NULL, 1, 'http://www.tanaguru.org/en/content/aw21-rule-8-2-1', b'1'),
(177, 'Aw21-08022', 'http://www.braillenet.org/accessibilite/referentiel-aw21/liste-deploye.php#elements', '8.2.2', 2080202, '1.0', 'accessiweb2.1', 'org.opens.tanaguru.rules.accessiweb21.Aw21Rule08022', 59, NULL, 1, NULL, 1, 'http://www.tanaguru.org/en/content/aw21-rule-8-2-2', b'1'),
(178, 'Aw21-08071', 'http://www.braillenet.org/accessibilite/referentiel-aw21/liste-deploye.php#elements', '8.7.1', 2080701, '1.0', 'accessiweb2.1', 'org.opens.tanaguru.rules.accessiweb21.Aw21Rule08071', 64, NULL, 2, NULL, 1, 'http://www.tanaguru.org/en/content/aw21-rule-8-7-1', b'1'),
(179, 'Aw21-08081', 'http://www.braillenet.org/accessibilite/referentiel-aw21/liste-deploye.php#elements', '8.8.1', 2080801, '1.0', 'accessiweb2.1', 'org.opens.tanaguru.rules.accessiweb21.Aw21Rule08081', 65, NULL, 2, NULL, 1, 'http://www.tanaguru.org/en/content/aw21-rule-8-8-1', b'0'),
(180, 'Aw21-08082', 'http://www.braillenet.org/accessibilite/referentiel-aw21/liste-deploye.php#elements', '8.8.2', 2080802, '1.0', 'accessiweb2.1', 'org.opens.tanaguru.rules.accessiweb21.Aw21Rule08082', 65, NULL, 2, NULL, 1, 'http://www.tanaguru.org/en/content/aw21-rule-8-8-2', b'0'),
(181, 'Aw21-08091', 'http://www.braillenet.org/accessibilite/referentiel-aw21/liste-deploye.php#elements', '8.9.1', 2080901, '1.0', 'accessiweb2.1', 'org.opens.tanaguru.rules.accessiweb21.Aw21Rule08091', 66, NULL, 1, NULL, 1, 'http://www.tanaguru.org/en/content/aw21-rule-8-9-1', b'1'),
(182, 'Aw21-08101', 'http://www.braillenet.org/accessibilite/referentiel-aw21/liste-deploye.php#elements', '8.10.1', 2081001, '1.0', 'accessiweb2.1', 'org.opens.tanaguru.rules.accessiweb21.Aw21Rule08101', 67, NULL, 1, NULL, 1, 'http://www.tanaguru.org/en/content/aw21-rule-8-10-1', b'1'),
(183, 'Aw21-09013', 'http://www.braillenet.org/accessibilite/referentiel-aw21/liste-deploye.php#structure', '9.1.3', 2090103, '1.0', 'accessiweb2.1', 'org.opens.tanaguru.rules.accessiweb21.Aw21Rule09013', 68, NULL, 1, NULL, 1, 'http://www.tanaguru.org/en/content/aw21-rule-9-1-3', b'1'),
(184, 'Aw21-09023', 'http://www.braillenet.org/accessibilite/referentiel-aw21/liste-deploye.php#structure', '9.2.3', 2090203, '1.0', 'accessiweb2.1', 'org.opens.tanaguru.rules.accessiweb21.Aw21Rule09023', 69, NULL, 1, NULL, 1, 'http://www.tanaguru.org/en/content/aw21-rule-9-2-3', b'1'),
(185, 'Aw21-09031', 'http://www.braillenet.org/accessibilite/referentiel-aw21/liste-deploye.php#structure', '9.3.1', 2090301, '1.0', 'accessiweb2.1', 'org.opens.tanaguru.rules.accessiweb21.Aw21Rule09031', 70, NULL, 3, NULL, 1, 'http://www.tanaguru.org/en/content/aw21-rule-9-3-1', b'1'),
(186, 'Aw21-09032', 'http://www.braillenet.org/accessibilite/referentiel-aw21/liste-deploye.php#structure', '9.3.2', 2090302, '1.0', 'accessiweb2.1', 'org.opens.tanaguru.rules.accessiweb21.Aw21Rule09032', 70, NULL, 3, NULL, 1, 'http://www.tanaguru.org/en/content/aw21-rule-9-3-2', b'1'),
(187, 'Aw21-09041', 'http://www.braillenet.org/accessibilite/referentiel-aw21/liste-deploye.php#structure', '9.4.1', 2090401, '1.0', 'accessiweb2.1', 'org.opens.tanaguru.rules.accessiweb21.Aw21Rule09041', 71, NULL, 3, NULL, 1, 'http://www.tanaguru.org/en/content/aw21-rule-9-4-1', b'1'),
(188, 'Aw21-09042', 'http://www.braillenet.org/accessibilite/referentiel-aw21/liste-deploye.php#structure', '9.4.2', 2090402, '1.0', 'accessiweb2.1', 'org.opens.tanaguru.rules.accessiweb21.Aw21Rule09042', 71, NULL, 3, NULL, 1, 'http://www.tanaguru.org/en/content/aw21-rule-9-4-2', b'1'),
(189, 'Aw21-09051', 'http://www.braillenet.org/accessibilite/referentiel-aw21/liste-deploye.php#structure', '9.5.1', 2090501, '1.0', 'accessiweb2.1', 'org.opens.tanaguru.rules.accessiweb21.Aw21Rule09051', 72, NULL, 1, NULL, 1, 'http://www.tanaguru.org/en/content/aw21-rule-9-5-1', b'1'),
(190, 'Aw21-09052', 'http://www.braillenet.org/accessibilite/referentiel-aw21/liste-deploye.php#structure', '9.5.2', 2090502, '1.0', 'accessiweb2.1', 'org.opens.tanaguru.rules.accessiweb21.Aw21Rule09052', 72, NULL, 1, NULL, 1, 'http://www.tanaguru.org/en/content/aw21-rule-9-5-2', b'1'),
(191, 'Aw21-10013', 'http://www.braillenet.org/accessibilite/referentiel-aw21/liste-deploye.php#presentation', '10.1.3', 2100103, '1.0', 'accessiweb2.1', 'org.opens.tanaguru.rules.accessiweb21.Aw21Rule10013', 73, NULL, 1, NULL, 1, 'http://www.tanaguru.org/en/content/aw21-rule-10-1-3', b'1'),
(192, 'Aw21-10021', 'http://www.braillenet.org/accessibilite/referentiel-aw21/liste-deploye.php#presentation', '10.2.1', 2100201, '1.0', 'accessiweb2.1', 'org.opens.tanaguru.rules.accessiweb21.Aw21Rule10021', 74, NULL, 1, NULL, 1, 'http://www.tanaguru.org/en/content/aw21-rule-10-2-1', b'1'),
(193, 'Aw21-10022', 'http://www.braillenet.org/accessibilite/referentiel-aw21/liste-deploye.php#presentation', '10.2.2', 2100202, '1.0', 'accessiweb2.1', 'org.opens.tanaguru.rules.accessiweb21.Aw21Rule10022', 74, NULL, 1, NULL, 1, 'http://www.tanaguru.org/en/content/aw21-rule-10-2-2', b'1'),
(194, 'Aw21-10023', 'http://www.braillenet.org/accessibilite/referentiel-aw21/liste-deploye.php#presentation', '10.2.3', 2100203, '1.0', 'accessiweb2.1', 'org.opens.tanaguru.rules.accessiweb21.Aw21Rule10023', 74, NULL, 1, NULL, 1, 'http://www.tanaguru.org/en/content/aw21-rule-10-2-3', b'1'),
(195, 'Aw21-10031', 'http://www.braillenet.org/accessibilite/referentiel-aw21/liste-deploye.php#presentation', '10.3.1', 2100301, '1.0', 'accessiweb2.1', 'org.opens.tanaguru.rules.accessiweb21.Aw21Rule10031', 75, NULL, 1, NULL, 1, 'http://www.tanaguru.org/en/content/aw21-rule-10-3-1', b'1'),
(196, 'Aw21-10042', 'http://www.braillenet.org/accessibilite/referentiel-aw21/liste-deploye.php#presentation', '10.4.2', 2100402, '1.0', 'accessiweb2.1', 'org.opens.tanaguru.rules.accessiweb21.Aw21Rule10042', 76, NULL, 2, NULL, 1, 'http://www.tanaguru.org/en/content/aw21-rule-10-4-2', b'1'),
(197, 'Aw21-10043', 'http://www.braillenet.org/accessibilite/referentiel-aw21/liste-deploye.php#presentation', '10.4.3', 2100403, '1.0', 'accessiweb2.1', 'org.opens.tanaguru.rules.accessiweb21.Aw21Rule10043', 76, NULL, 2, NULL, 1, 'http://www.tanaguru.org/en/content/aw21-rule-10-4-3', b'1'),
(198, 'Aw21-10051', 'http://www.braillenet.org/accessibilite/referentiel-aw21/liste-deploye.php#presentation', '10.5.1', 2100501, '1.0', 'accessiweb2.1', 'org.opens.tanaguru.rules.accessiweb21.Aw21Rule10051', 77, NULL, 2, NULL, 1, 'http://www.tanaguru.org/en/content/aw21-rule-10-5-1', b'1'),
(199, 'Aw21-10052', 'http://www.braillenet.org/accessibilite/referentiel-aw21/liste-deploye.php#presentation', '10.5.2', 2100502, '1.0', 'accessiweb2.1', 'org.opens.tanaguru.rules.accessiweb21.Aw21Rule10052', 77, NULL, 2, NULL, 1, 'http://www.tanaguru.org/en/content/aw21-rule-10-5-2', b'1'),
(200, 'Aw21-10053', 'http://www.braillenet.org/accessibilite/referentiel-aw21/liste-deploye.php#presentation', '10.5.3', 2100503, '1.0', 'accessiweb2.1', 'org.opens.tanaguru.rules.accessiweb21.Aw21Rule10053', 77, NULL, 2, NULL, 1, 'http://www.tanaguru.org/en/content/aw21-rule-10-5-3', b'1'),
(201, 'Aw21-10061', 'http://www.braillenet.org/accessibilite/referentiel-aw21/liste-deploye.php#presentation', '10.6.1', 2100601, '1.0', 'accessiweb2.1', 'org.opens.tanaguru.rules.accessiweb21.Aw21Rule10061', 78, NULL, 1, NULL, 1, 'http://www.tanaguru.org/en/content/aw21-rule-10-6-1', b'1'),
(202, 'Aw21-10071', 'http://www.braillenet.org/accessibilite/referentiel-aw21/liste-deploye.php#presentation', '10.7.1', 2100701, '1.0', 'accessiweb2.1', 'org.opens.tanaguru.rules.accessiweb21.Aw21Rule10071', 79, NULL, 1, NULL, 1, 'http://www.tanaguru.org/en/content/aw21-rule-10-7-1', b'1'),
(203, 'Aw21-10072', 'http://www.braillenet.org/accessibilite/referentiel-aw21/liste-deploye.php#presentation', '10.7.2', 2100702, '1.0', 'accessiweb2.1', 'org.opens.tanaguru.rules.accessiweb21.Aw21Rule10072', 79, NULL, 1, NULL, 1, 'http://www.tanaguru.org/en/content/aw21-rule-10-7-2', b'1'),
(204, 'Aw21-10073', 'http://www.braillenet.org/accessibilite/referentiel-aw21/liste-deploye.php#presentation', '10.7.3', 2100703, '1.0', 'accessiweb2.1', 'org.opens.tanaguru.rules.accessiweb21.Aw21Rule10073', 79, NULL, 1, NULL, 1, 'http://www.tanaguru.org/en/content/aw21-rule-10-7-3', b'1'),
(205, 'Aw21-10081', 'http://www.braillenet.org/accessibilite/referentiel-aw21/liste-deploye.php#presentation', '10.8.1', 2100801, '1.0', 'accessiweb2.1', 'org.opens.tanaguru.rules.accessiweb21.Aw21Rule10081', 80, NULL, 3, NULL, 1, 'http://www.tanaguru.org/en/content/aw21-rule-10-8-1', b'1'),
(206, 'Aw21-10082', 'http://www.braillenet.org/accessibilite/referentiel-aw21/liste-deploye.php#presentation', '10.8.2', 2100802, '1.0', 'accessiweb2.1', 'org.opens.tanaguru.rules.accessiweb21.Aw21Rule10082', 80, NULL, 3, NULL, 1, 'http://www.tanaguru.org/en/content/aw21-rule-10-8-2', b'1'),
(207, 'Aw21-10083', 'http://www.braillenet.org/accessibilite/referentiel-aw21/liste-deploye.php#presentation', '10.8.3', 2100803, '1.0', 'accessiweb2.1', 'org.opens.tanaguru.rules.accessiweb21.Aw21Rule10083', 80, NULL, 3, NULL, 1, 'http://www.tanaguru.org/en/content/aw21-rule-10-8-3', b'1'),
(208, 'Aw21-10084', 'http://www.braillenet.org/accessibilite/referentiel-aw21/liste-deploye.php#presentation', '10.8.4', 2100804, '1.0', 'accessiweb2.1', 'org.opens.tanaguru.rules.accessiweb21.Aw21Rule10084', 80, NULL, 3, NULL, 1, 'http://www.tanaguru.org/en/content/aw21-rule-10-8-4', b'1'),
(209, 'Aw21-10091', 'http://www.braillenet.org/accessibilite/referentiel-aw21/liste-deploye.php#presentation', '10.9.1', 2100901, '1.0', 'accessiweb2.1', 'org.opens.tanaguru.rules.accessiweb21.Aw21Rule10091', 81, NULL, 3, NULL, 1, 'http://www.tanaguru.org/en/content/aw21-rule-10-9-1', b'1'),
(210, 'Aw21-10101', 'http://www.braillenet.org/accessibilite/referentiel-aw21/liste-deploye.php#presentation', '10.10.1', 2101001, '1.0', 'accessiweb2.1', 'org.opens.tanaguru.rules.accessiweb21.Aw21Rule10101', 82, NULL, 3, NULL, 1, 'http://www.tanaguru.org/en/content/aw21-rule-10-10-1', b'1'),
(211, 'Aw21-10111', 'http://www.braillenet.org/accessibilite/referentiel-aw21/liste-deploye.php#presentation', '10.11.1', 2101101, '1.0', 'accessiweb2.1', 'org.opens.tanaguru.rules.accessiweb21.Aw21Rule10111', 83, NULL, 3, NULL, 1, 'http://www.tanaguru.org/en/content/aw21-rule-10-11-1', b'1'),
(212, 'Aw21-10121', 'http://www.braillenet.org/accessibilite/referentiel-aw21/liste-deploye.php#presentation', '10.12.1', 2101201, '1.0', 'accessiweb2.1', 'org.opens.tanaguru.rules.accessiweb21.Aw21Rule10121', 84, NULL, 3, NULL, 1, 'http://www.tanaguru.org/en/content/aw21-rule-10-12-1', b'1'),
(213, 'Aw21-10122', 'http://www.braillenet.org/accessibilite/referentiel-aw21/liste-deploye.php#presentation', '10.12.2', 2101202, '1.0', 'accessiweb2.1', 'org.opens.tanaguru.rules.accessiweb21.Aw21Rule10122', 84, NULL, 3, NULL, 1, 'http://www.tanaguru.org/en/content/aw21-rule-10-12-2', b'1'),
(214, 'Aw21-10131', 'http://www.braillenet.org/accessibilite/referentiel-aw21/liste-deploye.php#presentation', '10.13.1', 2101301, '1.0', 'accessiweb2.1', 'org.opens.tanaguru.rules.accessiweb21.Aw21Rule10131', 85, NULL, 1, NULL, 1, 'http://www.tanaguru.org/en/content/aw21-rule-10-13-1', b'1'),
(215, 'Aw21-10141', 'http://www.braillenet.org/accessibilite/referentiel-aw21/liste-deploye.php#presentation', '10.14.1', 2101401, '1.0', 'accessiweb2.1', 'org.opens.tanaguru.rules.accessiweb21.Aw21Rule10141', 86, NULL, 1, NULL, 1, 'http://www.tanaguru.org/en/content/aw21-rule-10-14-1', b'1'),
(216, 'Aw21-10142', 'http://www.braillenet.org/accessibilite/referentiel-aw21/liste-deploye.php#presentation', '10.14.2', 2101402, '1.0', 'accessiweb2.1', 'org.opens.tanaguru.rules.accessiweb21.Aw21Rule10142', 86, NULL, 1, NULL, 1, 'http://www.tanaguru.org/en/content/aw21-rule-10-14-2', b'1'),
(217, 'Aw21-10143', 'http://www.braillenet.org/accessibilite/referentiel-aw21/liste-deploye.php#presentation', '10.14.3', 2101403, '1.0', 'accessiweb2.1', 'org.opens.tanaguru.rules.accessiweb21.Aw21Rule10143', 86, NULL, 1, NULL, 1, 'http://www.tanaguru.org/en/content/aw21-rule-10-14-3', b'1'),
(218, 'Aw21-10144', 'http://www.braillenet.org/accessibilite/referentiel-aw21/liste-deploye.php#presentation', '10.14.4', 2101404, '1.0', 'accessiweb2.1', 'org.opens.tanaguru.rules.accessiweb21.Aw21Rule10144', 86, NULL, 1, NULL, 1, 'http://www.tanaguru.org/en/content/aw21-rule-10-14-4', b'1'),
(219, 'Aw21-10151', 'http://www.braillenet.org/accessibilite/referentiel-aw21/liste-deploye.php#presentation', '10.15.1', 2101501, '1.0', 'accessiweb2.1', 'org.opens.tanaguru.rules.accessiweb21.Aw21Rule10151', 87, NULL, 1, NULL, 1, 'http://www.tanaguru.org/en/content/aw21-rule-10-15-1', b'1'),
(220, 'Aw21-10152', 'http://www.braillenet.org/accessibilite/referentiel-aw21/liste-deploye.php#presentation', '10.15.2', 2101502, '1.0', 'accessiweb2.1', 'org.opens.tanaguru.rules.accessiweb21.Aw21Rule10152', 87, NULL, 1, NULL, 1, 'http://www.tanaguru.org/en/content/aw21-rule-10-15-2', b'1'),
(221, 'Aw21-10153', 'http://www.braillenet.org/accessibilite/referentiel-aw21/liste-deploye.php#presentation', '10.15.3', 2101503, '1.0', 'accessiweb2.1', 'org.opens.tanaguru.rules.accessiweb21.Aw21Rule10153', 87, NULL, 1, NULL, 1, 'http://www.tanaguru.org/en/content/aw21-rule-10-15-3', b'1'),
(222, 'Aw21-10154', 'http://www.braillenet.org/accessibilite/referentiel-aw21/liste-deploye.php#presentation', '10.15.4', 2101504, '1.0', 'accessiweb2.1', 'org.opens.tanaguru.rules.accessiweb21.Aw21Rule10154', 87, NULL, 1, NULL, 1, 'http://www.tanaguru.org/en/content/aw21-rule-10-15-4', b'1'),
(223, 'Aw21-11021', 'http://www.braillenet.org/accessibilite/referentiel-aw21/liste-deploye.php#formulaire', '11.2.1', 2110201, '1.0', 'accessiweb2.1', 'org.opens.tanaguru.rules.accessiweb21.Aw21Rule11021', 89, NULL, 1, NULL, 1, 'http://www.tanaguru.org/en/content/aw21-rule-11-2-1', b'0'),
(224, 'Aw21-11022', 'http://www.braillenet.org/accessibilite/referentiel-aw21/liste-deploye.php#formulaire', '11.2.2', 2110202, '1.0', 'accessiweb2.1', 'org.opens.tanaguru.rules.accessiweb21.Aw21Rule11022', 89, NULL, 1, NULL, 1, 'http://www.tanaguru.org/en/content/aw21-rule-11-2-2', b'0'),
(225, 'Aw21-11031', 'http://www.braillenet.org/accessibilite/referentiel-aw21/liste-deploye.php#formulaire', '11.3.1', 2110301, '1.0', 'accessiweb2.1', 'org.opens.tanaguru.rules.accessiweb21.Aw21Rule11031', 90, NULL, 2, NULL, 1, 'http://www.tanaguru.org/en/content/aw21-rule-11-3-1', b'0'),
(226, 'Aw21-11032', 'http://www.braillenet.org/accessibilite/referentiel-aw21/liste-deploye.php#formulaire', '11.3.2', 2110302, '1.0', 'accessiweb2.1', 'org.opens.tanaguru.rules.accessiweb21.Aw21Rule11032', 90, NULL, 2, NULL, 1, 'http://www.tanaguru.org/en/content/aw21-rule-11-3-2', b'1'),
(227, 'Aw21-11041', 'http://www.braillenet.org/accessibilite/referentiel-aw21/liste-deploye.php#formulaire', '11.4.1', 2110401, '1.0', 'accessiweb2.1', 'org.opens.tanaguru.rules.accessiweb21.Aw21Rule11041', 91, NULL, 1, NULL, 1, 'http://www.tanaguru.org/en/content/aw21-rule-11-4-1', b'0'),
(228, 'Aw21-11051', 'http://www.braillenet.org/accessibilite/referentiel-aw21/liste-deploye.php#formulaire', '11.5.1', 2110501, '1.0', 'accessiweb2.1', 'org.opens.tanaguru.rules.accessiweb21.Aw21Rule11051', 92, NULL, 1, NULL, 1, 'http://www.tanaguru.org/en/content/aw21-rule-11-5-1', b'0'),
(229, 'Aw21-11071', 'http://www.braillenet.org/accessibilite/referentiel-aw21/liste-deploye.php#formulaire', '11.7.1', 2110701, '1.0', 'accessiweb2.1', 'org.opens.tanaguru.rules.accessiweb21.Aw21Rule11071', 94, NULL, 1, NULL, 1, 'http://www.tanaguru.org/en/content/aw21-rule-11-7-1', b'0'),
(230, 'Aw21-11081', 'http://www.braillenet.org/accessibilite/referentiel-aw21/liste-deploye.php#formulaire', '11.8.1', 2110801, '1.0', 'accessiweb2.1', 'org.opens.tanaguru.rules.accessiweb21.Aw21Rule11081', 95, NULL, 1, NULL, 1, 'http://www.tanaguru.org/en/content/aw21-rule-11-8-1', b'0'),
(231, 'Aw21-11083', 'http://www.braillenet.org/accessibilite/referentiel-aw21/liste-deploye.php#formulaire', '11.8.3', 2110803, '1.0', 'accessiweb2.1', 'org.opens.tanaguru.rules.accessiweb21.Aw21Rule11083', 95, NULL, 1, NULL, 1, 'http://www.tanaguru.org/en/content/aw21-rule-11-8-3', b'0'),
(232, 'Aw21-11091', 'http://www.braillenet.org/accessibilite/referentiel-aw21/liste-deploye.php#formulaire', '11.9.1', 2110901, '1.0', 'accessiweb2.1', 'org.opens.tanaguru.rules.accessiweb21.Aw21Rule11091', 96, NULL, 1, NULL, 1, 'http://www.tanaguru.org/en/content/aw21-rule-11-9-1', b'0'),
(233, 'Aw21-11101', 'http://www.braillenet.org/accessibilite/referentiel-aw21/liste-deploye.php#formulaire', '11.10.1', 2111001, '1.0', 'accessiweb2.1', 'org.opens.tanaguru.rules.accessiweb21.Aw21Rule11101', 97, NULL, 1, NULL, 1, 'http://www.tanaguru.org/en/content/aw21-rule-11-10-1', b'0'),
(234, 'Aw21-11102', 'http://www.braillenet.org/accessibilite/referentiel-aw21/liste-deploye.php#formulaire', '11.10.2', 2111002, '1.0', 'accessiweb2.1', 'org.opens.tanaguru.rules.accessiweb21.Aw21Rule11102', 97, NULL, 1, NULL, 1, 'http://www.tanaguru.org/en/content/aw21-rule-11-10-2', b'0'),
(235, 'Aw21-11103', 'http://www.braillenet.org/accessibilite/referentiel-aw21/liste-deploye.php#formulaire', '11.10.3', 2111003, '1.0', 'accessiweb2.1', 'org.opens.tanaguru.rules.accessiweb21.Aw21Rule11103', 97, NULL, 1, NULL, 1, 'http://www.tanaguru.org/en/content/aw21-rule-11-10-3', b'0'),
(236, 'Aw21-11111', 'http://www.braillenet.org/accessibilite/referentiel-aw21/liste-deploye.php#formulaire', '11.11.1', 2111101, '1.0', 'accessiweb2.1', 'org.opens.tanaguru.rules.accessiweb21.Aw21Rule11111', 98, NULL, 2, NULL, 1, 'http://www.tanaguru.org/en/content/aw21-rule-11-11-1', b'0'),
(237, 'Aw21-11112', 'http://www.braillenet.org/accessibilite/referentiel-aw21/liste-deploye.php#formulaire', '11.11.2', 2111102, '1.0', 'accessiweb2.1', 'org.opens.tanaguru.rules.accessiweb21.Aw21Rule11112', 98, NULL, 2, NULL, 1, 'http://www.tanaguru.org/en/content/aw21-rule-11-11-2', b'0'),
(238, 'Aw21-11121', 'http://www.braillenet.org/accessibilite/referentiel-aw21/liste-deploye.php#formulaire', '11.12.1', 2111201, '1.0', 'accessiweb2.1', 'org.opens.tanaguru.rules.accessiweb21.Aw21Rule11121', 99, NULL, 2, NULL, 1, 'http://www.tanaguru.org/en/content/aw21-rule-11-12-1', b'0'),
(239, 'Aw21-11122', 'http://www.braillenet.org/accessibilite/referentiel-aw21/liste-deploye.php#formulaire', '11.12.2', 2111202, '1.0', 'accessiweb2.1', 'org.opens.tanaguru.rules.accessiweb21.Aw21Rule11122', 99, NULL, 2, NULL, 1, 'http://www.tanaguru.org/en/content/aw21-rule-11-12-2', b'0'),
(240, 'Aw21-11131', 'http://www.braillenet.org/accessibilite/referentiel-aw21/liste-deploye.php#formulaire', '11.13.1', 2111301, '1.0', 'accessiweb2.1', 'org.opens.tanaguru.rules.accessiweb21.Aw21Rule11131', 100, NULL, 3, NULL, 1, 'http://www.tanaguru.org/en/content/aw21-rule-11-13-1', b'0'),
(241, 'Aw21-11132', 'http://www.braillenet.org/accessibilite/referentiel-aw21/liste-deploye.php#formulaire', '11.13.2', 2111302, '1.0', 'accessiweb2.1', 'org.opens.tanaguru.rules.accessiweb21.Aw21Rule11132', 100, NULL, 3, NULL, 1, 'http://www.tanaguru.org/en/content/aw21-rule-11-13-2', b'0'),
(242, 'Aw21-11141', 'http://www.braillenet.org/accessibilite/referentiel-aw21/liste-deploye.php#formulaire', '11.14.1', 2111401, '1.0', 'accessiweb2.1', 'org.opens.tanaguru.rules.accessiweb21.Aw21Rule11141', 101, NULL, 3, NULL, 1, 'http://www.tanaguru.org/en/content/aw21-rule-11-14-1', b'0'),
(243, 'Aw21-11142', 'http://www.braillenet.org/accessibilite/referentiel-aw21/liste-deploye.php#formulaire', '11.14.2', 2111402, '1.0', 'accessiweb2.1', 'org.opens.tanaguru.rules.accessiweb21.Aw21Rule11142', 101, NULL, 3, NULL, 1, 'http://www.tanaguru.org/en/content/aw21-rule-11-14-2', b'0'),
(244, 'Aw21-11151', 'http://www.braillenet.org/accessibilite/referentiel-aw21/liste-deploye.php#formulaire', '11.15.1', 2111501, '1.0', 'accessiweb2.1', 'org.opens.tanaguru.rules.accessiweb21.Aw21Rule11151', 102, NULL, 3, NULL, 1, 'http://www.tanaguru.org/en/content/aw21-rule-11-15-1', b'0'),
(245, 'Aw21-12011', 'http://www.braillenet.org/accessibilite/referentiel-aw21/liste-deploye.php#navigation', '12.1.1', 2120101, '1.0', 'accessiweb2.1', 'org.opens.tanaguru.rules.accessiweb21.Aw21Rule12011', 103, NULL, 2, NULL, 1, 'http://www.tanaguru.org/en/content/aw21-rule-12-1-1', b'1'),
(246, 'Aw21-12021', 'http://www.braillenet.org/accessibilite/referentiel-aw21/liste-deploye.php#navigation', '12.2.1', 2120201, '1.0', 'accessiweb2.1', 'org.opens.tanaguru.rules.accessiweb21.Aw21Rule12021', 104, NULL, 2, NULL, 1, 'http://www.tanaguru.org/en/content/aw21-rule-12-2-1', b'1'),
(247, 'Aw21-12022', 'http://www.braillenet.org/accessibilite/referentiel-aw21/liste-deploye.php#navigation', '12.2.2', 2120202, '1.0', 'accessiweb2.1', 'org.opens.tanaguru.rules.accessiweb21.Aw21Rule12022', 104, NULL, 2, NULL, 1, 'http://www.tanaguru.org/en/content/aw21-rule-12-2-2', b'1'),
(248, 'Aw21-12031', 'http://www.braillenet.org/accessibilite/referentiel-aw21/liste-deploye.php#navigation', '12.3.1', 2120301, '1.0', 'accessiweb2.1', 'org.opens.tanaguru.rules.accessiweb21.Aw21Rule12031', 105, NULL, 2, NULL, 1, 'http://www.tanaguru.org/en/content/aw21-rule-12-3-1', b'1'),
(249, 'Aw21-12032', 'http://www.braillenet.org/accessibilite/referentiel-aw21/liste-deploye.php#navigation', '12.3.2', 2120302, '1.0', 'accessiweb2.1', 'org.opens.tanaguru.rules.accessiweb21.Aw21Rule12032', 105, NULL, 2, NULL, 1, 'http://www.tanaguru.org/en/content/aw21-rule-12-3-2', b'1'),
(250, 'Aw21-12041', 'http://www.braillenet.org/accessibilite/referentiel-aw21/liste-deploye.php#navigation', '12.4.1', 2120401, '1.0', 'accessiweb2.1', 'org.opens.tanaguru.rules.accessiweb21.Aw21Rule12041', 106, NULL, 2, NULL, 1, 'http://www.tanaguru.org/en/content/aw21-rule-12-4-1', b'1'),
(251, 'Aw21-12042', 'http://www.braillenet.org/accessibilite/referentiel-aw21/liste-deploye.php#navigation', '12.4.2', 2120402, '1.0', 'accessiweb2.1', 'org.opens.tanaguru.rules.accessiweb21.Aw21Rule12042', 106, NULL, 2, NULL, 1, 'http://www.tanaguru.org/en/content/aw21-rule-12-4-2', b'1'),
(252, 'Aw21-12043', 'http://www.braillenet.org/accessibilite/referentiel-aw21/liste-deploye.php#navigation', '12.4.3', 2120403, '1.0', 'accessiweb2.1', 'org.opens.tanaguru.rules.accessiweb21.Aw21Rule12043', 106, NULL, 2, NULL, 1, 'http://www.tanaguru.org/en/content/aw21-rule-12-4-3', b'1'),
(253, 'Aw21-12051', 'http://www.braillenet.org/accessibilite/referentiel-aw21/liste-deploye.php#navigation', '12.5.1', 2120501, '1.0', 'accessiweb2.1', 'org.opens.tanaguru.rules.accessiweb21.Aw21Rule12051', 107, NULL, 2, NULL, 1, 'http://www.tanaguru.org/en/content/aw21-rule-12-5-1', b'1'),
(254, 'Aw21-12052', 'http://www.braillenet.org/accessibilite/referentiel-aw21/liste-deploye.php#navigation', '12.5.2', 2120502, '1.0', 'accessiweb2.1', 'org.opens.tanaguru.rules.accessiweb21.Aw21Rule12052', 107, NULL, 2, NULL, 1, 'http://www.tanaguru.org/en/content/aw21-rule-12-5-2', b'1'),
(255, 'Aw21-12053', 'http://www.braillenet.org/accessibilite/referentiel-aw21/liste-deploye.php#navigation', '12.5.3', 2120503, '1.0', 'accessiweb2.1', 'org.opens.tanaguru.rules.accessiweb21.Aw21Rule12053', 107, NULL, 2, NULL, 1, 'http://www.tanaguru.org/en/content/aw21-rule-12-5-3', b'1'),
(256, 'Aw21-12061', 'http://www.braillenet.org/accessibilite/referentiel-aw21/liste-deploye.php#navigation', '12.6.1', 2120601, '1.0', 'accessiweb2.1', 'org.opens.tanaguru.rules.accessiweb21.Aw21Rule12061', 108, NULL, 2, NULL, 1, 'http://www.tanaguru.org/en/content/aw21-rule-12-6-1', b'1'),
(257, 'Aw21-12062', 'http://www.braillenet.org/accessibilite/referentiel-aw21/liste-deploye.php#navigation', '12.6.2', 2120602, '1.0', 'accessiweb2.1', 'org.opens.tanaguru.rules.accessiweb21.Aw21Rule12062', 108, NULL, 2, NULL, 1, 'http://www.tanaguru.org/en/content/aw21-rule-12-6-2', b'1'),
(258, 'Aw21-12063', 'http://www.braillenet.org/accessibilite/referentiel-aw21/liste-deploye.php#navigation', '12.6.3', 2120603, '1.0', 'accessiweb2.1', 'org.opens.tanaguru.rules.accessiweb21.Aw21Rule12063', 108, NULL, 2, NULL, 1, 'http://www.tanaguru.org/en/content/aw21-rule-12-6-3', b'1'),
(259, 'Aw21-12071', 'http://www.braillenet.org/accessibilite/referentiel-aw21/liste-deploye.php#navigation', '12.7.1', 2120701, '1.0', 'accessiweb2.1', 'org.opens.tanaguru.rules.accessiweb21.Aw21Rule12071', 109, NULL, 2, NULL, 1, 'http://www.tanaguru.org/en/content/aw21-rule-12-7-1', b'1'),
(260, 'Aw21-12081', 'http://www.braillenet.org/accessibilite/referentiel-aw21/liste-deploye.php#navigation', '12.8.1', 2120801, '1.0', 'accessiweb2.1', 'org.opens.tanaguru.rules.accessiweb21.Aw21Rule12081', 110, NULL, 3, NULL, 1, 'http://www.tanaguru.org/en/content/aw21-rule-12-8-1', b'1'),
(261, 'Aw21-12091', 'http://www.braillenet.org/accessibilite/referentiel-aw21/liste-deploye.php#navigation', '12.9.1', 2120901, '1.0', 'accessiweb2.1', 'org.opens.tanaguru.rules.accessiweb21.Aw21Rule12091', 111, NULL, 3, NULL, 1, 'http://www.tanaguru.org/en/content/aw21-rule-12-9-1', b'1'),
(262, 'Aw21-12101', 'http://www.braillenet.org/accessibilite/referentiel-aw21/liste-deploye.php#navigation', '12.10.1', 2121001, '1.0', 'accessiweb2.1', 'org.opens.tanaguru.rules.accessiweb21.Aw21Rule12101', 112, NULL, 1, NULL, 1, 'http://www.tanaguru.org/en/content/aw21-rule-12-10-1', b'1'),
(263, 'Aw21-12102', 'http://www.braillenet.org/accessibilite/referentiel-aw21/liste-deploye.php#navigation', '12.10.2', 2121002, '1.0', 'accessiweb2.1', 'org.opens.tanaguru.rules.accessiweb21.Aw21Rule12102', 112, NULL, 1, NULL, 1, 'http://www.tanaguru.org/en/content/aw21-rule-12-10-2', b'1'),
(264, 'Aw21-12103', 'http://www.braillenet.org/accessibilite/referentiel-aw21/liste-deploye.php#navigation', '12.10.3', 2121003, '1.0', 'accessiweb2.1', 'org.opens.tanaguru.rules.accessiweb21.Aw21Rule12103', 112, NULL, 1, NULL, 1, 'http://www.tanaguru.org/en/content/aw21-rule-12-10-3', b'1'),
(265, 'Aw21-12111', 'http://www.braillenet.org/accessibilite/referentiel-aw21/liste-deploye.php#navigation', '12.11.1', 2121101, '1.0', 'accessiweb2.1', 'org.opens.tanaguru.rules.accessiweb21.Aw21Rule12111', 113, NULL, 1, NULL, 1, 'http://www.tanaguru.org/en/content/aw21-rule-12-11-1', b'1'),
(266, 'Aw21-12112', 'http://www.braillenet.org/accessibilite/referentiel-aw21/liste-deploye.php#navigation', '12.11.2', 2121102, '1.0', 'accessiweb2.1', 'org.opens.tanaguru.rules.accessiweb21.Aw21Rule12112', 113, NULL, 1, NULL, 1, 'http://www.tanaguru.org/en/content/aw21-rule-12-11-2', b'1'),
(267, 'Aw21-12113', 'http://www.braillenet.org/accessibilite/referentiel-aw21/liste-deploye.php#navigation', '12.11.3', 2121103, '1.0', 'accessiweb2.1', 'org.opens.tanaguru.rules.accessiweb21.Aw21Rule12113', 113, NULL, 1, NULL, 1, 'http://www.tanaguru.org/en/content/aw21-rule-12-11-3', b'1'),
(268, 'Aw21-12114', 'http://www.braillenet.org/accessibilite/referentiel-aw21/liste-deploye.php#navigation', '12.11.4', 2121104, '1.0', 'accessiweb2.1', 'org.opens.tanaguru.rules.accessiweb21.Aw21Rule12114', 113, NULL, 1, NULL, 1, 'http://www.tanaguru.org/en/content/aw21-rule-12-11-4', b'1'),
(269, 'Aw21-12121', 'http://www.braillenet.org/accessibilite/referentiel-aw21/liste-deploye.php#navigation', '12.12.1', 2121201, '1.0', 'accessiweb2.1', 'org.opens.tanaguru.rules.accessiweb21.Aw21Rule12121', 114, NULL, 3, NULL, 1, 'http://www.tanaguru.org/en/content/aw21-rule-12-12-1', b'1'),
(270, 'Aw21-12131', 'http://www.braillenet.org/accessibilite/referentiel-aw21/liste-deploye.php#navigation', '12.13.1', 2121301, '1.0', 'accessiweb2.1', 'org.opens.tanaguru.rules.accessiweb21.Aw21Rule12131', 115, NULL, 1, NULL, 1, 'http://www.tanaguru.org/en/content/aw21-rule-12-13-1', b'1'),
(271, 'Aw21-12132', 'http://www.braillenet.org/accessibilite/referentiel-aw21/liste-deploye.php#navigation', '12.13.2', 2121302, '1.0', 'accessiweb2.1', 'org.opens.tanaguru.rules.accessiweb21.Aw21Rule12132', 115, NULL, 1, NULL, 1, 'http://www.tanaguru.org/en/content/aw21-rule-12-13-2', b'1'),
(272, 'Aw21-12141', 'http://www.braillenet.org/accessibilite/referentiel-aw21/liste-deploye.php#navigation', '12.14.1', 2121401, '1.0', 'accessiweb2.1', 'org.opens.tanaguru.rules.accessiweb21.Aw21Rule12141', 116, NULL, 1, NULL, 1, 'http://www.tanaguru.org/en/content/aw21-rule-12-14-1', b'1'),
(273, 'Aw21-13011', 'http://www.braillenet.org/accessibilite/referentiel-aw21/liste-deploye.php#consultation', '13.1.1', 2130101, '1.0', 'accessiweb2.1', 'org.opens.tanaguru.rules.accessiweb21.Aw21Rule13011', 117, NULL, 1, NULL, 1, 'http://www.tanaguru.org/en/content/aw21-rule-13-1-1', b'1'),
(274, 'Aw21-13012', 'http://www.braillenet.org/accessibilite/referentiel-aw21/liste-deploye.php#consultation', '13.1.2', 2130102, '1.0', 'accessiweb2.1', 'org.opens.tanaguru.rules.accessiweb21.Aw21Rule13012', 117, NULL, 1, NULL, 1, 'http://www.tanaguru.org/en/content/aw21-rule-13-1-2', b'0'),
(275, 'Aw21-13013', 'http://www.braillenet.org/accessibilite/referentiel-aw21/liste-deploye.php#consultation', '13.1.3', 2130103, '1.0', 'accessiweb2.1', 'org.opens.tanaguru.rules.accessiweb21.Aw21Rule13013', 117, NULL, 1, NULL, 1, 'http://www.tanaguru.org/en/content/aw21-rule-13-1-3', b'1'),
(276, 'Aw21-13014', 'http://www.braillenet.org/accessibilite/referentiel-aw21/liste-deploye.php#consultation', '13.1.4', 2130104, '1.0', 'accessiweb2.1', 'org.opens.tanaguru.rules.accessiweb21.Aw21Rule13014', 117, NULL, 1, NULL, 1, 'http://www.tanaguru.org/en/content/aw21-rule-13-1-4', b'1'),
(277, 'Aw21-13021', 'http://www.braillenet.org/accessibilite/referentiel-aw21/liste-deploye.php#consultation', '13.2.1', 2130201, '1.0', 'accessiweb2.1', 'org.opens.tanaguru.rules.accessiweb21.Aw21Rule13021', 118, NULL, 1, NULL, 1, 'http://www.tanaguru.org/en/content/aw21-rule-13-2-1', b'1'),
(278, 'Aw21-13022', 'http://www.braillenet.org/accessibilite/referentiel-aw21/liste-deploye.php#consultation', '13.2.2', 2130202, '1.0', 'accessiweb2.1', 'org.opens.tanaguru.rules.accessiweb21.Aw21Rule13022', 118, NULL, 1, NULL, 1, 'http://www.tanaguru.org/en/content/aw21-rule-13-2-2', b'1'),
(279, 'Aw21-13023', 'http://www.braillenet.org/accessibilite/referentiel-aw21/liste-deploye.php#consultation', '13.2.3', 2130203, '1.0', 'accessiweb2.1', 'org.opens.tanaguru.rules.accessiweb21.Aw21Rule13023', 118, NULL, 1, NULL, 1, 'http://www.tanaguru.org/en/content/aw21-rule-13-2-3', b'1'),
(280, 'Aw21-13031', 'http://www.braillenet.org/accessibilite/referentiel-aw21/liste-deploye.php#consultation', '13.3.1', 2130301, '1.0', 'accessiweb2.1', 'org.opens.tanaguru.rules.accessiweb21.Aw21Rule13031', 119, NULL, 1, NULL, 1, 'http://www.tanaguru.org/en/content/aw21-rule-13-3-1', b'1'),
(281, 'Aw21-13041', 'http://www.braillenet.org/accessibilite/referentiel-aw21/liste-deploye.php#consultation', '13.4.1', 2130401, '1.0', 'accessiweb2.1', 'org.opens.tanaguru.rules.accessiweb21.Aw21Rule13041', 120, NULL, 3, NULL, 1, 'http://www.tanaguru.org/en/content/aw21-rule-13-4-1', b'1'),
(282, 'Aw21-13051', 'http://www.braillenet.org/accessibilite/referentiel-aw21/liste-deploye.php#consultation', '13.5.1', 2130501, '1.0', 'accessiweb2.1', 'org.opens.tanaguru.rules.accessiweb21.Aw21Rule13051', 121, NULL, 3, NULL, 1, 'http://www.tanaguru.org/en/content/aw21-rule-13-5-1', b'1'),
(283, 'Aw21-13061', 'http://www.braillenet.org/accessibilite/referentiel-aw21/liste-deploye.php#consultation', '13.6.1', 2130601, '1.0', 'accessiweb2.1', 'org.opens.tanaguru.rules.accessiweb21.Aw21Rule13061', 122, NULL, 1, NULL, 1, 'http://www.tanaguru.org/en/content/aw21-rule-13-6-1', b'1'),
(284, 'Aw21-13062', 'http://www.braillenet.org/accessibilite/referentiel-aw21/liste-deploye.php#consultation', '13.6.2', 2130602, '1.0', 'accessiweb2.1', 'org.opens.tanaguru.rules.accessiweb21.Aw21Rule13062', 122, NULL, 1, NULL, 1, 'http://www.tanaguru.org/en/content/aw21-rule-13-6-2', b'1'),
(285, 'Aw21-13063', 'http://www.braillenet.org/accessibilite/referentiel-aw21/liste-deploye.php#consultation', '13.6.3', 2130603, '1.0', 'accessiweb2.1', 'org.opens.tanaguru.rules.accessiweb21.Aw21Rule13063', 122, NULL, 1, NULL, 1, 'http://www.tanaguru.org/en/content/aw21-rule-13-6-3', b'1'),
(286, 'Aw21-13071', 'http://www.braillenet.org/accessibilite/referentiel-aw21/liste-deploye.php#consultation', '13.7.1', 2130701, '1.0', 'accessiweb2.1', 'org.opens.tanaguru.rules.accessiweb21.Aw21Rule13071', 123, NULL, 1, NULL, 1, 'http://www.tanaguru.org/en/content/aw21-rule-13-7-1', b'1'),
(287, 'Aw21-13081', 'http://www.braillenet.org/accessibilite/referentiel-aw21/liste-deploye.php#consultation', '13.8.1', 2130801, '1.0', 'accessiweb2.1', 'org.opens.tanaguru.rules.accessiweb21.Aw21Rule13081', 124, NULL, 1, NULL, 1, 'http://www.tanaguru.org/en/content/aw21-rule-13-8-1', b'1'),
(288, 'Aw21-13091', 'http://www.braillenet.org/accessibilite/referentiel-aw21/liste-deploye.php#consultation', '13.9.1', 2130901, '1.0', 'accessiweb2.1', 'org.opens.tanaguru.rules.accessiweb21.Aw21Rule13091', 125, NULL, 3, NULL, 1, 'http://www.tanaguru.org/en/content/aw21-rule-13-9-1', b'1'),
(289, 'Aw21-13101', 'http://www.braillenet.org/accessibilite/referentiel-aw21/liste-deploye.php#consultation', '13.10.1', 2131001, '1.0', 'accessiweb2.1', 'org.opens.tanaguru.rules.accessiweb21.Aw21Rule13101', 126, NULL, 3, NULL, 1, 'http://www.tanaguru.org/en/content/aw21-rule-13-10-1', b'1'),
(290, 'Aw21-13111', 'http://www.braillenet.org/accessibilite/referentiel-aw21/liste-deploye.php#consultation', '13.11.1', 2131101, '1.0', 'accessiweb2.1', 'org.opens.tanaguru.rules.accessiweb21.Aw21Rule13111', 127, NULL, 1, NULL, 1, 'http://www.tanaguru.org/en/content/aw21-rule-13-11-1', b'1'),
(291, 'Aw21-13121', 'http://www.braillenet.org/accessibilite/referentiel-aw21/liste-deploye.php#consultation', '13.12.1', 2131201, '1.0', 'accessiweb2.1', 'org.opens.tanaguru.rules.accessiweb21.Aw21Rule13121', 128, NULL, 1, NULL, 1, 'http://www.tanaguru.org/en/content/aw21-rule-13-12-1', b'1'),
(292, 'Aw21-13131', 'http://www.braillenet.org/accessibilite/referentiel-aw21/liste-deploye.php#consultation', '13.13.1', 2131301, '1.0', 'accessiweb2.1', 'org.opens.tanaguru.rules.accessiweb21.Aw21Rule13131', 129, NULL, 3, NULL, 1, 'http://www.tanaguru.org/en/content/aw21-rule-13-13-1', b'1'),
(293, 'Aw21-13141', 'http://www.braillenet.org/accessibilite/referentiel-aw21/liste-deploye.php#consultation', '13.14.1', 2131401, '1.0', 'accessiweb2.1', 'org.opens.tanaguru.rules.accessiweb21.Aw21Rule13141', 130, NULL, 3, NULL, 1, 'http://www.tanaguru.org/en/content/aw21-rule-13-14-1', b'1'),
(294, 'Aw21-13151', 'http://www.braillenet.org/accessibilite/referentiel-aw21/liste-deploye.php#consultation', '13.15.1', 2131501, '1.0', 'accessiweb2.1', 'org.opens.tanaguru.rules.accessiweb21.Aw21Rule13151', 131, NULL, 1, NULL, 1, 'http://www.tanaguru.org/en/content/aw21-rule-13-15-1', b'1'),
(295, 'Aw21-13152', 'http://www.braillenet.org/accessibilite/referentiel-aw21/liste-deploye.php#consultation', '13.15.2', 2131502, '1.0', 'accessiweb2.1', 'org.opens.tanaguru.rules.accessiweb21.Aw21Rule13152', 131, NULL, 1, NULL, 1, 'http://www.tanaguru.org/en/content/aw21-rule-13-15-2', b'1'),
(296, 'Aw21-13153', 'http://www.braillenet.org/accessibilite/referentiel-aw21/liste-deploye.php#consultation', '13.15.3', 2131503, '1.0', 'accessiweb2.1', 'org.opens.tanaguru.rules.accessiweb21.Aw21Rule13153', 131, NULL, 1, NULL, 1, 'http://www.tanaguru.org/en/content/aw21-rule-13-15-3', b'1'),
(297, 'Aw21-13154', 'http://www.braillenet.org/accessibilite/referentiel-aw21/liste-deploye.php#consultation', '13.15.4', 2131504, '1.0', 'accessiweb2.1', 'org.opens.tanaguru.rules.accessiweb21.Aw21Rule13154', 131, NULL, 1, NULL, 1, 'http://www.tanaguru.org/en/content/aw21-rule-13-15-4', b'1'),
(298, 'Aw21-13161', 'http://www.braillenet.org/accessibilite/referentiel-aw21/liste-deploye.php#consultation', '13.16.1', 2131601, '1.0', 'accessiweb2.1', 'org.opens.tanaguru.rules.accessiweb21.Aw21Rule13161', 132, NULL, 3, NULL, 1, 'http://www.tanaguru.org/en/content/aw21-rule-13-16-1', b'1'),
(299, 'Aw21-13162', 'http://www.braillenet.org/accessibilite/referentiel-aw21/liste-deploye.php#consultation', '13.16.2', 2131602, '1.0', 'accessiweb2.1', 'org.opens.tanaguru.rules.accessiweb21.Aw21Rule13162', 132, NULL, 3, NULL, 1, 'http://www.tanaguru.org/en/content/aw21-rule-13-16-2', b'1'),
(300, 'Aw21-13163', 'http://www.braillenet.org/accessibilite/referentiel-aw21/liste-deploye.php#consultation', '13.16.3', 2131603, '1.0', 'accessiweb2.1', 'org.opens.tanaguru.rules.accessiweb21.Aw21Rule13163', 132, NULL, 3, NULL, 1, 'http://www.tanaguru.org/en/content/aw21-rule-13-16-3', b'1'),
(301, 'Aw21-13164', 'http://www.braillenet.org/accessibilite/referentiel-aw21/liste-deploye.php#consultation', '13.16.4', 2131604, '1.0', 'accessiweb2.1', 'org.opens.tanaguru.rules.accessiweb21.Aw21Rule13164', 132, NULL, 3, NULL, 1, 'http://www.tanaguru.org/en/content/aw21-rule-13-16-4', b'1'),
(302, 'Aw21-13171', 'http://www.braillenet.org/accessibilite/referentiel-aw21/liste-deploye.php#consultation', '13.17.1', 2131701, '1.0', 'accessiweb2.1', 'org.opens.tanaguru.rules.accessiweb21.Aw21Rule13171', 133, NULL, 1, NULL, 1, 'http://www.tanaguru.org/en/content/aw21-rule-13-17-1', b'1'),
(303, 'Aw21-13172', 'http://www.braillenet.org/accessibilite/referentiel-aw21/liste-deploye.php#consultation', '13.17.2', 2131702, '1.0', 'accessiweb2.1', 'org.opens.tanaguru.rules.accessiweb21.Aw21Rule13172', 133, NULL, 1, NULL, 1, 'http://www.tanaguru.org/en/content/aw21-rule-13-17-2', b'1'),
(304, 'Aw21-09014', 'http://www.braillenet.org/accessibilite/referentiel-aw21/liste-deploye.php#structure', '9.1.4', 2090104, '1.0', 'accessiweb2.1', 'org.opens.tanaguru.rules.accessiweb21.Aw21Rule09014', 68, NULL, 1, NULL, 1, 'http://www.tanaguru.org/en/content/aw21-rule-9-1-4', b'1'),
(305, 'Aw21-13015', 'http://www.braillenet.org/accessibilite/referentiel-aw21/liste-deploye.php#consultation', '13.1.5', 2130105, '1.0', 'accessiweb2.1', 'org.opens.tanaguru.rules.accessiweb21.Aw21Rule13015', 117, NULL, 1, NULL, 1, 'http://www.tanaguru.org/en/content/aw21-rule-13-1-5', b'1'), 
INSERT IGNORE INTO `TEST` (`Id_Test`, `Cd_Test`, `Description`, `Label`, `Rank`, `Weight`, `Rule_Archive_Name`, `Rule_Class_Name`, `Id_Criterion`, `Id_Decision_Level`, `Id_Level`, `Id_Rule`, `Id_Scope`, `Rule_Design_Url`, `No_Process`) VALUES
(501, 'AW22-01011', 'http://www.accessiweb.org/index.php/accessiweb_2.2_liste_generale.html#images', '1.1.1', 3010101, '1.0', 'accessiweb2.2', 'org.opens.tanaguru.rules.accessiweb22.Aw22Rule01011', 201, NULL, 1, NULL, 1, 'http://www.tanaguru.org/en/content/aw22-rule-1-1-1', b'0'),
(502, 'AW22-01012', 'http://www.accessiweb.org/index.php/accessiweb_2.2_liste_generale.html#images', '1.1.2', 3010102, '1.0', 'accessiweb2.2', 'org.opens.tanaguru.rules.accessiweb22.Aw22Rule01012', 201, NULL, 1, NULL, 1, 'http://www.tanaguru.org/en/content/aw22-rule-1-1-2', b'0'),
(503, 'AW22-01013', 'http://www.accessiweb.org/index.php/accessiweb_2.2_liste_generale.html#images', '1.1.3', 3010103, '1.0', 'accessiweb2.2', 'org.opens.tanaguru.rules.accessiweb22.Aw22Rule01013', 201, NULL, 1, NULL, 1, 'http://www.tanaguru.org/en/content/aw22-rule-1-1-3', b'0'),
(504, 'AW22-01014', 'http://www.accessiweb.org/index.php/accessiweb_2.2_liste_generale.html#images', '1.1.4', 3010104, '1.0', 'accessiweb2.2', 'org.opens.tanaguru.rules.accessiweb22.Aw22Rule01014', 201, NULL, 1, NULL, 1, 'http://www.tanaguru.org/en/content/aw22-rule-1-1-4', b'1'),
(505, 'AW22-01021', 'http://www.accessiweb.org/index.php/accessiweb_2.2_liste_generale.html#images', '1.2.1', 3010201, '1.0', 'accessiweb2.2', 'org.opens.tanaguru.rules.accessiweb22.Aw22Rule01021', 202, NULL, 1, NULL, 1, 'http://www.tanaguru.org/en/content/aw22-rule-1-2-1', b'1'),
(506, 'AW22-01022', 'http://www.accessiweb.org/index.php/accessiweb_2.2_liste_generale.html#images', '1.2.2', 3010202, '1.0', 'accessiweb2.2', 'org.opens.tanaguru.rules.accessiweb22.Aw22Rule01022', 202, NULL, 1, NULL, 1, 'http://www.tanaguru.org/en/content/aw22-rule-1-2-2', b'1'),
(507, 'AW22-01023', 'http://www.accessiweb.org/index.php/accessiweb_2.2_liste_generale.html#images', '1.2.3', 3010203, '1.0', 'accessiweb2.2', 'org.opens.tanaguru.rules.accessiweb22.Aw22Rule01023', 202, NULL, 1, NULL, 1, 'http://www.tanaguru.org/en/content/aw22-rule-1-2-3', b'1'),
(508, 'AW22-01024', 'http://www.accessiweb.org/index.php/accessiweb_2.2_liste_generale.html#images', '1.2.4', 3010204, '1.0', 'accessiweb2.2', 'org.opens.tanaguru.rules.accessiweb22.Aw22Rule01024', 202, NULL, 1, NULL, 1, 'http://www.tanaguru.org/en/content/aw22-rule-1-2-4', b'1'),
(509, 'AW22-01025', 'http://www.accessiweb.org/index.php/accessiweb_2.2_liste_generale.html#images', '1.2.5', 3010205, '1.0', 'accessiweb2.2', 'org.opens.tanaguru.rules.accessiweb22.Aw22Rule01025', 202, NULL, 1, NULL, 1, 'http://www.tanaguru.org/en/content/aw22-rule-1-2-5', b'1'),
(510, 'AW22-01031', 'http://www.accessiweb.org/index.php/accessiweb_2.2_liste_generale.html#images', '1.3.1', 3010301, '1.0', 'accessiweb2.2', 'org.opens.tanaguru.rules.accessiweb22.Aw22Rule01031', 203, NULL, 1, NULL, 1, 'http://www.tanaguru.org/en/content/aw22-rule-1-3-1', b'1'),
(511, 'AW22-01032', 'http://www.accessiweb.org/index.php/accessiweb_2.2_liste_generale.html#images', '1.3.2', 3010302, '1.0', 'accessiweb2.2', 'org.opens.tanaguru.rules.accessiweb22.Aw22Rule01032', 203, NULL, 1, NULL, 1, 'http://www.tanaguru.org/en/content/aw22-rule-1-3-2', b'1'),
(512, 'AW22-01033', 'http://www.accessiweb.org/index.php/accessiweb_2.2_liste_generale.html#images', '1.3.3', 3010303, '1.0', 'accessiweb2.2', 'org.opens.tanaguru.rules.accessiweb22.Aw22Rule01033', 203, NULL, 1, NULL, 1, 'http://www.tanaguru.org/en/content/aw22-rule-1-3-3', b'1'),
(513, 'AW22-01034', 'http://www.accessiweb.org/index.php/accessiweb_2.2_liste_generale.html#images', '1.3.4', 3010304, '1.0', 'accessiweb2.2', 'org.opens.tanaguru.rules.accessiweb22.Aw22Rule01034', 203, NULL, 1, NULL, 1, 'http://www.tanaguru.org/en/content/aw22-rule-1-3-4', b'1'),
(514, 'AW22-01035', 'http://www.accessiweb.org/index.php/accessiweb_2.2_liste_generale.html#images', '1.3.5', 3010305, '1.0', 'accessiweb2.2', 'org.opens.tanaguru.rules.accessiweb22.Aw22Rule01035', 203, NULL, 1, NULL, 1, 'http://www.tanaguru.org/en/content/aw22-rule-1-3-5', b'1'),
(515, 'AW22-01036', 'http://www.accessiweb.org/index.php/accessiweb_2.2_liste_generale.html#images', '1.3.6', 3010306, '1.0', 'accessiweb2.2', 'org.opens.tanaguru.rules.accessiweb22.Aw22Rule01036', 203, NULL, 1, NULL, 1, 'http://www.tanaguru.org/en/content/aw22-rule-1-3-6', b'1'),
(516, 'AW22-01037', 'http://www.accessiweb.org/index.php/accessiweb_2.2_liste_generale.html#images', '1.3.7', 3010307, '1.0', 'accessiweb2.2', 'org.opens.tanaguru.rules.accessiweb22.Aw22Rule01037', 203, NULL, 1, NULL, 1, 'http://www.tanaguru.org/en/content/aw22-rule-1-3-7', b'1'),
(517, 'AW22-01041', 'http://www.accessiweb.org/index.php/accessiweb_2.2_liste_generale.html#images', '1.4.1', 3010401, '1.0', 'accessiweb2.2', 'org.opens.tanaguru.rules.accessiweb22.Aw22Rule01041', 204, NULL, 1, NULL, 1, 'http://www.tanaguru.org/en/content/aw22-rule-1-4-1', b'1'),
(518, 'AW22-01042', 'http://www.accessiweb.org/index.php/accessiweb_2.2_liste_generale.html#images', '1.4.2', 3010402, '1.0', 'accessiweb2.2', 'org.opens.tanaguru.rules.accessiweb22.Aw22Rule01042', 204, NULL, 1, NULL, 1, 'http://www.tanaguru.org/en/content/aw22-rule-1-4-2', b'1'),
(519, 'AW22-01043', 'http://www.accessiweb.org/index.php/accessiweb_2.2_liste_generale.html#images', '1.4.3', 3010403, '1.0', 'accessiweb2.2', 'org.opens.tanaguru.rules.accessiweb22.Aw22Rule01043', 204, NULL, 1, NULL, 1, 'http://www.tanaguru.org/en/content/aw22-rule-1-4-3', b'1'),
(520, 'AW22-01044', 'http://www.accessiweb.org/index.php/accessiweb_2.2_liste_generale.html#images', '1.4.4', 3010404, '1.0', 'accessiweb2.2', 'org.opens.tanaguru.rules.accessiweb22.Aw22Rule01044', 204, NULL, 1, NULL, 1, 'http://www.tanaguru.org/en/content/aw22-rule-1-4-4', b'1'),
(521, 'AW22-01045', 'http://www.accessiweb.org/index.php/accessiweb_2.2_liste_generale.html#images', '1.4.5', 3010405, '1.0', 'accessiweb2.2', 'org.opens.tanaguru.rules.accessiweb22.Aw22Rule01045', 204, NULL, 1, NULL, 1, 'http://www.tanaguru.org/en/content/aw22-rule-1-4-5', b'1'),
(522, 'AW22-01046', 'http://www.accessiweb.org/index.php/accessiweb_2.2_liste_generale.html#images', '1.4.6', 3010406, '1.0', 'accessiweb2.2', 'org.opens.tanaguru.rules.accessiweb22.Aw22Rule01046', 204, NULL, 1, NULL, 1, 'http://www.tanaguru.org/en/content/aw22-rule-1-4-6', b'1'),
(523, 'AW22-01051', 'http://www.accessiweb.org/index.php/accessiweb_2.2_liste_generale.html#images', '1.5.1', 3010501, '1.0', 'accessiweb2.2', 'org.opens.tanaguru.rules.accessiweb22.Aw22Rule01052', 205, NULL, 1, NULL, 1, 'http://www.tanaguru.org/en/content/aw22-rule-1-5-1', b'1'),
(524, 'AW22-01052', 'http://www.accessiweb.org/index.php/accessiweb_2.2_liste_generale.html#images', '1.5.2', 3010502, '1.0', 'accessiweb2.2', 'org.opens.tanaguru.rules.accessiweb22.Aw22Rule01081', 205, NULL, 1, NULL, 1, 'http://www.tanaguru.org/en/content/aw22-rule-1-5-2', b'1'),
(525, 'AW22-01061', 'http://www.accessiweb.org/index.php/accessiweb_2.2_liste_generale.html#images', '1.6.1', 3010601, '1.0', 'accessiweb2.2', 'org.opens.tanaguru.rules.accessiweb22.Aw22Rule01061', 206, NULL, 1, NULL, 1, 'http://www.tanaguru.org/en/content/aw22-rule-1-6-1', b'1'),
(526, 'AW22-01062', 'http://www.accessiweb.org/index.php/accessiweb_2.2_liste_generale.html#images', '1.6.2', 3010602, '1.0', 'accessiweb2.2', 'org.opens.tanaguru.rules.accessiweb22.Aw22Rule01062', 206, NULL, 1, NULL, 1, 'http://www.tanaguru.org/en/content/aw22-rule-1-6-2', b'1'),
(527, 'AW22-01063', 'http://www.accessiweb.org/index.php/accessiweb_2.2_liste_generale.html#images', '1.6.3', 3010603, '1.0', 'accessiweb2.2', 'org.opens.tanaguru.rules.accessiweb22.Aw22Rule01063', 206, NULL, 1, NULL, 1, 'http://www.tanaguru.org/en/content/aw22-rule-1-6-3', b'1'),
(528, 'AW22-01064', 'http://www.accessiweb.org/index.php/accessiweb_2.2_liste_generale.html#images', '1.6.4', 3010604, '1.0', 'accessiweb2.2', 'org.opens.tanaguru.rules.accessiweb22.Aw22Rule01064', 206, NULL, 1, NULL, 1, 'http://www.tanaguru.org/en/content/aw22-rule-1-6-4', b'1'),
(529, 'AW22-01065', 'http://www.accessiweb.org/index.php/accessiweb_2.2_liste_generale.html#images', '1.6.5', 3010605, '1.0', 'accessiweb2.2', 'org.opens.tanaguru.rules.accessiweb22.Aw22Rule01065', 206, NULL, 1, NULL, 1, 'http://www.tanaguru.org/en/content/aw22-rule-1-6-5', b'1'),
(530, 'AW22-01071', 'http://www.accessiweb.org/index.php/accessiweb_2.2_liste_generale.html#images', '1.7.1', 3010701, '1.0', 'accessiweb2.2', 'org.opens.tanaguru.rules.accessiweb22.Aw22Rule01071', 207, NULL, 1, NULL, 1, 'http://www.tanaguru.org/en/content/aw22-rule-1-7-1', b'1'),
(531, 'AW22-01072', 'http://www.accessiweb.org/index.php/accessiweb_2.2_liste_generale.html#images', '1.7.2', 3010702, '1.0', 'accessiweb2.2', 'org.opens.tanaguru.rules.accessiweb22.Aw22Rule01072', 207, NULL, 1, NULL, 1, 'http://www.tanaguru.org/en/content/aw22-rule-1-7-2', b'1'),
(532, 'AW22-01073', 'http://www.accessiweb.org/index.php/accessiweb_2.2_liste_generale.html#images', '1.7.3', 3010703, '1.0', 'accessiweb2.2', 'org.opens.tanaguru.rules.accessiweb22.Aw22Rule01073', 207, NULL, 1, NULL, 1, 'http://www.tanaguru.org/en/content/aw22-rule-1-7-3', b'1'),
(533, 'AW22-01074', 'http://www.accessiweb.org/index.php/accessiweb_2.2_liste_generale.html#images', '1.7.4', 3010704, '1.0', 'accessiweb2.2', 'org.opens.tanaguru.rules.accessiweb22.Aw22Rule01074', 207, NULL, 1, NULL, 1, 'http://www.tanaguru.org/en/content/aw22-rule-1-7-4', b'1'),
(534, 'AW22-01081', 'http://www.accessiweb.org/index.php/accessiweb_2.2_liste_generale.html#images', '1.8.1', 3010801, '1.0', 'accessiweb2.2', 'org.opens.tanaguru.rules.accessiweb22.Aw22Rule01081', 208, NULL, 2, NULL, 1, 'http://www.tanaguru.org/en/content/aw22-rule-1-8-1', b'1'),
(535, 'AW22-01082', 'http://www.accessiweb.org/index.php/accessiweb_2.2_liste_generale.html#images', '1.8.2', 3010802, '1.0', 'accessiweb2.2', 'org.opens.tanaguru.rules.accessiweb22.Aw22Rule01082', 208, NULL, 2, NULL, 1, 'http://www.tanaguru.org/en/content/aw22-rule-1-8-2', b'1'),
(536, 'AW22-01083', 'http://www.accessiweb.org/index.php/accessiweb_2.2_liste_generale.html#images', '1.8.3', 3010803, '1.0', 'accessiweb2.2', 'org.opens.tanaguru.rules.accessiweb22.Aw22Rule01083', 208, NULL, 2, NULL, 1, 'http://www.tanaguru.org/en/content/aw22-rule-1-8-3', b'1'),
(537, 'AW22-01084', 'http://www.accessiweb.org/index.php/accessiweb_2.2_liste_generale.html#images', '1.8.4', 3010804, '1.0', 'accessiweb2.2', 'org.opens.tanaguru.rules.accessiweb22.Aw22Rule01084', 208, NULL, 2, NULL, 1, 'http://www.tanaguru.org/en/content/aw22-rule-1-8-4', b'1'),
(538, 'AW22-01085', 'http://www.accessiweb.org/index.php/accessiweb_2.2_liste_generale.html#images', '1.8.5', 3010805, '1.0', 'accessiweb2.2', 'org.opens.tanaguru.rules.accessiweb22.Aw22Rule01085', 208, NULL, 2, NULL, 1, 'http://www.tanaguru.org/en/content/aw22-rule-1-8-5', b'1'),
(539, 'AW22-01086', 'http://www.accessiweb.org/index.php/accessiweb_2.2_liste_generale.html#images', '1.8.6', 3010806, '1.0', 'accessiweb2.2', 'org.opens.tanaguru.rules.accessiweb22.Aw22Rule01086', 208, NULL, 2, NULL, 1, 'http://www.tanaguru.org/en/content/aw22-rule-1-8-6', b'1'),
(540, 'AW22-01091', 'http://www.accessiweb.org/index.php/accessiweb_2.2_liste_generale.html#images', '1.9.1', 3010901, '1.0', 'accessiweb2.2', 'org.opens.tanaguru.rules.accessiweb22.Aw22Rule01091', 209, NULL, 3, NULL, 1, 'http://www.tanaguru.org/en/content/aw22-rule-1-9-1', b'1'),
(541, 'AW22-01092', 'http://www.accessiweb.org/index.php/accessiweb_2.2_liste_generale.html#images', '1.9.2', 3010902, '1.0', 'accessiweb2.2', 'org.opens.tanaguru.rules.accessiweb22.Aw22Rule01092', 209, NULL, 3, NULL, 1, 'http://www.tanaguru.org/en/content/aw22-rule-1-9-2', b'1'),
(542, 'AW22-01093', 'http://www.accessiweb.org/index.php/accessiweb_2.2_liste_generale.html#images', '1.9.3', 3010903, '1.0', 'accessiweb2.2', 'org.opens.tanaguru.rules.accessiweb22.Aw22Rule01093', 209, NULL, 3, NULL, 1, 'http://www.tanaguru.org/en/content/aw22-rule-1-9-3', b'1'),
(543, 'AW22-01094', 'http://www.accessiweb.org/index.php/accessiweb_2.2_liste_generale.html#images', '1.9.4', 3010904, '1.0', 'accessiweb2.2', 'org.opens.tanaguru.rules.accessiweb22.Aw22Rule01094', 209, NULL, 3, NULL, 1, 'http://www.tanaguru.org/en/content/aw22-rule-1-9-4', b'1'),
(544, 'AW22-01095', 'http://www.accessiweb.org/index.php/accessiweb_2.2_liste_generale.html#images', '1.9.5', 3010905, '1.0', 'accessiweb2.2', 'org.opens.tanaguru.rules.accessiweb22.Aw22Rule01095', 209, NULL, 3, NULL, 1, 'http://www.tanaguru.org/en/content/aw22-rule-1-9-5', b'1'),
(545, 'AW22-01096', 'http://www.accessiweb.org/index.php/accessiweb_2.2_liste_generale.html#images', '1.9.6', 3010906, '1.0', 'accessiweb2.2', 'org.opens.tanaguru.rules.accessiweb22.Aw22Rule01096', 209, NULL, 3, NULL, 1, 'http://www.tanaguru.org/en/content/aw22-rule-1-9-6', b'1'),
(546, 'AW22-02011', 'http://www.accessiweb.org/index.php/accessiweb_2.2_liste_generale.html#cadres', '2.1.1', 3020101, '1.0', 'accessiweb2.2', 'org.opens.tanaguru.rules.accessiweb22.Aw22Rule02011', 210, NULL, 1, NULL, 1, 'http://www.tanaguru.org/en/content/aw22-rule-2-1-1', b'1'),
(547, 'AW22-02012', 'http://www.accessiweb.org/index.php/accessiweb_2.2_liste_generale.html#cadres', '2.1.2', 3020102, '1.0', 'accessiweb2.2', 'org.opens.tanaguru.rules.accessiweb22.Aw22Rule02012', 210, NULL, 1, NULL, 1, 'http://www.tanaguru.org/en/content/aw22-rule-2-1-2', b'1'),
(548, 'AW22-02021', 'http://www.accessiweb.org/index.php/accessiweb_2.2_liste_generale.html#cadres', '2.2.1', 3020201, '1.0', 'accessiweb2.2', 'org.opens.tanaguru.rules.accessiweb22.Aw22Rule02021', 211, NULL, 1, NULL, 1, 'http://www.tanaguru.org/en/content/aw22-rule-2-2-1', b'1'),
(549, 'AW22-02022', 'http://www.accessiweb.org/index.php/accessiweb_2.2_liste_generale.html#cadres', '2.2.2', 3020202, '1.0', 'accessiweb2.2', 'org.opens.tanaguru.rules.accessiweb22.Aw22Rule02022', 211, NULL, 1, NULL, 1, 'http://www.tanaguru.org/en/content/aw22-rule-2-2-2', b'1'),
(550, 'AW22-03011', 'http://www.accessiweb.org/index.php/accessiweb_2.2_liste_generale.html#couleurs', '3.1.1', 3030101, '1.0', 'accessiweb2.2', 'org.opens.tanaguru.rules.accessiweb22.Aw22Rule03011', 212, NULL, 1, NULL, 1, 'http://www.tanaguru.org/en/content/aw22-rule-3-1-1', b'1'),
(551, 'AW22-03012', 'http://www.accessiweb.org/index.php/accessiweb_2.2_liste_generale.html#couleurs', '3.1.2', 3030102, '1.0', 'accessiweb2.2', 'org.opens.tanaguru.rules.accessiweb22.Aw22Rule03012', 212, NULL, 1, NULL, 1, 'http://www.tanaguru.org/en/content/aw22-rule-3-1-2', b'1'),
(552, 'AW22-03013', 'http://www.accessiweb.org/index.php/accessiweb_2.2_liste_generale.html#couleurs', '3.1.3', 3030103, '1.0', 'accessiweb2.2', 'org.opens.tanaguru.rules.accessiweb22.Aw22Rule03013', 212, NULL, 1, NULL, 1, 'http://www.tanaguru.org/en/content/aw22-rule-3-1-3', b'1'),
(553, 'AW22-03014', 'http://www.accessiweb.org/index.php/accessiweb_2.2_liste_generale.html#couleurs', '3.1.4', 3030104, '1.0', 'accessiweb2.2', 'org.opens.tanaguru.rules.accessiweb22.Aw22Rule03014', 212, NULL, 1, NULL, 1, 'http://www.tanaguru.org/en/content/aw22-rule-3-1-4', b'1'),
(554, 'AW22-03015', 'http://www.accessiweb.org/index.php/accessiweb_2.2_liste_generale.html#couleurs', '3.1.5', 3030105, '1.0', 'accessiweb2.2', 'org.opens.tanaguru.rules.accessiweb22.Aw22Rule03015', 212, NULL, 1, NULL, 1, 'http://www.tanaguru.org/en/content/aw22-rule-3-1-5', b'1'),
(555, 'AW22-03016', 'http://www.accessiweb.org/index.php/accessiweb_2.2_liste_generale.html#couleurs', '3.1.6', 3030106, '1.0', 'accessiweb2.2', 'org.opens.tanaguru.rules.accessiweb22.Aw22Rule03016', 212, NULL, 1, NULL, 1, 'http://www.tanaguru.org/en/content/aw22-rule-3-1-6', b'1'),
(556, 'AW22-03021', 'http://www.accessiweb.org/index.php/accessiweb_2.2_liste_generale.html#couleurs', '3.2.1', 3030201, '1.0', 'accessiweb2.2', 'org.opens.tanaguru.rules.accessiweb22.Aw22Rule03021', 213, NULL, 1, NULL, 1, 'http://www.tanaguru.org/en/content/aw22-rule-3-2-1', b'1'),
(557, 'AW22-03022', 'http://www.accessiweb.org/index.php/accessiweb_2.2_liste_generale.html#couleurs', '3.2.2', 3030202, '1.0', 'accessiweb2.2', 'org.opens.tanaguru.rules.accessiweb22.Aw22Rule03022', 213, NULL, 1, NULL, 1, 'http://www.tanaguru.org/en/content/aw22-rule-3-2-2', b'1'),
(558, 'AW22-03023', 'http://www.accessiweb.org/index.php/accessiweb_2.2_liste_generale.html#couleurs', '3.2.3', 3030203, '1.0', 'accessiweb2.2', 'org.opens.tanaguru.rules.accessiweb22.Aw22Rule03023', 213, NULL, 1, NULL, 1, 'http://www.tanaguru.org/en/content/aw22-rule-3-2-3', b'1'),
(559, 'AW22-03024', 'http://www.accessiweb.org/index.php/accessiweb_2.2_liste_generale.html#couleurs', '3.2.4', 3030204, '1.0', 'accessiweb2.2', 'org.opens.tanaguru.rules.accessiweb22.Aw22Rule03024', 213, NULL, 1, NULL, 1, 'http://www.tanaguru.org/en/content/aw22-rule-3-2-4', b'1'),
(560, 'AW22-03025', 'http://www.accessiweb.org/index.php/accessiweb_2.2_liste_generale.html#couleurs', '3.2.5', 3030205, '1.0', 'accessiweb2.2', 'org.opens.tanaguru.rules.accessiweb22.Aw22Rule03025', 213, NULL, 1, NULL, 1, 'http://www.tanaguru.org/en/content/aw22-rule-3-2-5', b'1'),
(561, 'AW22-03026', 'http://www.accessiweb.org/index.php/accessiweb_2.2_liste_generale.html#couleurs', '3.2.6', 3030206, '1.0', 'accessiweb2.2', 'org.opens.tanaguru.rules.accessiweb22.Aw22Rule03026', 213, NULL, 1, NULL, 1, 'http://www.tanaguru.org/en/content/aw22-rule-3-2-6', b'1'),
(562, 'AW22-03031', 'http://www.accessiweb.org/index.php/accessiweb_2.2_liste_generale.html#couleurs', '3.3.1', 3030301, '1.0', 'accessiweb2.2', 'org.opens.tanaguru.rules.accessiweb22.Aw22Rule03031', 214, NULL, 2, NULL, 1, 'http://www.tanaguru.org/en/content/aw22-rule-3-3-1', b'1'),
(563, 'AW22-03032', 'http://www.accessiweb.org/index.php/accessiweb_2.2_liste_generale.html#couleurs', '3.3.2', 3030302, '1.0', 'accessiweb2.2', 'org.opens.tanaguru.rules.accessiweb22.Aw22Rule03032', 214, NULL, 2, NULL, 1, 'http://www.tanaguru.org/en/content/aw22-rule-3-3-2', b'1'),
(564, 'AW22-03033', 'http://www.accessiweb.org/index.php/accessiweb_2.2_liste_generale.html#couleurs', '3.3.3', 3030303, '1.0', 'accessiweb2.2', 'org.opens.tanaguru.rules.accessiweb22.Aw22Rule03033', 214, NULL, 2, NULL, 1, 'http://www.tanaguru.org/en/content/aw22-rule-3-3-3', b'1'),
(565, 'AW22-03034', 'http://www.accessiweb.org/index.php/accessiweb_2.2_liste_generale.html#couleurs', '3.3.4', 3030304, '1.0', 'accessiweb2.2', 'org.opens.tanaguru.rules.accessiweb22.Aw22Rule03034', 214, NULL, 2, NULL, 1, 'http://www.tanaguru.org/en/content/aw22-rule-3-3-4', b'1'),
(566, 'AW22-03041', 'http://www.accessiweb.org/index.php/accessiweb_2.2_liste_generale.html#couleurs', '3.4.1', 3030401, '1.0', 'accessiweb2.2', 'org.opens.tanaguru.rules.accessiweb22.Aw22Rule03041', 215, NULL, 3, NULL, 1, 'http://www.tanaguru.org/en/content/aw22-rule-3-4-1', b'1'),
(567, 'AW22-03042', 'http://www.accessiweb.org/index.php/accessiweb_2.2_liste_generale.html#couleurs', '3.4.2', 3030402, '1.0', 'accessiweb2.2', 'org.opens.tanaguru.rules.accessiweb22.Aw22Rule03042', 215, NULL, 3, NULL, 1, 'http://www.tanaguru.org/en/content/aw22-rule-3-4-2', b'1'),
(568, 'AW22-03043', 'http://www.accessiweb.org/index.php/accessiweb_2.2_liste_generale.html#couleurs', '3.4.3', 3030403, '1.0', 'accessiweb2.2', 'org.opens.tanaguru.rules.accessiweb22.Aw22Rule03043', 215, NULL, 3, NULL, 1, 'http://www.tanaguru.org/en/content/aw22-rule-3-4-3', b'1'),
(569, 'AW22-03044', 'http://www.accessiweb.org/index.php/accessiweb_2.2_liste_generale.html#couleurs', '3.4.4', 3030404, '1.0', 'accessiweb2.2', 'org.opens.tanaguru.rules.accessiweb22.Aw22Rule03044', 215, NULL, 3, NULL, 1, 'http://www.tanaguru.org/en/content/aw22-rule-3-4-4', b'1'),
(570, 'AW22-04011', 'http://www.accessiweb.org/index.php/accessiweb_2.2_liste_generale.html#multimedia', '4.1.1', 3040101, '1.0', 'accessiweb2.2', 'org.opens.tanaguru.rules.accessiweb22.Aw22Rule04011', 216, NULL, 1, NULL, 1, 'http://www.tanaguru.org/en/content/aw22-rule-4-1-1', b'1'),
(571, 'AW22-04012', 'http://www.accessiweb.org/index.php/accessiweb_2.2_liste_generale.html#multimedia', '4.1.2', 3040102, '1.0', 'accessiweb2.2', 'org.opens.tanaguru.rules.accessiweb22.Aw22Rule04012', 216, NULL, 1, NULL, 1, 'http://www.tanaguru.org/en/content/aw22-rule-4-1-2', b'1'),
(572, 'AW22-04013', 'http://www.accessiweb.org/index.php/accessiweb_2.2_liste_generale.html#multimedia', '4.1.3', 3040103, '1.0', 'accessiweb2.2', 'org.opens.tanaguru.rules.accessiweb22.Aw22Rule04013', 216, NULL, 1, NULL, 1, 'http://www.tanaguru.org/en/content/aw22-rule-4-1-3', b'1'),
(573, 'AW22-04014', 'http://www.accessiweb.org/index.php/accessiweb_2.2_liste_generale.html#multimedia', '4.1.4', 3040104, '1.0', 'accessiweb2.2', 'org.opens.tanaguru.rules.accessiweb22.Aw22Rule04014', 216, NULL, 1, NULL, 1, 'http://www.tanaguru.org/en/content/aw22-rule-4-1-4', b'1'),
(574, 'AW22-04021', 'http://www.accessiweb.org/index.php/accessiweb_2.2_liste_generale.html#multimedia', '4.2.1', 3040201, '1.0', 'accessiweb2.2', 'org.opens.tanaguru.rules.accessiweb22.Aw22Rule04021', 217, NULL, 1, NULL, 1, 'http://www.tanaguru.org/en/content/aw22-rule-4-2-1', b'1'),
(575, 'AW22-04022', 'http://www.accessiweb.org/index.php/accessiweb_2.2_liste_generale.html#multimedia', '4.2.2', 3040202, '1.0', 'accessiweb2.2', 'org.opens.tanaguru.rules.accessiweb22.Aw22Rule04022', 217, NULL, 1, NULL, 1, 'http://www.tanaguru.org/en/content/aw22-rule-4-2-2', b'1'),
(576, 'AW22-04023', 'http://www.accessiweb.org/index.php/accessiweb_2.2_liste_generale.html#multimedia', '4.2.3', 3040203, '1.0', 'accessiweb2.2', 'org.opens.tanaguru.rules.accessiweb22.Aw22Rule04023', 217, NULL, 1, NULL, 1, 'http://www.tanaguru.org/en/content/aw22-rule-4-2-3', b'1'),
(577, 'AW22-04031', 'http://www.accessiweb.org/index.php/accessiweb_2.2_liste_generale.html#multimedia', '4.3.1', 3040301, '1.0', 'accessiweb2.2', 'org.opens.tanaguru.rules.accessiweb22.Aw22Rule04031', 218, NULL, 1, NULL, 1, 'http://www.tanaguru.org/en/content/aw22-rule-4-3-1', b'1'),
(578, 'AW22-04041', 'http://www.accessiweb.org/index.php/accessiweb_2.2_liste_generale.html#multimedia', '4.4.1', 3040401, '1.0', 'accessiweb2.2', 'org.opens.tanaguru.rules.accessiweb22.Aw22Rule04041', 219, NULL, 1, NULL, 1, 'http://www.tanaguru.org/en/content/aw22-rule-4-4-1', b'1'),
(579, 'AW22-04051', 'http://www.accessiweb.org/index.php/accessiweb_2.2_liste_generale.html#multimedia', '4.5.1', 3040501, '1.0', 'accessiweb2.2', 'org.opens.tanaguru.rules.accessiweb22.Aw22Rule04051', 220, NULL, 1, NULL, 1, 'http://www.tanaguru.org/en/content/aw22-rule-4-5-1', b'1'),
(580, 'AW22-04052', 'http://www.accessiweb.org/index.php/accessiweb_2.2_liste_generale.html#multimedia', '4.5.2', 3040502, '1.0', 'accessiweb2.2', 'org.opens.tanaguru.rules.accessiweb22.Aw22Rule04052', 220, NULL, 1, NULL, 1, 'http://www.tanaguru.org/en/content/aw22-rule-4-5-2', b'1'),
(581, 'AW22-04053', 'http://www.accessiweb.org/index.php/accessiweb_2.2_liste_generale.html#multimedia', '4.5.3', 3040503, '1.0', 'accessiweb2.2', 'org.opens.tanaguru.rules.accessiweb22.Aw22Rule04053', 220, NULL, 1, NULL, 1, 'http://www.tanaguru.org/en/content/aw22-rule-4-5-3', b'1'),
(582, 'AW22-04061', 'http://www.accessiweb.org/index.php/accessiweb_2.2_liste_generale.html#multimedia', '4.6.1', 3040601, '1.0', 'accessiweb2.2', 'org.opens.tanaguru.rules.accessiweb22.Aw22Rule04061', 221, NULL, 2, NULL, 1, 'http://www.tanaguru.org/en/content/aw22-rule-4-6-1', b'1'),
(583, 'AW22-04062', 'http://www.accessiweb.org/index.php/accessiweb_2.2_liste_generale.html#multimedia', '4.6.2', 3040602, '1.0', 'accessiweb2.2', 'org.opens.tanaguru.rules.accessiweb22.Aw22Rule04062', 221, NULL, 2, NULL, 1, 'http://www.tanaguru.org/en/content/aw22-rule-4-6-2', b'1'),
(584, 'AW22-04071', 'http://www.accessiweb.org/index.php/accessiweb_2.2_liste_generale.html#multimedia', '4.7.1', 3040701, '1.0', 'accessiweb2.2', 'org.opens.tanaguru.rules.accessiweb22.Aw22Rule04071', 222, NULL, 2, NULL, 1, 'http://www.tanaguru.org/en/content/aw22-rule-4-7-1', b'1'),
(585, 'AW22-04072', 'http://www.accessiweb.org/index.php/accessiweb_2.2_liste_generale.html#multimedia', '4.7.2', 3040702, '1.0', 'accessiweb2.2', 'org.opens.tanaguru.rules.accessiweb22.Aw22Rule04072', 222, NULL, 2, NULL, 1, 'http://www.tanaguru.org/en/content/aw22-rule-4-7-2', b'1'),
(586, 'AW22-04081', 'http://www.accessiweb.org/index.php/accessiweb_2.2_liste_generale.html#multimedia', '4.8.1', 3040801, '1.0', 'accessiweb2.2', 'org.opens.tanaguru.rules.accessiweb22.Aw22Rule04081', 223, NULL, 2, NULL, 1, 'http://www.tanaguru.org/en/content/aw22-rule-4-8-1', b'1'),
(587, 'AW22-04082', 'http://www.accessiweb.org/index.php/accessiweb_2.2_liste_generale.html#multimedia', '4.8.2', 3040802, '1.0', 'accessiweb2.2', 'org.opens.tanaguru.rules.accessiweb22.Aw22Rule04082', 223, NULL, 2, NULL, 1, 'http://www.tanaguru.org/en/content/aw22-rule-4-8-2', b'1'),
(588, 'AW22-04091', 'http://www.accessiweb.org/index.php/accessiweb_2.2_liste_generale.html#multimedia', '4.9.1', 3040901, '1.0', 'accessiweb2.2', 'org.opens.tanaguru.rules.accessiweb22.Aw22Rule04091', 224, NULL, 3, NULL, 1, 'http://www.tanaguru.org/en/content/aw22-rule-4-9-1', b'1'),
(589, 'AW22-04092', 'http://www.accessiweb.org/index.php/accessiweb_2.2_liste_generale.html#multimedia', '4.9.2', 3040902, '1.0', 'accessiweb2.2', 'org.opens.tanaguru.rules.accessiweb22.Aw22Rule04092', 224, NULL, 3, NULL, 1, 'http://www.tanaguru.org/en/content/aw22-rule-4-9-2', b'1'),
(590, 'AW22-04101', 'http://www.accessiweb.org/index.php/accessiweb_2.2_liste_generale.html#multimedia', '4.10.1', 3041001, '1.0', 'accessiweb2.2', 'org.opens.tanaguru.rules.accessiweb22.Aw22Rule04101', 225, NULL, 3, NULL, 1, 'http://www.tanaguru.org/en/content/aw22-rule-4-10-1', b'1'),
(591, 'AW22-04102', 'http://www.accessiweb.org/index.php/accessiweb_2.2_liste_generale.html#multimedia', '4.10.2', 3041002, '1.0', 'accessiweb2.2', 'org.opens.tanaguru.rules.accessiweb22.Aw22Rule04102', 225, NULL, 3, NULL, 1, 'http://www.tanaguru.org/en/content/aw22-rule-4-10-2', b'1'),
(592, 'AW22-04111', 'http://www.accessiweb.org/index.php/accessiweb_2.2_liste_generale.html#multimedia', '4.11.1', 3041101, '1.0', 'accessiweb2.2', 'org.opens.tanaguru.rules.accessiweb22.Aw22Rule04111', 226, NULL, 3, NULL, 1, 'http://www.tanaguru.org/en/content/aw22-rule-4-11-1', b'1'),
(593, 'AW22-04112', 'http://www.accessiweb.org/index.php/accessiweb_2.2_liste_generale.html#multimedia', '4.11.2', 3041102, '1.0', 'accessiweb2.2', 'org.opens.tanaguru.rules.accessiweb22.Aw22Rule04112', 226, NULL, 3, NULL, 1, 'http://www.tanaguru.org/en/content/aw22-rule-4-11-2', b'1'),
(594, 'AW22-04121', 'http://www.accessiweb.org/index.php/accessiweb_2.2_liste_generale.html#multimedia', '4.12.1', 3041201, '1.0', 'accessiweb2.2', 'org.opens.tanaguru.rules.accessiweb22.Aw22Rule04121', 227, NULL, 3, NULL, 1, 'http://www.tanaguru.org/en/content/aw22-rule-4-12-1', b'1'),
(595, 'AW22-04122', 'http://www.accessiweb.org/index.php/accessiweb_2.2_liste_generale.html#multimedia', '4.12.2', 3041202, '1.0', 'accessiweb2.2', 'org.opens.tanaguru.rules.accessiweb22.Aw22Rule04122', 227, NULL, 3, NULL, 1, 'http://www.tanaguru.org/en/content/aw22-rule-4-12-2', b'1'),
(596, 'AW22-04131', 'http://www.accessiweb.org/index.php/accessiweb_2.2_liste_generale.html#multimedia', '4.13.1', 3041301, '1.0', 'accessiweb2.2', 'org.opens.tanaguru.rules.accessiweb22.Aw22Rule04131', 228, NULL, 3, NULL, 1, 'http://www.tanaguru.org/en/content/aw22-rule-4-13-1', b'1'),
(597, 'AW22-04132', 'http://www.accessiweb.org/index.php/accessiweb_2.2_liste_generale.html#multimedia', '4.13.2', 3041302, '1.0', 'accessiweb2.2', 'org.opens.tanaguru.rules.accessiweb22.Aw22Rule04132', 228, NULL, 3, NULL, 1, 'http://www.tanaguru.org/en/content/aw22-rule-4-13-2', b'1'),
(598, 'AW22-04133', 'http://www.accessiweb.org/index.php/accessiweb_2.2_liste_generale.html#multimedia', '4.13.3', 3041303, '1.0', 'accessiweb2.2', 'org.opens.tanaguru.rules.accessiweb22.Aw22Rule04133', 228, NULL, 3, NULL, 1, 'http://www.tanaguru.org/en/content/aw22-rule-4-13-3', b'1'),
(599, 'AW22-04141', 'http://www.accessiweb.org/index.php/accessiweb_2.2_liste_generale.html#multimedia', '4.14.1', 3041401, '1.0', 'accessiweb2.2', 'org.opens.tanaguru.rules.accessiweb22.Aw22Rule04141', 229, NULL, 3, NULL, 1, 'http://www.tanaguru.org/en/content/aw22-rule-4-14-1', b'1'),
(600, 'AW22-04142', 'http://www.accessiweb.org/index.php/accessiweb_2.2_liste_generale.html#multimedia', '4.14.2', 3041402, '1.0', 'accessiweb2.2', 'org.opens.tanaguru.rules.accessiweb22.Aw22Rule04142', 229, NULL, 3, NULL, 1, 'http://www.tanaguru.org/en/content/aw22-rule-4-14-2', b'1'),
(601, 'AW22-04151', 'http://www.accessiweb.org/index.php/accessiweb_2.2_liste_generale.html#multimedia', '4.15.1', 3041501, '1.0', 'accessiweb2.2', 'org.opens.tanaguru.rules.accessiweb22.Aw22Rule04151', 230, NULL, 1, NULL, 1, 'http://www.tanaguru.org/en/content/aw22-rule-4-15-1', b'1'),
(602, 'AW22-04152', 'http://www.accessiweb.org/index.php/accessiweb_2.2_liste_generale.html#multimedia', '4.15.2', 3041502, '1.0', 'accessiweb2.2', 'org.opens.tanaguru.rules.accessiweb22.Aw22Rule04152', 230, NULL, 1, NULL, 1, 'http://www.tanaguru.org/en/content/aw22-rule-4-15-2', b'1'),
(603, 'AW22-04161', 'http://www.accessiweb.org/index.php/accessiweb_2.2_liste_generale.html#multimedia', '4.16.1', 3041601, '1.0', 'accessiweb2.2', 'org.opens.tanaguru.rules.accessiweb22.Aw22Rule04161', 231, NULL, 1, NULL, 1, 'http://www.tanaguru.org/en/content/aw22-rule-4-16-1', b'1'),
(604, 'AW22-04162', 'http://www.accessiweb.org/index.php/accessiweb_2.2_liste_generale.html#multimedia', '4.16.2', 3041602, '1.0', 'accessiweb2.2', 'org.opens.tanaguru.rules.accessiweb22.Aw22Rule04162', 231, NULL, 1, NULL, 1, 'http://www.tanaguru.org/en/content/aw22-rule-4-16-2', b'1'),
(605, 'AW22-04171', 'http://www.accessiweb.org/index.php/accessiweb_2.2_liste_generale.html#multimedia', '4.17.1', 3041701, '1.0', 'accessiweb2.2', 'org.opens.tanaguru.rules.accessiweb22.Aw22Rule04171', 232, NULL, 1, NULL, 1, 'http://www.tanaguru.org/en/content/aw22-rule-4-17-1', b'1'),
(606, 'AW22-04181', 'http://www.accessiweb.org/index.php/accessiweb_2.2_liste_generale.html#multimedia', '4.18.1', 3041801, '1.0', 'accessiweb2.2', 'org.opens.tanaguru.rules.accessiweb22.Aw22Rule04181', 233, NULL, 1, NULL, 1, 'http://www.tanaguru.org/en/content/aw22-rule-4-18-1', b'1'),
(607, 'AW22-04191', 'http://www.accessiweb.org/index.php/accessiweb_2.2_liste_generale.html#multimedia', '4.19.1', 3041901, '1.0', 'accessiweb2.2', 'org.opens.tanaguru.rules.accessiweb22.Aw22Rule04191', 234, NULL, 3, NULL, 1, 'http://www.tanaguru.org/en/content/aw22-rule-4-19-1', b'1'),
(608, 'AW22-04201', 'http://www.accessiweb.org/index.php/accessiweb_2.2_liste_generale.html#multimedia', '4.20.1', 3042001, '1.0', 'accessiweb2.2', 'org.opens.tanaguru.rules.accessiweb22.Aw22Rule04201', 235, NULL, 1, NULL, 1, 'http://www.tanaguru.org/en/content/aw22-rule-4-20-1', b'1'),
(609, 'AW22-04202', 'http://www.accessiweb.org/index.php/accessiweb_2.2_liste_generale.html#multimedia', '4.20.2', 3042002, '1.0', 'accessiweb2.2', 'org.opens.tanaguru.rules.accessiweb22.Aw22Rule04202', 235, NULL, 1, NULL, 1, 'http://www.tanaguru.org/en/content/aw22-rule-4-20-2', b'1'),
(610, 'AW22-04203', 'http://www.accessiweb.org/index.php/accessiweb_2.2_liste_generale.html#multimedia', '4.20.3', 3042003, '1.0', 'accessiweb2.2', 'org.opens.tanaguru.rules.accessiweb22.Aw22Rule04203', 235, NULL, 1, NULL, 1, 'http://www.tanaguru.org/en/content/aw22-rule-4-20-3', b'1'),
(611, 'AW22-04211', 'http://www.accessiweb.org/index.php/accessiweb_2.2_liste_generale.html#multimedia', '4.21.1', 3042101, '1.0', 'accessiweb2.2', 'org.opens.tanaguru.rules.accessiweb22.Aw22Rule04211', 236, NULL, 1, NULL, 1, 'http://www.tanaguru.org/en/content/aw22-rule-4-21-1', b'1'),
(612, 'AW22-04212', 'http://www.accessiweb.org/index.php/accessiweb_2.2_liste_generale.html#multimedia', '4.21.2', 3042102, '1.0', 'accessiweb2.2', 'org.opens.tanaguru.rules.accessiweb22.Aw22Rule04212', 236, NULL, 1, NULL, 1, 'http://www.tanaguru.org/en/content/aw22-rule-4-21-2', b'1'),
(613, 'AW22-04221', 'http://www.accessiweb.org/index.php/accessiweb_2.2_liste_generale.html#multimedia', '4.22.1', 3042201, '1.0', 'accessiweb2.2', 'org.opens.tanaguru.rules.accessiweb22.Aw22Rule04221', 237, NULL, 1, NULL, 1, 'http://www.tanaguru.org/en/content/aw22-rule-4-22-1', b'1'),
(614, 'AW22-05011', 'http://www.accessiweb.org/index.php/accessiweb_2.2_liste_generale.html#tableaux', '5.1.1', 3050101, '1.0', 'accessiweb2.2', 'org.opens.tanaguru.rules.accessiweb22.Aw22Rule05011', 238, NULL, 1, NULL, 1, 'http://www.tanaguru.org/en/content/aw22-rule-5-1-1', b'1'),
(615, 'AW22-05021', 'http://www.accessiweb.org/index.php/accessiweb_2.2_liste_generale.html#tableaux', '5.2.1', 3050201, '1.0', 'accessiweb2.2', 'org.opens.tanaguru.rules.accessiweb22.Aw22Rule05021', 239, NULL, 1, NULL, 1, 'http://www.tanaguru.org/en/content/aw22-rule-5-2-1', b'1'),
(616, 'AW22-05022', 'http://www.accessiweb.org/index.php/accessiweb_2.2_liste_generale.html#tableaux', '5.2.2', 3050202, '1.0', 'accessiweb2.2', 'org.opens.tanaguru.rules.accessiweb22.Aw22Rule05022', 239, NULL, 1, NULL, 1, 'http://www.tanaguru.org/en/content/aw22-rule-5-2-2', b'1'),
(617, 'AW22-05031', 'http://www.accessiweb.org/index.php/accessiweb_2.2_liste_generale.html#tableaux', '5.3.1', 3050301, '1.0', 'accessiweb2.2', 'org.opens.tanaguru.rules.accessiweb22.Aw22Rule05031', 240, NULL, 1, NULL, 1, 'http://www.tanaguru.org/en/content/aw22-rule-5-3-1', b'1'),
(618, 'AW22-05041', 'http://www.accessiweb.org/index.php/accessiweb_2.2_liste_generale.html#tableaux', '5.4.1', 3050401, '1.0', 'accessiweb2.2', 'org.opens.tanaguru.rules.accessiweb22.Aw22Rule05041', 241, NULL, 1, NULL, 1, 'http://www.tanaguru.org/en/content/aw22-rule-5-4-1', b'1'),
(619, 'AW22-05051', 'http://www.accessiweb.org/index.php/accessiweb_2.2_liste_generale.html#tableaux', '5.5.1', 3050501, '1.0', 'accessiweb2.2', 'org.opens.tanaguru.rules.accessiweb22.Aw22Rule05051', 242, NULL, 1, NULL, 1, 'http://www.tanaguru.org/en/content/aw22-rule-5-5-1', b'1'),
(620, 'AW22-05061', 'http://www.accessiweb.org/index.php/accessiweb_2.2_liste_generale.html#tableaux', '5.6.1', 3050601, '1.0', 'accessiweb2.2', 'org.opens.tanaguru.rules.accessiweb22.Aw22Rule05061', 243, NULL, 1, NULL, 1, 'http://www.tanaguru.org/en/content/aw22-rule-5-6-1', b'1'),
(621, 'AW22-05062', 'http://www.accessiweb.org/index.php/accessiweb_2.2_liste_generale.html#tableaux', '5.6.2', 3050602, '1.0', 'accessiweb2.2', 'org.opens.tanaguru.rules.accessiweb22.Aw22Rule05062', 243, NULL, 1, NULL, 1, 'http://www.tanaguru.org/en/content/aw22-rule-5-6-2', b'1'),
(622, 'AW22-05071', 'http://www.accessiweb.org/index.php/accessiweb_2.2_liste_generale.html#tableaux', '5.7.1', 3050701, '1.0', 'accessiweb2.2', 'org.opens.tanaguru.rules.accessiweb22.Aw22Rule05071', 244, NULL, 1, NULL, 1, 'http://www.tanaguru.org/en/content/aw22-rule-5-7-1', b'1'),
(623, 'AW22-05072', 'http://www.accessiweb.org/index.php/accessiweb_2.2_liste_generale.html#tableaux', '5.7.2', 3050702, '1.0', 'accessiweb2.2', 'org.opens.tanaguru.rules.accessiweb22.Aw22Rule05072', 244, NULL, 1, NULL, 1, 'http://www.tanaguru.org/en/content/aw22-rule-5-7-2', b'1'),
(624, 'AW22-05073', 'http://www.accessiweb.org/index.php/accessiweb_2.2_liste_generale.html#tableaux', '5.7.3', 3050703, '1.0', 'accessiweb2.2', 'org.opens.tanaguru.rules.accessiweb22.Aw22Rule05073', 244, NULL, 1, NULL, 1, 'http://www.tanaguru.org/en/content/aw22-rule-5-7-3', b'1'),
(625, 'AW22-05074', 'http://www.accessiweb.org/index.php/accessiweb_2.2_liste_generale.html#tableaux', '5.7.4', 3050704, '1.0', 'accessiweb2.2', 'org.opens.tanaguru.rules.accessiweb22.Aw22Rule05074', 244, NULL, 1, NULL, 1, 'http://www.tanaguru.org/en/content/aw22-rule-5-7-4', b'1'),
(626, 'AW22-05081', 'http://www.accessiweb.org/index.php/accessiweb_2.2_liste_generale.html#tableaux', '5.8.1', 3050801, '1.0', 'accessiweb2.2', 'org.opens.tanaguru.rules.accessiweb22.Aw22Rule05081', 245, NULL, 1, NULL, 1, 'http://www.tanaguru.org/en/content/aw22-rule-5-8-1', b'1'),
(627, 'AW22-06011', 'http://www.accessiweb.org/index.php/accessiweb_2.2_liste_generale.html#liens', '6.1.1', 3060101, '1.0', 'accessiweb2.2', 'org.opens.tanaguru.rules.accessiweb22.Aw22Rule06011', 246, NULL, 1, NULL, 1, 'http://www.tanaguru.org/en/content/aw22-rule-6-1-1', b'1'),
(628, 'AW22-06012', 'http://www.accessiweb.org/index.php/accessiweb_2.2_liste_generale.html#liens', '6.1.2', 3060102, '1.0', 'accessiweb2.2', 'org.opens.tanaguru.rules.accessiweb22.Aw22Rule06012', 246, NULL, 1, NULL, 1, 'http://www.tanaguru.org/en/content/aw22-rule-6-1-2', b'1'),
(629, 'AW22-06013', 'http://www.accessiweb.org/index.php/accessiweb_2.2_liste_generale.html#liens', '6.1.3', 3060103, '1.0', 'accessiweb2.2', 'org.opens.tanaguru.rules.accessiweb22.Aw22Rule06013', 246, NULL, 1, NULL, 1, 'http://www.tanaguru.org/en/content/aw22-rule-6-1-3', b'1'),
(630, 'AW22-06014', 'http://www.accessiweb.org/index.php/accessiweb_2.2_liste_generale.html#liens', '6.1.4', 3060104, '1.0', 'accessiweb2.2', 'org.opens.tanaguru.rules.accessiweb22.Aw22Rule06014', 246, NULL, 1, NULL, 1, 'http://www.tanaguru.org/en/content/aw22-rule-6-1-4', b'1'),
(631, 'AW22-06021', 'http://www.accessiweb.org/index.php/accessiweb_2.2_liste_generale.html#liens', '6.2.1', 3060201, '1.0', 'accessiweb2.2', 'org.opens.tanaguru.rules.accessiweb22.Aw22Rule06021', 247, NULL, 1, NULL, 1, 'http://www.tanaguru.org/en/content/aw22-rule-6-2-1', b'1'),
(632, 'AW22-06022', 'http://www.accessiweb.org/index.php/accessiweb_2.2_liste_generale.html#liens', '6.2.2', 3060202, '1.0', 'accessiweb2.2', 'org.opens.tanaguru.rules.accessiweb22.Aw22Rule06022', 247, NULL, 1, NULL, 1, 'http://www.tanaguru.org/en/content/aw22-rule-6-2-2', b'1'),
(633, 'AW22-06023', 'http://www.accessiweb.org/index.php/accessiweb_2.2_liste_generale.html#liens', '6.2.3', 3060203, '1.0', 'accessiweb2.2', 'org.opens.tanaguru.rules.accessiweb22.Aw22Rule06023', 247, NULL, 1, NULL, 1, 'http://www.tanaguru.org/en/content/aw22-rule-6-2-3', b'1'),
(634, 'AW22-06024', 'http://www.accessiweb.org/index.php/accessiweb_2.2_liste_generale.html#liens', '6.2.4', 3060204, '1.0', 'accessiweb2.2', 'org.opens.tanaguru.rules.accessiweb22.Aw22Rule06024', 247, NULL, 1, NULL, 1, 'http://www.tanaguru.org/en/content/aw22-rule-6-2-4', b'1'),
(635, 'AW22-06031', 'http://www.accessiweb.org/index.php/accessiweb_2.2_liste_generale.html#liens', '6.3.1', 3060301, '1.0', 'accessiweb2.2', 'org.opens.tanaguru.rules.accessiweb22.Aw22Rule06031', 248, NULL, 3, NULL, 1, 'http://www.tanaguru.org/en/content/aw22-rule-6-3-1', b'1'),
(636, 'AW22-06032', 'http://www.accessiweb.org/index.php/accessiweb_2.2_liste_generale.html#liens', '6.3.2', 3060302, '1.0', 'accessiweb2.2', 'org.opens.tanaguru.rules.accessiweb22.Aw22Rule06032', 248, NULL, 3, NULL, 1, 'http://www.tanaguru.org/en/content/aw22-rule-6-3-2', b'1'),
(637, 'AW22-06033', 'http://www.accessiweb.org/index.php/accessiweb_2.2_liste_generale.html#liens', '6.3.3', 3060303, '1.0', 'accessiweb2.2', 'org.opens.tanaguru.rules.accessiweb22.Aw22Rule06033', 248, NULL, 3, NULL, 1, 'http://www.tanaguru.org/en/content/aw22-rule-6-3-3', b'1'),
(638, 'AW22-06034', 'http://www.accessiweb.org/index.php/accessiweb_2.2_liste_generale.html#liens', '6.3.4', 3060304, '1.0', 'accessiweb2.2', 'org.opens.tanaguru.rules.accessiweb22.Aw22Rule06034', 248, NULL, 3, NULL, 1, 'http://www.tanaguru.org/en/content/aw22-rule-6-3-4', b'1'),
(639, 'AW22-06041', 'http://www.accessiweb.org/index.php/accessiweb_2.2_liste_generale.html#liens', '6.4.1', 3060401, '1.0', 'accessiweb2.2', 'org.opens.tanaguru.rules.accessiweb22.Aw22Rule06041', 249, NULL, 1, NULL, 1, 'http://www.tanaguru.org/en/content/aw22-rule-6-4-1', b'1'),
(640, 'AW22-06042', 'http://www.accessiweb.org/index.php/accessiweb_2.2_liste_generale.html#liens', '6.4.2', 3060403, '1.0', 'accessiweb2.2', 'org.opens.tanaguru.rules.accessiweb22.Aw22Rule06042', 249, NULL, 1, NULL, 1, 'http://www.tanaguru.org/en/content/aw22-rule-6-4-2', b'1'),
(641, 'AW22-06043', 'http://www.accessiweb.org/index.php/accessiweb_2.2_liste_generale.html#liens', '6.4.3', 3060403, '1.0', 'accessiweb2.2', 'org.opens.tanaguru.rules.accessiweb22.Aw22Rule06043', 249, NULL, 1, NULL, 1, 'http://www.tanaguru.org/en/content/aw22-rule-6-4-3', b'1'),
(642, 'AW22-06044', 'http://www.accessiweb.org/index.php/accessiweb_2.2_liste_generale.html#liens', '6.4.4', 3060404, '1.0', 'accessiweb2.2', 'org.opens.tanaguru.rules.accessiweb22.Aw22Rule06044', 249, NULL, 1, NULL, 1, 'http://www.tanaguru.org/en/content/aw22-rule-6-4-4', b'1'),
(643, 'AW22-06051', 'http://www.accessiweb.org/index.php/accessiweb_2.2_liste_generale.html#liens', '6.5.1', 3060501, '1.0', 'accessiweb2.2', 'org.opens.tanaguru.rules.accessiweb22.Aw22Rule06051', 250, NULL, 1, NULL, 1, 'http://www.tanaguru.org/en/content/aw22-rule-6-5-1', b'1'),
(644, 'AW22-06052', 'http://www.accessiweb.org/index.php/accessiweb_2.2_liste_generale.html#liens', '6.5.2', 3060502, '1.0', 'accessiweb2.2', 'org.opens.tanaguru.rules.accessiweb22.Aw22Rule06052', 250, NULL, 1, NULL, 1, 'http://www.tanaguru.org/en/content/aw22-rule-6-5-2', b'1'),
(645, 'AW22-06053', 'http://www.accessiweb.org/index.php/accessiweb_2.2_liste_generale.html#liens', '6.5.3', 3060503, '1.0', 'accessiweb2.2', 'org.opens.tanaguru.rules.accessiweb22.Aw22Rule06053', 250, NULL, 1, NULL, 1, 'http://www.tanaguru.org/en/content/aw22-rule-6-5-3', b'1'),
(646, 'AW22-06061', 'http://www.accessiweb.org/index.php/accessiweb_2.2_liste_generale.html#liens', '6.6.1', 3060601, '1.0', 'accessiweb2.2', 'org.opens.tanaguru.rules.accessiweb22.Aw22Rule06061', 251, NULL, 1, NULL, 1, 'http://www.tanaguru.org/en/content/aw22-rule-6-6-1', b'1'),
(647, 'AW22-07011', 'http://www.accessiweb.org/index.php/accessiweb_2.2_liste_generale.html#script', '7.1.1', 3070101, '1.0', 'accessiweb2.2', 'org.opens.tanaguru.rules.accessiweb22.Aw22Rule07011', 252, NULL, 1, NULL, 1, 'http://www.tanaguru.org/en/content/aw22-rule-7-1-1', b'1'),
(648, 'AW22-07012', 'http://www.accessiweb.org/index.php/accessiweb_2.2_liste_generale.html#script', '7.1.2', 3070102, '1.0', 'accessiweb2.2', 'org.opens.tanaguru.rules.accessiweb22.Aw22Rule07012', 252, NULL, 1, NULL, 1, 'http://www.tanaguru.org/en/content/aw22-rule-7-1-2', b'1'),
(649, 'AW22-07021', 'http://www.accessiweb.org/index.php/accessiweb_2.2_liste_generale.html#script', '7.2.1', 3070201, '1.0', 'accessiweb2.2', 'org.opens.tanaguru.rules.accessiweb22.Aw22Rule07021', 253, NULL, 1, NULL, 1, 'http://www.tanaguru.org/en/content/aw22-rule-7-2-1', b'1'),
(650, 'AW22-07022', 'http://www.accessiweb.org/index.php/accessiweb_2.2_liste_generale.html#script', '7.2.2', 3070202, '1.0', 'accessiweb2.2', 'org.opens.tanaguru.rules.accessiweb22.Aw22Rule07022', 253, NULL, 1, NULL, 1, 'http://www.tanaguru.org/en/content/aw22-rule-7-2-2', b'1'),
(651, 'AW22-07031', 'http://www.accessiweb.org/index.php/accessiweb_2.2_liste_generale.html#script', '7.3.1', 3070301, '1.0', 'accessiweb2.2', 'org.opens.tanaguru.rules.accessiweb22.Aw22Rule07031', 254, NULL, 1, NULL, 1, 'http://www.tanaguru.org/en/content/aw22-rule-7-3-1', b'1'),
(652, 'AW22-07032', 'http://www.accessiweb.org/index.php/accessiweb_2.2_liste_generale.html#script', '7.3.2', 3070302, '1.0', 'accessiweb2.2', 'org.opens.tanaguru.rules.accessiweb22.Aw22Rule07032', 254, NULL, 1, NULL, 1, 'http://www.tanaguru.org/en/content/aw22-rule-7-3-2', b'1'),
(653, 'AW22-07033', 'http://www.accessiweb.org/index.php/accessiweb_2.2_liste_generale.html#script', '7.3.3', 3070303, '1.0', 'accessiweb2.2', 'org.opens.tanaguru.rules.accessiweb22.Aw22Rule07033', 254, NULL, 1, NULL, 1, 'http://www.tanaguru.org/en/content/aw22-rule-7-3-3', b'1'),
(654, 'AW22-07041', 'http://www.accessiweb.org/index.php/accessiweb_2.2_liste_generale.html#script', '7.4.1', 3070401, '1.0', 'accessiweb2.2', 'org.opens.tanaguru.rules.accessiweb22.Aw22Rule07041', 255, NULL, 1, NULL, 1, 'http://www.tanaguru.org/en/content/aw22-rule-7-4-1', b'1'),
(655, 'AW22-07042', 'http://www.accessiweb.org/index.php/accessiweb_2.2_liste_generale.html#script', '7.4.2', 3070402, '1.0', 'accessiweb2.2', 'org.opens.tanaguru.rules.accessiweb22.Aw22Rule07042', 255, NULL, 1, NULL, 1, 'http://www.tanaguru.org/en/content/aw22-rule-7-4-2', b'1'),
(656, 'AW22-07051', 'http://www.accessiweb.org/index.php/accessiweb_2.2_liste_generale.html#script', '7.5.1', 3070501, '1.0', 'accessiweb2.2', 'org.opens.tanaguru.rules.accessiweb22.Aw22Rule07051', 256, NULL, 1, NULL, 1, 'http://www.tanaguru.org/en/content/aw22-rule-7-5-1', b'1'),
(657, 'AW22-07061', 'http://www.accessiweb.org/index.php/accessiweb_2.2_liste_generale.html#script', '7.6.1', 3070601, '1.0', 'accessiweb2.2', 'org.opens.tanaguru.rules.accessiweb22.Aw22Rule07061', 257, NULL, 3, NULL, 1, 'http://www.tanaguru.org/en/content/aw22-rule-7-6-1', b'1'),
(658, 'AW22-08011', 'http://www.accessiweb.org/index.php/accessiweb_2.2_liste_generale.html#presentation', '8.1.1', 3080101, '1.0', 'accessiweb2.2', 'org.opens.tanaguru.rules.accessiweb22.Aw22Rule08011', 258, NULL, 1, NULL, 1, 'http://www.tanaguru.org/en/content/aw22-rule-8-1-1', b'1'),
(659, 'AW22-08012', 'http://www.accessiweb.org/index.php/accessiweb_2.2_liste_generale.html#presentation', '8.1.2', 3080102, '1.0', 'accessiweb2.2', 'org.opens.tanaguru.rules.accessiweb22.Aw22Rule08012', 258, NULL, 1, NULL, 1, 'http://www.tanaguru.org/en/content/aw22-rule-8-1-2', b'1'),
(660, 'AW22-08013', 'http://www.accessiweb.org/index.php/accessiweb_2.2_liste_generale.html#elements', '8.1.3', 3080103, '1.0', 'accessiweb2.2', 'org.opens.tanaguru.rules.accessiweb22.Aw22Rule08013', 258, NULL, 1, NULL, 1, 'http://www.tanaguru.org/en/content/aw22-rule-8-1-3', b'1'),
(661, 'AW22-08021', 'http://www.accessiweb.org/index.php/accessiweb_2.2_liste_generale.html#elements', '8.2.1', 3080201, '1.0', 'accessiweb2.2', 'org.opens.tanaguru.rules.accessiweb22.Aw22Rule08021', 259, NULL, 1, NULL, 1, 'http://www.tanaguru.org/en/content/aw22-rule-8-2-1', b'1'),
(662, 'AW22-08022', 'http://www.accessiweb.org/index.php/accessiweb_2.2_liste_generale.html#elements', '8.2.2', 3080202, '1.0', 'accessiweb2.2', 'org.opens.tanaguru.rules.accessiweb22.Aw22Rule08022', 259, NULL, 1, NULL, 1, 'http://www.tanaguru.org/en/content/aw22-rule-8-2-2', b'1'),
(663, 'AW22-08031', 'http://www.accessiweb.org/index.php/accessiweb_2.2_liste_generale.html#presentation', '8.3.1', 3080301, '1.0', 'accessiweb2.2', 'org.opens.tanaguru.rules.accessiweb22.Aw22Rule08031', 260, NULL, 1, NULL, 1, 'http://www.tanaguru.org/en/content/aw22-rule-8-3-1', b'1'),
(664, 'AW22-08041', 'http://www.accessiweb.org/index.php/accessiweb_2.2_liste_generale.html#presentation', '8.4.1', 3080401, '1.0', 'accessiweb2.2', 'org.opens.tanaguru.rules.accessiweb22.Aw22Rule08041', 261, NULL, 1, NULL, 1, 'http://www.tanaguru.org/en/content/aw22-rule-8-4-1', b'1'),
(665, 'AW22-08051', 'http://www.accessiweb.org/index.php/accessiweb_2.2_liste_generale.html#elements', '8.5.1', 3080501, '1.0', 'accessiweb2.2', 'org.opens.tanaguru.rules.accessiweb22.Aw22Rule08051', 262, NULL, 1, NULL, 1, 'http://www.tanaguru.org/en/content/aw22-rule-8-5-1', b'1'),
(666, 'AW22-08061', 'http://www.accessiweb.org/index.php/accessiweb_2.2_liste_generale.html#elements', '8.6.1', 3080601, '1.0', 'accessiweb2.2', 'org.opens.tanaguru.rules.accessiweb22.Aw22Rule08061', 263, NULL, 1, NULL, 1, 'http://www.tanaguru.org/en/content/aw22-rule-8-6-1', b'1'),
(667, 'AW22-08071', 'http://www.accessiweb.org/index.php/accessiweb_2.2_liste_generale.html#elements', '8.7.1', 3080701, '1.0', 'accessiweb2.2', 'org.opens.tanaguru.rules.accessiweb22.Aw22Rule08071', 264, NULL, 2, NULL, 1, 'http://www.tanaguru.org/en/content/aw22-rule-8-7-1', b'1'),
(668, 'AW22-08081', 'http://www.accessiweb.org/index.php/accessiweb_2.2_liste_generale.html#elements', '8.8.1', 3080801, '1.0', 'accessiweb2.2', 'org.opens.tanaguru.rules.accessiweb22.Aw22Rule08081', 265, NULL, 2, NULL, 1, 'http://www.tanaguru.org/en/content/aw22-rule-8-8-1', b'1'),
(669, 'AW22-08082', 'http://www.accessiweb.org/index.php/accessiweb_2.2_liste_generale.html#elements', '8.8.2', 3080802, '1.0', 'accessiweb2.2', 'org.opens.tanaguru.rules.accessiweb22.Aw22Rule08082', 265, NULL, 2, NULL, 1, 'http://www.tanaguru.org/en/content/aw22-rule-8-8-2', b'1'),
(670, 'AW22-08091', 'http://www.accessiweb.org/index.php/accessiweb_2.2_liste_generale.html#elements', '8.9.1', 3080901, '1.0', 'accessiweb2.2', 'org.opens.tanaguru.rules.accessiweb22.Aw22Rule08091', 266, NULL, 1, NULL, 1, 'http://www.tanaguru.org/en/content/aw22-rule-8-9-1', b'1'),
(671, 'AW22-08101', 'http://www.accessiweb.org/index.php/accessiweb_2.2_liste_generale.html#elements', '8.10.1', 2081001, '1.0', 'accessiweb2.2', 'org.opens.tanaguru.rules.accessiweb22.Aw22Rule08101', 267, NULL, 1, NULL, 1, 'http://www.tanaguru.org/en/content/aw22-rule-8-10-1', b'1'),
(672, 'AW22-09011', 'http://www.accessiweb.org/index.php/accessiweb_2.2_liste_generale.html#structure', '9.1.1', 3090101, '1.0', 'accessiweb2.2', 'org.opens.tanaguru.rules.accessiweb22.Aw22Rule09011', 268, NULL, 1, NULL, 1, 'http://www.tanaguru.org/en/content/aw22-rule-9-1-1', b'1'),
(673, 'AW22-09012', 'http://www.accessiweb.org/index.php/accessiweb_2.2_liste_generale.html#structure', '9.1.2', 3090102, '1.0', 'accessiweb2.2', 'org.opens.tanaguru.rules.accessiweb22.Aw22Rule09012', 268, NULL, 1, NULL, 1, 'http://www.tanaguru.org/en/content/aw22-rule-9-1-2', b'1'),
(674, 'AW22-09013', 'http://www.accessiweb.org/index.php/accessiweb_2.2_liste_generale.html#structure', '9.1.3', 3090103, '1.0', 'accessiweb2.2', 'org.opens.tanaguru.rules.accessiweb22.Aw22Rule09013', 268, NULL, 1, NULL, 1, 'http://www.tanaguru.org/en/content/aw22-rule-9-1-3', b'1'),
(675, 'AW22-09014', 'http://www.accessiweb.org/index.php/accessiweb_2.2_liste_generale.html#structure', '9.1.4', 3090104, '1.0', 'accessiweb2.2', 'org.opens.tanaguru.rules.accessiweb22.Aw22Rule09014', 268, NULL, 1, NULL, 1, 'http://www.tanaguru.org/en/content/aw22-rule-9-1-4', b'1'),
(676, 'AW22-09021', 'http://www.accessiweb.org/index.php/accessiweb_2.2_liste_generale.html#structure', '9.2.1', 3090201, '1.0', 'accessiweb2.2', 'org.opens.tanaguru.rules.accessiweb22.Aw22Rule09021', 269, NULL, 1, NULL, 1, 'http://www.tanaguru.org/en/content/aw22-rule-9-2-1', b'1'),
(677, 'AW22-09022', 'http://www.accessiweb.org/index.php/accessiweb_2.2_liste_generale.html#structure', '9.2.2', 3090202, '1.0', 'accessiweb2.2', 'org.opens.tanaguru.rules.accessiweb22.Aw22Rule09022', 269, NULL, 1, NULL, 1, 'http://www.tanaguru.org/en/content/aw22-rule-9-2-2', b'1'),
(678, 'AW22-09023', 'http://www.accessiweb.org/index.php/accessiweb_2.2_liste_generale.html#structure', '9.2.3', 3090203, '1.0', 'accessiweb2.2', 'org.opens.tanaguru.rules.accessiweb22.Aw22Rule09023', 269, NULL, 1, NULL, 1, 'http://www.tanaguru.org/en/content/aw22-rule-9-2-3', b'1'),
(679, 'AW22-09031', 'http://www.accessiweb.org/index.php/accessiweb_2.2_liste_generale.html#structure', '9.3.1', 3090301, '1.0', 'accessiweb2.2', 'org.opens.tanaguru.rules.accessiweb22.Aw22Rule09031', 270, NULL, 3, NULL, 1, 'http://www.tanaguru.org/en/content/aw22-rule-9-3-1', b'1'),
(680, 'AW22-09032', 'http://www.accessiweb.org/index.php/accessiweb_2.2_liste_generale.html#structure', '9.3.2', 3090302, '1.0', 'accessiweb2.2', 'org.opens.tanaguru.rules.accessiweb22.Aw22Rule09032', 270, NULL, 3, NULL, 1, 'http://www.tanaguru.org/en/content/aw22-rule-9-3-2', b'1'),
(681, 'AW22-09041', 'http://www.accessiweb.org/index.php/accessiweb_2.2_liste_generale.html#structure', '9.4.1', 3090401, '1.0', 'accessiweb2.2', 'org.opens.tanaguru.rules.accessiweb22.Aw22Rule09041', 271, NULL, 3, NULL, 1, 'http://www.tanaguru.org/en/content/aw22-rule-9-4-1', b'1'),
(682, 'AW22-09042', 'http://www.accessiweb.org/index.php/accessiweb_2.2_liste_generale.html#structure', '9.4.2', 3090402, '1.0', 'accessiweb2.2', 'org.opens.tanaguru.rules.accessiweb22.Aw22Rule09042', 271, NULL, 3, NULL, 1, 'http://www.tanaguru.org/en/content/aw22-rule-9-4-2', b'1'),
(683, 'AW22-09051', 'http://www.accessiweb.org/index.php/accessiweb_2.2_liste_generale.html#structure', '9.5.1', 3090501, '1.0', 'accessiweb2.2', 'org.opens.tanaguru.rules.accessiweb22.Aw22Rule09051', 272, NULL, 1, NULL, 1, 'http://www.tanaguru.org/en/content/aw22-rule-9-5-1', b'1'),
(684, 'AW22-09052', 'http://www.accessiweb.org/index.php/accessiweb_2.2_liste_generale.html#structure', '9.5.2', 3090502, '1.0', 'accessiweb2.2', 'org.opens.tanaguru.rules.accessiweb22.Aw22Rule09052', 272, NULL, 1, NULL, 1, 'http://www.tanaguru.org/en/content/aw22-rule-9-5-2', b'1'),
(685, 'AW22-10011', 'http://www.accessiweb.org/index.php/accessiweb_2.2_liste_generale.html#presentation', '10.1.1', 3100101, '1.0', 'accessiweb2.2', 'org.opens.tanaguru.rules.accessiweb22.Aw22Rule10011', 273, NULL, 1, NULL, 1, 'http://www.tanaguru.org/en/content/aw22-rule-10-1-1', b'1'),
(686, 'AW22-10012', 'http://www.accessiweb.org/index.php/accessiweb_2.2_liste_generale.html#presentation', '10.1.2', 3100102, '1.0', 'accessiweb2.2', 'org.opens.tanaguru.rules.accessiweb22.Aw22Rule10012', 273, NULL, 1, NULL, 1, 'http://www.tanaguru.org/en/content/aw22-rule-10-1-2', b'1'),
(687, 'AW22-10013', 'http://www.accessiweb.org/index.php/accessiweb_2.2_liste_generale.html#presentation', '10.1.3', 3100103, '1.0', 'accessiweb2.2', 'org.opens.tanaguru.rules.accessiweb22.Aw22Rule10013', 273, NULL, 1, NULL, 1, 'http://www.tanaguru.org/en/content/aw22-rule-10-1-3', b'1'),
(688, 'AW22-10021', 'http://www.accessiweb.org/index.php/accessiweb_2.2_liste_generale.html#presentation', '10.2.1', 3100201, '1.0', 'accessiweb2.2', 'org.opens.tanaguru.rules.accessiweb22.Aw22Rule10021', 274, NULL, 1, NULL, 1, 'http://www.tanaguru.org/en/content/aw22-rule-10-2-1', b'1'),
(689, 'AW22-10022', 'http://www.accessiweb.org/index.php/accessiweb_2.2_liste_generale.html#presentation', '10.2.2', 3100202, '1.0', 'accessiweb2.2', 'org.opens.tanaguru.rules.accessiweb22.Aw22Rule10022', 274, NULL, 1, NULL, 1, 'http://www.tanaguru.org/en/content/aw22-rule-10-2-2', b'1'),
(690, 'AW22-10023', 'http://www.accessiweb.org/index.php/accessiweb_2.2_liste_generale.html#presentation', '10.2.3', 3100203, '1.0', 'accessiweb2.2', 'org.opens.tanaguru.rules.accessiweb22.Aw22Rule10023', 274, NULL, 1, NULL, 1, 'http://www.tanaguru.org/en/content/aw22-rule-10-2-3', b'1'),
(691, 'AW22-10031', 'http://www.accessiweb.org/index.php/accessiweb_2.2_liste_generale.html#presentation', '10.3.1', 3100301, '1.0', 'accessiweb2.2', 'org.opens.tanaguru.rules.accessiweb22.Aw22Rule10031', 275, NULL, 1, NULL, 1, 'http://www.tanaguru.org/en/content/aw22-rule-10-3-1', b'1'),
(692, 'AW22-10041', 'http://www.accessiweb.org/index.php/accessiweb_2.2_liste_generale.html#presentation', '10.4.1', 3100401, '1.0', 'accessiweb2.2', 'org.opens.tanaguru.rules.accessiweb22.Aw22Rule10041', 276, NULL, 2, NULL, 1, 'http://www.tanaguru.org/en/content/aw22-rule-10-4-1', b'1'),
(693, 'AW22-10042', 'http://www.accessiweb.org/index.php/accessiweb_2.2_liste_generale.html#presentation', '10.4.2', 3100402, '1.0', 'accessiweb2.2', 'org.opens.tanaguru.rules.accessiweb22.Aw22Rule10042', 276, NULL, 2, NULL, 1, 'http://www.tanaguru.org/en/content/aw22-rule-10-4-2', b'1'),
(694, 'AW22-10043', 'http://www.accessiweb.org/index.php/accessiweb_2.2_liste_generale.html#presentation', '10.4.3', 3100403, '1.0', 'accessiweb2.2', 'org.opens.tanaguru.rules.accessiweb22.Aw22Rule10043', 276, NULL, 2, NULL, 1, 'http://www.tanaguru.org/en/content/aw22-rule-10-4-3', b'1'),
(695, 'AW22-10051', 'http://www.accessiweb.org/index.php/accessiweb_2.2_liste_generale.html#presentation', '10.5.1', 3100501, '1.0', 'accessiweb2.2', 'org.opens.tanaguru.rules.accessiweb22.Aw22Rule10051', 277, NULL, 2, NULL, 1, 'http://www.tanaguru.org/en/content/aw22-rule-10-5-1', b'1'),
(696, 'AW22-10052', 'http://www.accessiweb.org/index.php/accessiweb_2.2_liste_generale.html#presentation', '10.5.2', 3100502, '1.0', 'accessiweb2.2', 'org.opens.tanaguru.rules.accessiweb22.Aw22Rule10052', 277, NULL, 2, NULL, 1, 'http://www.tanaguru.org/en/content/aw22-rule-10-5-2', b'1'),
(697, 'AW22-10053', 'http://www.accessiweb.org/index.php/accessiweb_2.2_liste_generale.html#presentation', '10.5.3', 3100503, '1.0', 'accessiweb2.2', 'org.opens.tanaguru.rules.accessiweb22.Aw22Rule10053', 277, NULL, 2, NULL, 1, 'http://www.tanaguru.org/en/content/aw22-rule-10-5-3', b'1'),
(698, 'AW22-10061', 'http://www.accessiweb.org/index.php/accessiweb_2.2_liste_generale.html#presentation', '10.6.1', 3100601, '1.0', 'accessiweb2.2', 'org.opens.tanaguru.rules.accessiweb22.Aw22Rule10061', 278, NULL, 1, NULL, 1, 'http://www.tanaguru.org/en/content/aw22-rule-10-6-1', b'1'),
(699, 'AW22-10071', 'http://www.accessiweb.org/index.php/accessiweb_2.2_liste_generale.html#presentation', '10.7.1', 3100701, '1.0', 'accessiweb2.2', 'org.opens.tanaguru.rules.accessiweb22.Aw22Rule10071', 279, NULL, 1, NULL, 1, 'http://www.tanaguru.org/en/content/aw22-rule-10-7-1', b'1'),
(700, 'AW22-10072', 'http://www.accessiweb.org/index.php/accessiweb_2.2_liste_generale.html#presentation', '10.7.2', 3100702, '1.0', 'accessiweb2.2', 'org.opens.tanaguru.rules.accessiweb22.Aw22Rule10072', 279, NULL, 1, NULL, 1, 'http://www.tanaguru.org/en/content/aw22-rule-10-7-2', b'1'),
(701, 'AW22-10073', 'http://www.accessiweb.org/index.php/accessiweb_2.2_liste_generale.html#presentation', '10.7.3', 3100703, '1.0', 'accessiweb2.2', 'org.opens.tanaguru.rules.accessiweb22.Aw22Rule10073', 279, NULL, 1, NULL, 1, 'http://www.tanaguru.org/en/content/aw22-rule-10-7-3', b'1'),
(702, 'AW22-10081', 'http://www.accessiweb.org/index.php/accessiweb_2.2_liste_generale.html#presentation', '10.8.1', 3100801, '1.0', 'accessiweb2.2', 'org.opens.tanaguru.rules.accessiweb22.Aw22Rule10081', 280, NULL, 3, NULL, 1, 'http://www.tanaguru.org/en/content/aw22-rule-10-8-1', b'1'),
(703, 'AW22-10082', 'http://www.accessiweb.org/index.php/accessiweb_2.2_liste_generale.html#presentation', '10.8.2', 3100802, '1.0', 'accessiweb2.2', 'org.opens.tanaguru.rules.accessiweb22.Aw22Rule10082', 280, NULL, 3, NULL, 1, 'http://www.tanaguru.org/en/content/aw22-rule-10-8-2', b'1'),
(704, 'AW22-10083', 'http://www.accessiweb.org/index.php/accessiweb_2.2_liste_generale.html#presentation', '10.8.3', 3100803, '1.0', 'accessiweb2.2', 'org.opens.tanaguru.rules.accessiweb22.Aw22Rule10083', 280, NULL, 3, NULL, 1, 'http://www.tanaguru.org/en/content/aw22-rule-10-8-3', b'1'),
(705, 'AW22-10084', 'http://www.accessiweb.org/index.php/accessiweb_2.2_liste_generale.html#presentation', '10.8.4', 3100804, '1.0', 'accessiweb2.2', 'org.opens.tanaguru.rules.accessiweb22.Aw22Rule10084', 280, NULL, 3, NULL, 1, 'http://www.tanaguru.org/en/content/aw22-rule-10-8-4', b'1'),
(706, 'AW22-10091', 'http://www.accessiweb.org/index.php/accessiweb_2.2_liste_generale.html#presentation', '10.9.1', 3100901, '1.0', 'accessiweb2.2', 'org.opens.tanaguru.rules.accessiweb22.Aw22Rule10091', 281, NULL, 3, NULL, 1, 'http://www.tanaguru.org/en/content/aw22-rule-10-9-1', b'1'),
(707, 'AW22-10101', 'http://www.accessiweb.org/index.php/accessiweb_2.2_liste_generale.html#presentation', '10.10.1', 3101001, '1.0', 'accessiweb2.2', 'org.opens.tanaguru.rules.accessiweb22.Aw22Rule10101', 282, NULL, 3, NULL, 1, 'http://www.tanaguru.org/en/content/aw22-rule-10-10-1', b'1'),
(708, 'AW22-10111', 'http://www.accessiweb.org/index.php/accessiweb_2.2_liste_generale.html#presentation', '10.11.1', 3101101, '1.0', 'accessiweb2.2', 'org.opens.tanaguru.rules.accessiweb22.Aw22Rule10111', 283, NULL, 3, NULL, 1, 'http://www.tanaguru.org/en/content/aw22-rule-10-11-1', b'1'),
(709, 'AW22-10121', 'http://www.accessiweb.org/index.php/accessiweb_2.2_liste_generale.html#presentation', '10.12.1', 3101201, '1.0', 'accessiweb2.2', 'org.opens.tanaguru.rules.accessiweb22.Aw22Rule10121', 284, NULL, 3, NULL, 1, 'http://www.tanaguru.org/en/content/aw22-rule-10-12-1', b'1'),
(710, 'AW22-10122', 'http://www.accessiweb.org/index.php/accessiweb_2.2_liste_generale.html#presentation', '10.12.2', 3101202, '1.0', 'accessiweb2.2', 'org.opens.tanaguru.rules.accessiweb22.Aw22Rule10122', 284, NULL, 3, NULL, 1, 'http://www.tanaguru.org/en/content/aw22-rule-10-12-2', b'1'),
(711, 'AW22-10131', 'http://www.accessiweb.org/index.php/accessiweb_2.2_liste_generale.html#presentation', '10.13.1', 3101301, '1.0', 'accessiweb2.2', 'org.opens.tanaguru.rules.accessiweb22.Aw22Rule10131', 285, NULL, 1, NULL, 1, 'http://www.tanaguru.org/en/content/aw22-rule-10-13-1', b'1'),
(712, 'AW22-10141', 'http://www.accessiweb.org/index.php/accessiweb_2.2_liste_generale.html#presentation', '10.14.1', 3101401, '1.0', 'accessiweb2.2', 'org.opens.tanaguru.rules.accessiweb22.Aw22Rule10141', 286, NULL, 1, NULL, 1, 'http://www.tanaguru.org/en/content/aw22-rule-10-14-1', b'1'),
(713, 'AW22-10142', 'http://www.accessiweb.org/index.php/accessiweb_2.2_liste_generale.html#presentation', '10.14.2', 3101402, '1.0', 'accessiweb2.2', 'org.opens.tanaguru.rules.accessiweb22.Aw22Rule10142', 286, NULL, 1, NULL, 1, 'http://www.tanaguru.org/en/content/aw22-rule-10-14-2', b'1'),
(714, 'AW22-10143', 'http://www.accessiweb.org/index.php/accessiweb_2.2_liste_generale.html#presentation', '10.14.3', 3101403, '1.0', 'accessiweb2.2', 'org.opens.tanaguru.rules.accessiweb22.Aw22Rule10143', 286, NULL, 1, NULL, 1, 'http://www.tanaguru.org/en/content/aw22-rule-10-14-3', b'1'),
(715, 'AW22-10144', 'http://www.accessiweb.org/index.php/accessiweb_2.2_liste_generale.html#presentation', '10.14.4', 3101404, '1.0', 'accessiweb2.2', 'org.opens.tanaguru.rules.accessiweb22.Aw22Rule10144', 286, NULL, 1, NULL, 1, 'http://www.tanaguru.org/en/content/aw22-rule-10-14-4', b'1'),
(716, 'AW22-10151', 'http://www.accessiweb.org/index.php/accessiweb_2.2_liste_generale.html#presentation', '10.15.1', 3101501, '1.0', 'accessiweb2.2', 'org.opens.tanaguru.rules.accessiweb22.Aw22Rule10151', 287, NULL, 1, NULL, 1, 'http://www.tanaguru.org/en/content/aw22-rule-10-15-1', b'1'),
(717, 'AW22-10152', 'http://www.accessiweb.org/index.php/accessiweb_2.2_liste_generale.html#presentation', '10.15.2', 3101502, '1.0', 'accessiweb2.2', 'org.opens.tanaguru.rules.accessiweb22.Aw22Rule10152', 287, NULL, 1, NULL, 1, 'http://www.tanaguru.org/en/content/aw22-rule-10-15-2', b'1'),
(718, 'AW22-10153', 'http://www.accessiweb.org/index.php/accessiweb_2.2_liste_generale.html#presentation', '10.15.3', 3101503, '1.0', 'accessiweb2.2', 'org.opens.tanaguru.rules.accessiweb22.Aw22Rule10153', 287, NULL, 1, NULL, 1, 'http://www.tanaguru.org/en/content/aw22-rule-10-15-3', b'1'),
(719, 'AW22-10154', 'http://www.accessiweb.org/index.php/accessiweb_2.2_liste_generale.html#presentation', '10.15.4', 3101504, '1.0', 'accessiweb2.2', 'org.opens.tanaguru.rules.accessiweb22.Aw22Rule10154', 287, NULL, 1, NULL, 1, 'http://www.tanaguru.org/en/content/aw22-rule-10-15-4', b'1'),
(720, 'AW22-11011', 'http://www.accessiweb.org/index.php/accessiweb_2.2_liste_generale.html#formulaire', '11.1.1', 3110101, '1.0', 'accessiweb2.2', 'org.opens.tanaguru.rules.accessiweb22.Aw22Rule11011', 288, NULL, 1, NULL, 1, 'http://www.tanaguru.org/en/content/aw22-rule-11-1-1', b'1'),
(721, 'AW22-11012', 'http://www.accessiweb.org/index.php/accessiweb_2.2_liste_generale.html#formulaire', '11.1.2', 3110102, '1.0', 'accessiweb2.2', 'org.opens.tanaguru.rules.accessiweb22.Aw22Rule11012', 288, NULL, 1, NULL, 1, 'http://www.tanaguru.org/en/content/aw22-rule-11-1-2', b'1'),
(722, 'AW22-11013', 'http://www.accessiweb.org/index.php/accessiweb_2.2_liste_generale.html#formulaire', '11.1.3', 3110103, '1.0', 'accessiweb2.2', 'org.opens.tanaguru.rules.accessiweb22.Aw22Rule11013', 288, NULL, 1, NULL, 1, 'http://www.tanaguru.org/en/content/aw22-rule-11-1-3', b'1'),
(723, 'AW22-11021', 'http://www.accessiweb.org/index.php/accessiweb_2.2_liste_generale.html#formulaire', '11.2.1', 3110201, '1.0', 'accessiweb2.2', 'org.opens.tanaguru.rules.accessiweb22.Aw22Rule11021', 289, NULL, 1, NULL, 1, 'http://www.tanaguru.org/en/content/aw22-rule-11-2-1', b'1'),
(724, 'AW22-11022', 'http://www.accessiweb.org/index.php/accessiweb_2.2_liste_generale.html#formulaire', '11.2.2', 3110202, '1.0', 'accessiweb2.2', 'org.opens.tanaguru.rules.accessiweb22.Aw22Rule11022', 289, NULL, 1, NULL, 1, 'http://www.tanaguru.org/en/content/aw22-rule-11-2-2', b'1'),
(725, 'AW22-11031', 'http://www.accessiweb.org/index.php/accessiweb_2.2_liste_generale.html#formulaire', '11.3.1', 3110301, '1.0', 'accessiweb2.2', 'org.opens.tanaguru.rules.accessiweb22.Aw22Rule11031', 290, NULL, 2, NULL, 1, 'http://www.tanaguru.org/en/content/aw22-rule-11-3-1', b'1'),
(726, 'AW22-11032', 'http://www.accessiweb.org/index.php/accessiweb_2.2_liste_generale.html#formulaire', '11.3.2', 3110302, '1.0', 'accessiweb2.2', 'org.opens.tanaguru.rules.accessiweb22.Aw22Rule11032', 290, NULL, 2, NULL, 1, 'http://www.tanaguru.org/en/content/aw22-rule-11-3-2', b'1'),
(727, 'AW22-11041', 'http://www.accessiweb.org/index.php/accessiweb_2.2_liste_generale.html#formulaire', '11.4.1', 3110401, '1.0', 'accessiweb2.2', 'org.opens.tanaguru.rules.accessiweb22.Aw22Rule11041', 291, NULL, 1, NULL, 1, 'http://www.tanaguru.org/en/content/aw22-rule-11-4-1', b'1'),
(728, 'AW22-11051', 'http://www.accessiweb.org/index.php/accessiweb_2.2_liste_generale.html#formulaire', '11.5.1', 3110501, '1.0', 'accessiweb2.2', 'org.opens.tanaguru.rules.accessiweb22.Aw22Rule11051', 292, NULL, 1, NULL, 1, 'http://www.tanaguru.org/en/content/aw22-rule-11-5-1', b'1'),
(729, 'AW22-11061', 'http://www.accessiweb.org/index.php/accessiweb_2.2_liste_generale.html#formulaire', '11.6.1', 3110601, '1.0', 'accessiweb2.2', 'org.opens.tanaguru.rules.accessiweb22.Aw22Rule11061', 293, NULL, 1, NULL, 1, 'http://www.tanaguru.org/en/content/aw22-rule-11-6-1', b'1'),
(730, 'AW22-11071', 'http://www.accessiweb.org/index.php/accessiweb_2.2_liste_generale.html#formulaire', '11.7.1', 3110701, '1.0', 'accessiweb2.2', 'org.opens.tanaguru.rules.accessiweb22.Aw22Rule11071', 294, NULL, 1, NULL, 1, 'http://www.tanaguru.org/en/content/aw22-rule-11-7-1', b'1'),
(731, 'AW22-11081', 'http://www.accessiweb.org/index.php/accessiweb_2.2_liste_generale.html#formulaire', '11.8.1', 3110801, '1.0', 'accessiweb2.2', 'org.opens.tanaguru.rules.accessiweb22.Aw22Rule11081', 295, NULL, 1, NULL, 1, 'http://www.tanaguru.org/en/content/aw22-rule-11-8-1', b'1'),
(732, 'AW22-11082', 'http://www.accessiweb.org/index.php/accessiweb_2.2_liste_generale.html#formulaire', '11.8.2', 3110802, '1.0', 'accessiweb2.2', 'org.opens.tanaguru.rules.accessiweb22.Aw22Rule11082', 295, NULL, 1, NULL, 1, 'http://www.tanaguru.org/en/content/aw22-rule-11-8-2', b'1'),
(733, 'AW22-11083', 'http://www.accessiweb.org/index.php/accessiweb_2.2_liste_generale.html#formulaire', '11.8.3', 3110803, '1.0', 'accessiweb2.2', 'org.opens.tanaguru.rules.accessiweb22.Aw22Rule11083', 295, NULL, 1, NULL, 1, 'http://www.tanaguru.org/en/content/aw22-rule-11-8-3', b'1'),
(734, 'AW22-11091', 'http://www.accessiweb.org/index.php/accessiweb_2.2_liste_generale.html#formulaire', '11.9.1', 3110901, '1.0', 'accessiweb2.2', 'org.opens.tanaguru.rules.accessiweb22.Aw22Rule11091', 296, NULL, 1, NULL, 1, 'http://www.tanaguru.org/en/content/aw22-rule-11-9-1', b'1'),
(735, 'AW22-11101', 'http://www.accessiweb.org/index.php/accessiweb_2.2_liste_generale.html#formulaire', '11.10.1', 3111001, '1.0', 'accessiweb2.2', 'org.opens.tanaguru.rules.accessiweb22.Aw22Rule11101', 297, NULL, 1, NULL, 1, 'http://www.tanaguru.org/en/content/aw22-rule-11-10-1', b'1'),
(736, 'AW22-11102', 'http://www.accessiweb.org/index.php/accessiweb_2.2_liste_generale.html#formulaire', '11.10.2', 3111002, '1.0', 'accessiweb2.2', 'org.opens.tanaguru.rules.accessiweb22.Aw22Rule11102', 297, NULL, 1, NULL, 1, 'http://www.tanaguru.org/en/content/aw22-rule-11-10-2', b'1'),
(737, 'AW22-11103', 'http://www.accessiweb.org/index.php/accessiweb_2.2_liste_generale.html#formulaire', '11.10.3', 3111003, '1.0', 'accessiweb2.2', 'org.opens.tanaguru.rules.accessiweb22.Aw22Rule11103', 297, NULL, 1, NULL, 1, 'http://www.tanaguru.org/en/content/aw22-rule-11-10-3', b'1'),
(738, 'AW22-11111', 'http://www.accessiweb.org/index.php/accessiweb_2.2_liste_generale.html#formulaire', '11.11.1', 3111101, '1.0', 'accessiweb2.2', 'org.opens.tanaguru.rules.accessiweb22.Aw22Rule11111', 298, NULL, 2, NULL, 1, 'http://www.tanaguru.org/en/content/aw22-rule-11-11-1', b'1'),
(739, 'AW22-11112', 'http://www.accessiweb.org/index.php/accessiweb_2.2_liste_generale.html#formulaire', '11.11.2', 3111102, '1.0', 'accessiweb2.2', 'org.opens.tanaguru.rules.accessiweb22.Aw22Rule11112', 298, NULL, 2, NULL, 1, 'http://www.tanaguru.org/en/content/aw22-rule-11-11-2', b'1'),
(740, 'AW22-11121', 'http://www.accessiweb.org/index.php/accessiweb_2.2_liste_generale.html#formulaire', '11.12.1', 3111201, '1.0', 'accessiweb2.2', 'org.opens.tanaguru.rules.accessiweb22.Aw22Rule11121', 299, NULL, 2, NULL, 1, 'http://www.tanaguru.org/en/content/aw22-rule-11-12-1', b'1'),
(741, 'AW22-11122', 'http://www.accessiweb.org/index.php/accessiweb_2.2_liste_generale.html#formulaire', '11.12.2', 3111202, '1.0', 'accessiweb2.2', 'org.opens.tanaguru.rules.accessiweb22.Aw22Rule11122', 299, NULL, 2, NULL, 1, 'http://www.tanaguru.org/en/content/aw22-rule-11-12-2', b'1'),
(742, 'AW22-11131', 'http://www.accessiweb.org/index.php/accessiweb_2.2_liste_generale.html#formulaire', '11.13.1', 3111301, '1.0', 'accessiweb2.2', 'org.opens.tanaguru.rules.accessiweb22.Aw22Rule11131', 300, NULL, 3, NULL, 1, 'http://www.tanaguru.org/en/content/aw22-rule-11-13-1', b'1'),
(743, 'AW22-11132', 'http://www.accessiweb.org/index.php/accessiweb_2.2_liste_generale.html#formulaire', '11.13.2', 3111302, '1.0', 'accessiweb2.2', 'org.opens.tanaguru.rules.accessiweb22.Aw22Rule11132', 300, NULL, 3, NULL, 1, 'http://www.tanaguru.org/en/content/aw22-rule-11-13-2', b'1'),
(744, 'AW22-11141', 'http://www.accessiweb.org/index.php/accessiweb_2.2_liste_generale.html#formulaire', '11.14.1', 3111401, '1.0', 'accessiweb2.2', 'org.opens.tanaguru.rules.accessiweb22.Aw22Rule11141', 301, NULL, 3, NULL, 1, 'http://www.tanaguru.org/en/content/aw22-rule-11-14-1', b'1'),
(745, 'AW22-11142', 'http://www.accessiweb.org/index.php/accessiweb_2.2_liste_generale.html#formulaire', '11.14.2', 3111402, '1.0', 'accessiweb2.2', 'org.opens.tanaguru.rules.accessiweb22.Aw22Rule11142', 301, NULL, 3, NULL, 1, 'http://www.tanaguru.org/en/content/aw22-rule-11-14-2', b'1'),
(746, 'AW22-11151', 'http://www.accessiweb.org/index.php/accessiweb_2.2_liste_generale.html#formulaire', '11.15.1', 3111501, '1.0', 'accessiweb2.2', 'org.opens.tanaguru.rules.accessiweb22.Aw22Rule11151', 302, NULL, 3, NULL, 1, 'http://www.tanaguru.org/en/content/aw22-rule-11-15-1', b'1'),
(747, 'AW22-12011', 'http://www.accessiweb.org/index.php/accessiweb_2.2_liste_generale.html#navigation', '12.1.1', 3120101, '1.0', 'accessiweb2.2', 'org.opens.tanaguru.rules.accessiweb22.Aw22Rule12011', 303, NULL, 2, NULL, 1, 'http://www.tanaguru.org/en/content/aw22-rule-12-1-1', b'1'),
(748, 'AW22-12021', 'http://www.accessiweb.org/index.php/accessiweb_2.2_liste_generale.html#navigation', '12.2.1', 3120201, '1.0', 'accessiweb2.2', 'org.opens.tanaguru.rules.accessiweb22.Aw22Rule12021', 304, NULL, 2, NULL, 1, 'http://www.tanaguru.org/en/content/aw22-rule-12-2-1', b'1'),
(749, 'AW22-12022', 'http://www.accessiweb.org/index.php/accessiweb_2.2_liste_generale.html#navigation', '12.2.2', 3120202, '1.0', 'accessiweb2.2', 'org.opens.tanaguru.rules.accessiweb22.Aw22Rule12022', 304, NULL, 2, NULL, 1, 'http://www.tanaguru.org/en/content/aw22-rule-12-2-2', b'1'),
(750, 'AW22-12031', 'http://www.accessiweb.org/index.php/accessiweb_2.2_liste_generale.html#navigation', '12.3.1', 3120301, '1.0', 'accessiweb2.2', 'org.opens.tanaguru.rules.accessiweb22.Aw22Rule12031', 305, NULL, 2, NULL, 1, 'http://www.tanaguru.org/en/content/aw22-rule-12-3-1', b'1'),
(751, 'AW22-12032', 'http://www.accessiweb.org/index.php/accessiweb_2.2_liste_generale.html#navigation', '12.3.2', 3120302, '1.0', 'accessiweb2.2', 'org.opens.tanaguru.rules.accessiweb22.Aw22Rule12032', 305, NULL, 2, NULL, 1, 'http://www.tanaguru.org/en/content/aw22-rule-12-3-2', b'1'),
(752, 'AW22-12041', 'http://www.accessiweb.org/index.php/accessiweb_2.2_liste_generale.html#navigation', '12.4.1', 3120401, '1.0', 'accessiweb2.2', 'org.opens.tanaguru.rules.accessiweb22.Aw22Rule12041', 306, NULL, 2, NULL, 1, 'http://www.tanaguru.org/en/content/aw22-rule-12-4-1', b'1'),
(753, 'AW22-12042', 'http://www.accessiweb.org/index.php/accessiweb_2.2_liste_generale.html#navigation', '12.4.2', 3120402, '1.0', 'accessiweb2.2', 'org.opens.tanaguru.rules.accessiweb22.Aw22Rule12042', 306, NULL, 2, NULL, 1, 'http://www.tanaguru.org/en/content/aw22-rule-12-4-2', b'1'),
(754, 'AW22-12043', 'http://www.accessiweb.org/index.php/accessiweb_2.2_liste_generale.html#navigation', '12.4.3', 3120403, '1.0', 'accessiweb2.2', 'org.opens.tanaguru.rules.accessiweb22.Aw22Rule12043', 306, NULL, 2, NULL, 1, 'http://www.tanaguru.org/en/content/aw22-rule-12-4-3', b'1'),
(755, 'AW22-12051', 'http://www.accessiweb.org/index.php/accessiweb_2.2_liste_generale.html#navigation', '12.5.1', 3120501, '1.0', 'accessiweb2.2', 'org.opens.tanaguru.rules.accessiweb22.Aw22Rule12051', 307, NULL, 2, NULL, 1, 'http://www.tanaguru.org/en/content/aw22-rule-12-5-1', b'1'),
(756, 'AW22-12052', 'http://www.accessiweb.org/index.php/accessiweb_2.2_liste_generale.html#navigation', '12.5.2', 3120502, '1.0', 'accessiweb2.2', 'org.opens.tanaguru.rules.accessiweb22.Aw22Rule12052', 307, NULL, 2, NULL, 1, 'http://www.tanaguru.org/en/content/aw22-rule-12-5-2', b'1'),
(757, 'AW22-12053', 'http://www.accessiweb.org/index.php/accessiweb_2.2_liste_generale.html#navigation', '12.5.3', 3120503, '1.0', 'accessiweb2.2', 'org.opens.tanaguru.rules.accessiweb22.Aw22Rule12053', 307, NULL, 2, NULL, 1, 'http://www.tanaguru.org/en/content/aw22-rule-12-5-3', b'1'),
(758, 'AW22-12061', 'http://www.accessiweb.org/index.php/accessiweb_2.2_liste_generale.html#navigation', '12.6.1', 3120601, '1.0', 'accessiweb2.2', 'org.opens.tanaguru.rules.accessiweb22.Aw22Rule12061', 308, NULL, 2, NULL, 1, 'http://www.tanaguru.org/en/content/aw22-rule-12-6-1', b'1'),
(759, 'AW22-12062', 'http://www.accessiweb.org/index.php/accessiweb_2.2_liste_generale.html#navigation', '12.6.2', 3120602, '1.0', 'accessiweb2.2', 'org.opens.tanaguru.rules.accessiweb22.Aw22Rule12062', 308, NULL, 2, NULL, 1, 'http://www.tanaguru.org/en/content/aw22-rule-12-6-2', b'1'),
(760, 'AW22-12063', 'http://www.accessiweb.org/index.php/accessiweb_2.2_liste_generale.html#navigation', '12.6.3', 3120603, '1.0', 'accessiweb2.2', 'org.opens.tanaguru.rules.accessiweb22.Aw22Rule12063', 308, NULL, 2, NULL, 1, 'http://www.tanaguru.org/en/content/aw22-rule-12-6-3', b'1'),
(761, 'AW22-12071', 'http://www.accessiweb.org/index.php/accessiweb_2.2_liste_generale.html#navigation', '12.7.1', 3120701, '1.0', 'accessiweb2.2', 'org.opens.tanaguru.rules.accessiweb22.Aw22Rule12071', 309, NULL, 2, NULL, 1, 'http://www.tanaguru.org/en/content/aw22-rule-12-7-1', b'1'),
(762, 'AW22-12081', 'http://www.accessiweb.org/index.php/accessiweb_2.2_liste_generale.html#navigation', '12.8.1', 3120801, '1.0', 'accessiweb2.2', 'org.opens.tanaguru.rules.accessiweb22.Aw22Rule12081', 310, NULL, 3, NULL, 1, 'http://www.tanaguru.org/en/content/aw22-rule-12-8-1', b'1'),
(763, 'AW22-12091', 'http://www.accessiweb.org/index.php/accessiweb_2.2_liste_generale.html#navigation', '12.9.1', 3120901, '1.0', 'accessiweb2.2', 'org.opens.tanaguru.rules.accessiweb22.Aw22Rule12091', 311, NULL, 3, NULL, 1, 'http://www.tanaguru.org/en/content/aw22-rule-12-9-1', b'1'),
(764, 'AW22-12101', 'http://www.accessiweb.org/index.php/accessiweb_2.2_liste_generale.html#navigation', '12.10.1', 3121001, '1.0', 'accessiweb2.2', 'org.opens.tanaguru.rules.accessiweb22.Aw22Rule12101', 312, NULL, 1, NULL, 1, 'http://www.tanaguru.org/en/content/aw22-rule-12-10-1', b'1'),
(765, 'AW22-12102', 'http://www.accessiweb.org/index.php/accessiweb_2.2_liste_generale.html#navigation', '12.10.2', 3121002, '1.0', 'accessiweb2.2', 'org.opens.tanaguru.rules.accessiweb22.Aw22Rule12102', 312, NULL, 1, NULL, 1, 'http://www.tanaguru.org/en/content/aw22-rule-12-10-2', b'1'),
(766, 'AW22-12103', 'http://www.accessiweb.org/index.php/accessiweb_2.2_liste_generale.html#navigation', '12.10.3', 3121003, '1.0', 'accessiweb2.2', 'org.opens.tanaguru.rules.accessiweb22.Aw22Rule12103', 312, NULL, 1, NULL, 1, 'http://www.tanaguru.org/en/content/aw22-rule-12-10-3', b'1'),
(767, 'AW22-12111', 'http://www.accessiweb.org/index.php/accessiweb_2.2_liste_generale.html#navigation', '12.11.1', 3121101, '1.0', 'accessiweb2.2', 'org.opens.tanaguru.rules.accessiweb22.Aw22Rule12111', 313, NULL, 1, NULL, 1, 'http://www.tanaguru.org/en/content/aw22-rule-12-11-1', b'1'),
(768, 'AW22-12112', 'http://www.accessiweb.org/index.php/accessiweb_2.2_liste_generale.html#navigation', '12.11.2', 3121102, '1.0', 'accessiweb2.2', 'org.opens.tanaguru.rules.accessiweb22.Aw22Rule12112', 313, NULL, 1, NULL, 1, 'http://www.tanaguru.org/en/content/aw22-rule-12-11-2', b'1'),
(769, 'AW22-12113', 'http://www.accessiweb.org/index.php/accessiweb_2.2_liste_generale.html#navigation', '12.11.3', 3121103, '1.0', 'accessiweb2.2', 'org.opens.tanaguru.rules.accessiweb22.Aw22Rule12113', 313, NULL, 1, NULL, 1, 'http://www.tanaguru.org/en/content/aw22-rule-12-11-3', b'1'),
(770, 'AW22-12114', 'http://www.accessiweb.org/index.php/accessiweb_2.2_liste_generale.html#navigation', '12.11.4', 3121104, '1.0', 'accessiweb2.2', 'org.opens.tanaguru.rules.accessiweb22.Aw22Rule12114', 313, NULL, 1, NULL, 1, 'http://www.tanaguru.org/en/content/aw22-rule-12-11-4', b'1'),
(771, 'AW22-12121', 'http://www.accessiweb.org/index.php/accessiweb_2.2_liste_generale.html#navigation', '12.12.1', 3121201, '1.0', 'accessiweb2.2', 'org.opens.tanaguru.rules.accessiweb22.Aw22Rule12121', 314, NULL, 3, NULL, 1, 'http://www.tanaguru.org/en/content/aw22-rule-12-12-1', b'1'),
(772, 'AW22-12131', 'http://www.accessiweb.org/index.php/accessiweb_2.2_liste_generale.html#navigation', '12.13.1', 3121301, '1.0', 'accessiweb2.2', 'org.opens.tanaguru.rules.accessiweb22.Aw22Rule12131', 315, NULL, 1, NULL, 1, 'http://www.tanaguru.org/en/content/aw22-rule-12-13-1', b'1'),
(773, 'AW22-12132', 'http://www.accessiweb.org/index.php/accessiweb_2.2_liste_generale.html#navigation', '12.13.2', 3121302, '1.0', 'accessiweb2.2', 'org.opens.tanaguru.rules.accessiweb22.Aw22Rule12132', 315, NULL, 1, NULL, 1, 'http://www.tanaguru.org/en/content/aw22-rule-12-13-2', b'1'),
(774, 'AW22-12141', 'http://www.accessiweb.org/index.php/accessiweb_2.2_liste_generale.html#navigation', '12.14.1', 3121401, '1.0', 'accessiweb2.2', 'org.opens.tanaguru.rules.accessiweb22.Aw22Rule12141', 316, NULL, 1, NULL, 1, 'http://www.tanaguru.org/en/content/aw22-rule-12-14-1', b'1'),
(775, 'AW22-13011', 'http://www.accessiweb.org/index.php/accessiweb_2.2_liste_generale.html#consultation', '13.1.1', 3130101, '1.0', 'accessiweb2.2', 'org.opens.tanaguru.rules.accessiweb22.Aw22Rule13011', 317, NULL, 1, NULL, 1, 'http://www.tanaguru.org/en/content/aw22-rule-13-1-1', b'1'),
(776, 'AW22-13012', 'http://www.accessiweb.org/index.php/accessiweb_2.2_liste_generale.html#consultation', '13.1.2', 3130102, '1.0', 'accessiweb2.2', 'org.opens.tanaguru.rules.accessiweb22.Aw22Rule13012', 317, NULL, 1, NULL, 1, 'http://www.tanaguru.org/en/content/aw22-rule-13-1-2', b'1'),
(777, 'AW22-13013', 'http://www.accessiweb.org/index.php/accessiweb_2.2_liste_generale.html#consultation', '13.1.3', 3130103, '1.0', 'accessiweb2.2', 'org.opens.tanaguru.rules.accessiweb22.Aw22Rule13013', 317, NULL, 1, NULL, 1, 'http://www.tanaguru.org/en/content/aw22-rule-13-1-3', b'1'),
(778, 'AW22-13014', 'http://www.accessiweb.org/index.php/accessiweb_2.2_liste_generale.html#consultation', '13.1.4', 3130104, '1.0', 'accessiweb2.2', 'org.opens.tanaguru.rules.accessiweb22.Aw22Rule13014', 317, NULL, 1, NULL, 1, 'http://www.tanaguru.org/en/content/aw22-rule-13-1-4', b'1'),
(779, 'AW22-13015', 'http://www.accessiweb.org/index.php/accessiweb_2.2_liste_generale.html#consultation', '13.1.5', 3130105, '1.0', 'accessiweb2.2', 'org.opens.tanaguru.rules.accessiweb22.Aw22Rule13015', 317, NULL, 1, NULL, 1, 'http://www.tanaguru.org/en/content/aw22-rule-13-1-5', b'1'),
(780, 'AW22-13021', 'http://www.accessiweb.org/index.php/accessiweb_2.2_liste_generale.html#consultation', '13.2.1', 3130201, '1.0', 'accessiweb2.2', 'org.opens.tanaguru.rules.accessiweb22.Aw22Rule13021', 318, NULL, 1, NULL, 1, 'http://www.tanaguru.org/en/content/aw22-rule-13-2-1', b'1'),
(781, 'AW22-13022', 'http://www.accessiweb.org/index.php/accessiweb_2.2_liste_generale.html#consultation', '13.2.2', 3130202, '1.0', 'accessiweb2.2', 'org.opens.tanaguru.rules.accessiweb22.Aw22Rule13022', 318, NULL, 1, NULL, 1, 'http://www.tanaguru.org/en/content/aw22-rule-13-2-2', b'1'),
(782, 'AW22-13023', 'http://www.accessiweb.org/index.php/accessiweb_2.2_liste_generale.html#consultation', '13.2.3', 3130203, '1.0', 'accessiweb2.2', 'org.opens.tanaguru.rules.accessiweb22.Aw22Rule13023', 318, NULL, 1, NULL, 1, 'http://www.tanaguru.org/en/content/aw22-rule-13-2-3', b'1'),
(783, 'AW22-13031', 'http://www.accessiweb.org/index.php/accessiweb_2.2_liste_generale.html#consultation', '13.3.1', 3130301, '1.0', 'accessiweb2.2', 'org.opens.tanaguru.rules.accessiweb22.Aw22Rule13031', 319, NULL, 1, NULL, 1, 'http://www.tanaguru.org/en/content/aw22-rule-13-3-1', b'1'),
(784, 'AW22-13041', 'http://www.accessiweb.org/index.php/accessiweb_2.2_liste_generale.html#consultation', '13.4.1', 3130401, '1.0', 'accessiweb2.2', 'org.opens.tanaguru.rules.accessiweb22.Aw22Rule13041', 320, NULL, 3, NULL, 1, 'http://www.tanaguru.org/en/content/aw22-rule-13-4-1', b'1'),
(785, 'AW22-13051', 'http://www.accessiweb.org/index.php/accessiweb_2.2_liste_generale.html#consultation', '13.5.1', 3130501, '1.0', 'accessiweb2.2', 'org.opens.tanaguru.rules.accessiweb22.Aw22Rule13051', 321, NULL, 3, NULL, 1, 'http://www.tanaguru.org/en/content/aw22-rule-13-5-1', b'1'),
(786, 'AW22-13061', 'http://www.accessiweb.org/index.php/accessiweb_2.2_liste_generale.html#consultation', '13.6.1', 3130601, '1.0', 'accessiweb2.2', 'org.opens.tanaguru.rules.accessiweb22.Aw22Rule13061', 322, NULL, 1, NULL, 1, 'http://www.tanaguru.org/en/content/aw22-rule-13-6-1', b'1'),
(787, 'AW22-13062', 'http://www.accessiweb.org/index.php/accessiweb_2.2_liste_generale.html#consultation', '13.6.2', 3130602, '1.0', 'accessiweb2.2', 'org.opens.tanaguru.rules.accessiweb22.Aw22Rule13062', 322, NULL, 1, NULL, 1, 'http://www.tanaguru.org/en/content/aw22-rule-13-6-2', b'1'),
(788, 'AW22-13063', 'http://www.accessiweb.org/index.php/accessiweb_2.2_liste_generale.html#consultation', '13.6.3', 3130603, '1.0', 'accessiweb2.2', 'org.opens.tanaguru.rules.accessiweb22.Aw22Rule13063', 322, NULL, 1, NULL, 1, 'http://www.tanaguru.org/en/content/aw22-rule-13-6-3', b'1'),
(789, 'AW22-13071', 'http://www.accessiweb.org/index.php/accessiweb_2.2_liste_generale.html#consultation', '13.7.1', 3130701, '1.0', 'accessiweb2.2', 'org.opens.tanaguru.rules.accessiweb22.Aw22Rule13071', 323, NULL, 1, NULL, 1, 'http://www.tanaguru.org/en/content/aw22-rule-13-7-1', b'1'),
(790, 'AW22-13081', 'http://www.accessiweb.org/index.php/accessiweb_2.2_liste_generale.html#consultation', '13.8.1', 3130801, '1.0', 'accessiweb2.2', 'org.opens.tanaguru.rules.accessiweb22.Aw22Rule13081', 324, NULL, 1, NULL, 1, 'http://www.tanaguru.org/en/content/aw22-rule-13-8-1', b'1'),
(791, 'AW22-13091', 'http://www.accessiweb.org/index.php/accessiweb_2.2_liste_generale.html#consultation', '13.9.1', 3130901, '1.0', 'accessiweb2.2', 'org.opens.tanaguru.rules.accessiweb22.Aw22Rule13091', 325, NULL, 3, NULL, 1, 'http://www.tanaguru.org/en/content/aw22-rule-13-9-1', b'1'),
(792, 'AW22-13101', 'http://www.accessiweb.org/index.php/accessiweb_2.2_liste_generale.html#consultation', '13.10.1', 3131001, '1.0', 'accessiweb2.2', 'org.opens.tanaguru.rules.accessiweb22.Aw22Rule13101', 326, NULL, 3, NULL, 1, 'http://www.tanaguru.org/en/content/aw22-rule-13-10-1', b'1'),
(793, 'AW22-13111', 'http://www.accessiweb.org/index.php/accessiweb_2.2_liste_generale.html#consultation', '13.11.1', 3131101, '1.0', 'accessiweb2.2', 'org.opens.tanaguru.rules.accessiweb22.Aw22Rule13111', 327, NULL, 1, NULL, 1, 'http://www.tanaguru.org/en/content/aw22-rule-13-11-1', b'1'),
(794, 'AW22-13121', 'http://www.accessiweb.org/index.php/accessiweb_2.2_liste_generale.html#consultation', '13.12.1', 3131201, '1.0', 'accessiweb2.2', 'org.opens.tanaguru.rules.accessiweb22.Aw22Rule13121', 328, NULL, 1, NULL, 1, 'http://www.tanaguru.org/en/content/aw22-rule-13-12-1', b'1'),
(795, 'AW22-13131', 'http://www.accessiweb.org/index.php/accessiweb_2.2_liste_generale.html#consultation', '13.13.1', 3131301, '1.0', 'accessiweb2.2', 'org.opens.tanaguru.rules.accessiweb22.Aw22Rule13131', 329, NULL, 3, NULL, 1, 'http://www.tanaguru.org/en/content/aw22-rule-13-13-1', b'1'),
(796, 'AW22-13141', 'http://www.accessiweb.org/index.php/accessiweb_2.2_liste_generale.html#consultation', '13.14.1', 3131401, '1.0', 'accessiweb2.2', 'org.opens.tanaguru.rules.accessiweb22.Aw22Rule13141', 330, NULL, 3, NULL, 1, 'http://www.tanaguru.org/en/content/aw22-rule-13-14-1', b'1'),
(797, 'AW22-13151', 'http://www.accessiweb.org/index.php/accessiweb_2.2_liste_generale.html#consultation', '13.15.1', 3131501, '1.0', 'accessiweb2.2', 'org.opens.tanaguru.rules.accessiweb22.Aw22Rule13151', 331, NULL, 1, NULL, 1, 'http://www.tanaguru.org/en/content/aw22-rule-13-15-1', b'1'),
(798, 'AW22-13152', 'http://www.accessiweb.org/index.php/accessiweb_2.2_liste_generale.html#consultation', '13.15.2', 3131502, '1.0', 'accessiweb2.2', 'org.opens.tanaguru.rules.accessiweb22.Aw22Rule13152', 331, NULL, 1, NULL, 1, 'http://www.tanaguru.org/en/content/aw22-rule-13-15-2', b'1'),
(799, 'AW22-13153', 'http://www.accessiweb.org/index.php/accessiweb_2.2_liste_generale.html#consultation', '13.15.3', 3131503, '1.0', 'accessiweb2.2', 'org.opens.tanaguru.rules.accessiweb22.Aw22Rule13153', 331, NULL, 1, NULL, 1, 'http://www.tanaguru.org/en/content/aw22-rule-13-15-3', b'1'),
(800, 'AW22-13154', 'http://www.accessiweb.org/index.php/accessiweb_2.2_liste_generale.html#consultation', '13.15.4', 3131504, '1.0', 'accessiweb2.2', 'org.opens.tanaguru.rules.accessiweb22.Aw22Rule13154', 331, NULL, 1, NULL, 1, 'http://www.tanaguru.org/en/content/aw22-rule-13-15-4', b'1'),
(801, 'AW22-13161', 'http://www.accessiweb.org/index.php/accessiweb_2.2_liste_generale.html#consultation', '13.16.1', 3131601, '1.0', 'accessiweb2.2', 'org.opens.tanaguru.rules.accessiweb22.Aw22Rule13161', 332, NULL, 3, NULL, 1, 'http://www.tanaguru.org/en/content/aw22-rule-13-16-1', b'1'),
(802, 'AW22-13162', 'http://www.accessiweb.org/index.php/accessiweb_2.2_liste_generale.html#consultation', '13.16.2', 3131602, '1.0', 'accessiweb2.2', 'org.opens.tanaguru.rules.accessiweb22.Aw22Rule13162', 332, NULL, 3, NULL, 1, 'http://www.tanaguru.org/en/content/aw22-rule-13-16-2', b'1'),
(803, 'AW22-13163', 'http://www.accessiweb.org/index.php/accessiweb_2.2_liste_generale.html#consultation', '13.16.3', 3131603, '1.0', 'accessiweb2.2', 'org.opens.tanaguru.rules.accessiweb22.Aw22Rule13163', 332, NULL, 3, NULL, 1, 'http://www.tanaguru.org/en/content/aw22-rule-13-16-3', b'1'),
(804, 'AW22-13164', 'http://www.accessiweb.org/index.php/accessiweb_2.2_liste_generale.html#consultation', '13.16.4', 3131604, '1.0', 'accessiweb2.2', 'org.opens.tanaguru.rules.accessiweb22.Aw22Rule13164', 332, NULL, 3, NULL, 1, 'http://www.tanaguru.org/en/content/aw22-rule-13-16-4', b'1'),
(805, 'AW22-13171', 'http://www.accessiweb.org/index.php/accessiweb_2.2_liste_generale.html#consultation', '13.17.1', 3131701, '1.0', 'accessiweb2.2', 'org.opens.tanaguru.rules.accessiweb22.Aw22Rule13171', 333, NULL, 1, NULL, 1, 'http://www.tanaguru.org/en/content/aw22-rule-13-17-1', b'1'),
(806, 'AW22-13172', 'http://www.accessiweb.org/index.php/accessiweb_2.2_liste_generale.html#consultation', '13.17.2', 3131702, '1.0', 'accessiweb2.2', 'org.opens.tanaguru.rules.accessiweb22.Aw22Rule13172', 333, NULL, 1, NULL, 1, 'http://www.tanaguru.org/en/content/aw22-rule-13-17-2', b'1');

--
-- Contenu de la table `theme`
--
INSERT IGNORE INTO `THEME` (`ID_THEME`, `CD_THEME`, `DESCRIPTION`, `LABEL`, `RANK`) VALUES
(1, 'AW21-1', NULL, 'Images', 1),
(2, 'AW21-2', NULL, 'Cadres', 2),
(3, 'AW21-3', NULL, 'Couleurs', 3),
(4, 'AW21-4', NULL, 'Multimédia', 4),
(5, 'AW21-5', NULL, 'Tableaux', 5),
(6, 'AW21-6', NULL, 'Liens', 6),
(7, 'AW21-7', NULL, 'Script', 7),
(8, 'AW21-8', NULL, 'Éléments Obligatoires', 8),
(9, 'AW21-9', NULL, 'Structuration de l''information', 9),
(10, 'AW21-10', NULL, 'Présentation de l''information', 10),
(11, 'AW21-11', NULL, 'Formulaires', 11),
(12, 'AW21-12', NULL, 'Navigation', 12),
(13, 'AW21-13', NULL, 'Consultation', 13), 
(31, 'AW22-1', NULL, 'Images', 1),
(32, 'AW22-2', NULL, 'Cadres', 2),
(33, 'AW22-3', NULL, 'Couleurs', 3),
(34, 'AW22-4', NULL, 'Multimédia', 4),
(35, 'AW22-5', NULL, 'Tableaux', 5),
(36, 'AW22-6', NULL, 'Liens', 6),
(37, 'AW22-7', NULL, 'Script', 7),
(38, 'AW22-8', NULL, 'Éléments Obligatoires', 8),
(39, 'AW22-9', NULL, 'Structuration de l''information', 9),
(40, 'AW22-10', NULL, 'Présentation de l''information', 10),
(41, 'AW22-11', NULL, 'Formulaires', 11),
(42, 'AW22-12', NULL, 'Navigation', 12),
(43, 'AW22-13', NULL, 'Consultation', 13);

--
-- Contenu de la table `reference`
--
INSERT IGNORE INTO `REFERENCE` (`ID_REFERENCE`, `CD_REFERENCE`, `DESCRIPTION`, `LABEL`, `URL`, `RANK`) VALUES
(1, 'AW21', NULL, 'AccessiWeb 2.1', 'http://www.braillenet.org/accessibilite/referentiel-aw21/', 1),
(4, 'AW22', NULL, 'AccessiWeb 2.2', 'http://www.accessiweb.org/index.php/accessiweb-22-english-version.html', 4);

--
-- Contenu de la table `criterion`
--
INSERT IGNORE INTO `CRITERION` (`ID_CRITERION`, `reference_ID_REFERENCE`, `theme_ID_THEME`, `CD_CRITERION`, `DESCRIPTION`, `LABEL`, `URL`, `RANK`) VALUES
(1, 1, 1, 'AW21-0101', 'Chaque image a-t-elle une alternative textuelle ?', '1.1', 'http://www.braillenet.org/accessibilite/referentiel-aw21/index.php#crit-1-1 ', 1),
(2, 1, 1, 'AW21-0102', 'Pour chaque image de décoration ayant une alternative textuelle,  cette alternative est-elle vide ?', '1.2', 'http://www.braillenet.org/accessibilite/referentiel-aw21/index.php#crit-1-2', 2),
(3, 1, 1, 'AW21-0103', 'Pour chaque image porteuse d''information ayant une alternative textuelle,  cette alternative est-elle pertinente (hors cas particuliers) ?', '1.3', 'http://www.braillenet.org/accessibilite/referentiel-aw21/index.php#crit-1-3 ', 3),
(4, 1, 1, 'AW21-0104', 'Pour chaque image utilisée comme CAPTCHA ou comme image-test,  ayant une alternative textuelle,  cette alternative permet-elle d''identifier la nature et la fonction de l''image ?', '1.4', 'http://www.braillenet.org/accessibilite/referentiel-aw21/index.php#crit-1-4 ', 4),
(5, 1, 1, 'AW21-0105', 'Pour chaque image utilisée comme CAPTCHA,  une solution d''accès alternatif au contenu ou à la fonction du CAPTCHA est-elle présente ?', '1.5', 'http://www.braillenet.org/accessibilite/referentiel-aw21/index.php#crit-1-5 ', 5),
(6, 1, 1, 'AW21-0106', 'Chaque image porteuse d''information a-t-elle,  si nécessaire,  une description détaillée ?', '1.6', 'http://www.braillenet.org/accessibilite/referentiel-aw21/index.php#crit-1-6 ', 6),
(7, 1, 1, 'AW21-0107', 'Pour chaque image porteuse d''information ayant une description détaillée,  cette description est-elle pertinente ?', '1.7', 'http://www.braillenet.org/accessibilite/referentiel-aw21/index.php#crit-1-7 ', 7),
(8, 1, 1, 'AW21-0108', 'Chaque image texte,  en l''absence d''un mécanisme de remplacement,  doit si possible être remplacée par du texte stylé. Cette règle est-elle respectée (hors cas particuliers) ?', '1.8', 'http://www.braillenet.org/accessibilite/referentiel-aw21/index.php#crit-1-8 ', 8),
(9, 1, 1, 'AW21-0109', 'Chaque image texte doit si possible être remplacée par du texte stylé. Cette règle est-elle respectée ?', '1.9', 'http://www.braillenet.org/accessibilite/referentiel-aw21/index.php#crit-1-9 ', 9),
(10, 1, 2, 'AW21-0201', 'Chaque cadre et chaque cadre en ligne a-t-il un titre de cadre ?', '2.1', 'http://www.braillenet.org/accessibilite/referentiel-aw21/index.php#crit-2-1 ', 10),
(11, 1, 2, 'AW21-0202', 'Pour chaque cadre et chaque cadre en ligne ayant un titre de cadre,  ce titre de cadre est-il pertinent ?', '2.2', 'http://www.braillenet.org/accessibilite/referentiel-aw21/index.php#crit-2-2 ', 11),
(12, 1, 3, 'AW21-0301', 'Dans chaque page Web,  l'' information ne doit pas être donnée uniquement par la couleur. Cette règle est-elle respectée ?', '3.1', 'http://www.braillenet.org/accessibilite/referentiel-aw21/index.php#crit-3-1 ', 12),
(13, 1, 3, 'AW21-0302', 'Dans chaque page Web,  l'' information ne doit pas être donnée uniquement par la couleur. Cette règle est-elle implémentée de façon pertinente ?', '3.2', 'http://www.braillenet.org/accessibilite/referentiel-aw21/index.php#crit-3-2 ', 13),
(14, 1, 3, 'AW21-0303', 'Dans chaque page Web,  le contraste entre la couleur du texte et la couleur de son arrière-plan est-il suffisamment élevé (hors cas particuliers) ?', '3.3', 'http://www.braillenet.org/accessibilite/referentiel-aw21/index.php#crit-3-3 ', 14),
(15, 1, 3, 'AW21-0304', 'Dans chaque page Web,  le contraste entre la couleur du texte et la couleur de son arrière-plan est-il amélioré (hors cas particuliers) ?', '3.4', 'http://www.braillenet.org/accessibilite/referentiel-aw21/index.php#crit-3-4 ', 15),
(16, 1, 4, 'AW21-0401', 'Chaque média temporel pré-enregistré a-t-il,  si nécessaire,  une transcription textuelle ou une audio-description (hors cas particuliers) ?', '4.1', 'http://www.braillenet.org/accessibilite/referentiel-aw21/index.php#crit-4-1 ', 16),
(17, 1, 4, 'AW21-0402', 'Pour chaque média temporel pré-enregistré ayant une transcription textuelle ou une audio-description synchronisée,  celles-ci sont-elles pertinentes (hors cas particuliers) ?', '4.2', 'http://www.braillenet.org/accessibilite/referentiel-aw21/index.php#crit-4-2 ', 19),
(18, 1, 4, 'AW21-0403', 'Chaque média temporel synchronisé pré-enregistré a-t-il,  si nécessaire,  des sous-titres synchronisés (hors cas particuliers) ?', '4.3', 'http://www.braillenet.org/accessibilite/referentiel-aw21/index.php#crit-4-3 ', 18),
(19, 1, 4, 'AW21-0404', 'Pour chaque média temporel synchronisé pré-enregistré ayant des sous-titres synchronisés,  ces sous-titres sont-ils pertinents ?', '4.4', 'http://www.braillenet.org/accessibilite/referentiel-aw21/index.php#crit-4-4 ', 19),
(20, 1, 4, 'AW21-0405', 'Chaque média temporel en direct a-t-il,  si nécessaire,  des sous-titres synchronisés ou une transcription textuelle (hors cas particuliers) ?', '4.5', 'http://www.braillenet.org/accessibilite/referentiel-aw21/index.php#crit-4-5 ', 20),
(21, 1, 4, 'AW21-0406', 'Pour chaque média temporel en direct ayant des sous-titres synchronisés ou une transcription textuelle,  ceux-ci sont-ils pertinents ?', '4.6', 'http://www.braillenet.org/accessibilite/referentiel-aw21/index.php#crit-4-6 ', 21),
(22, 1, 4, 'AW21-0407', 'Chaque média temporel synchronisé pré-enregistré a-t-il,  si nécessaire,  une audio-description synchronisée ?', '4.7', 'http://www.braillenet.org/accessibilite/referentiel-aw21/index.php#crit-4-7 ', 22),
(23, 1, 4, 'AW21-0408', 'Pour chaque média temporel pré-enregistré ayant une audio-description synchronisée,  celle-ci est-elle pertinente ?', '4.8', 'http://www.braillenet.org/accessibilite/referentiel-aw21/index.php#crit-4-8 ', 23),
(24, 1, 4, 'AW21-0409', 'Chaque média temporel pré-enregistré a-t-il,  si nécessaire,  une interprétation en langue des signes (hors cas particuliers) ?', '4.9', 'http://www.braillenet.org/accessibilite/referentiel-aw21/index.php#crit-4-9 ', 24),
(25, 1, 4, 'AW21-0410', 'Pour chaque média temporel pré-enregistré ayant une interprétation en langue des signes,  celle-ci est-elle pertinente ?', '4.10', 'http://www.braillenet.org/accessibilite/referentiel-aw21/index.php#crit-4-10 ', 25),
(26, 1, 4, 'AW21-0411', 'Chaque média temporel pré-enregistré a-t-il,  si nécessaire,  une audio-description étendue synchronisée (hors cas particuliers) ?', '4.11', 'http://www.braillenet.org/accessibilite/referentiel-aw21/index.php#crit-4-11 ', 26),
(27, 1, 4, 'AW21-0412', 'Pour chaque média temporel pré-enregistré ayant une audio-description étendue synchronisée,  celle-ci est-elle pertinente ?', '4.12', 'http://www.braillenet.org/accessibilite/referentiel-aw21/index.php#crit-4-12 ', 27),
(28, 1, 4, 'AW21-0413', 'Chaque média temporel synchronisé ou seulement vidéo a-t-il,  si nécessaire,  une transcription textuelle (hors cas particuliers ) ?', '4.13', 'http://www.braillenet.org/accessibilite/referentiel-aw21/index.php#crit-4-13 ', 28),
(29, 1, 4, 'AW21-0414', 'Pour chaque média temporel synchronisé ou seulement vidéo,  ayant une transcription textuelle,  celle-ci est-elle pertinente ?', '4.14', 'http://www.braillenet.org/accessibilite/referentiel-aw21/index.php#crit-4-14 ', 29),
(30, 1, 4, 'AW21-0415', 'Chaque média temporel est-il clairement identifiable (hors cas particuliers) ?', '4.15', 'http://www.braillenet.org/accessibilite/referentiel-aw21/index.php#crit-4-15 ', 30),
(31, 1, 4, 'AW21-0416', 'Chaque média non temporel a-t-il,  si nécessaire,  une alternative (hors cas particuliers) ?', '4.16', 'http://www.braillenet.org/accessibilite/referentiel-aw21/index.php#crit-4-16 ', 31),
(32, 1, 4, 'AW21-0417', 'Pour chaque média non temporel ayant une alternative,  cette alternative est-elle pertinente ?', '4.17', 'http://www.braillenet.org/accessibilite/referentiel-aw21/index.php#crit-4-17 ', 32),
(33, 1, 4, 'AW21-0418', 'Chaque son déclenché automatiquement est-il contrôlable par l''utilisateur ?', '4.18', 'http://www.braillenet.org/accessibilite/referentiel-aw21/index.php#crit-4-18 ', 33),
(34, 1, 4, 'AW21-0419', 'Pour chaque média temporel seulement audio pré-enregistré,  les dialogues sont-ils suffisamment audibles ?', '4.19', 'http://www.braillenet.org/accessibilite/referentiel-aw21/index.php#crit-4-19 ', 34),
(35, 1, 4, 'AW21-0420', 'La consultation de chaque média temporel est-elle contrôlable par le clavier et la souris ?', '4.20', 'http://www.braillenet.org/accessibilite/referentiel-aw21/index.php#crit-4-20 ', 35),
(36, 1, 4, 'AW21-0421', 'La consultation de chaque média non temporel est-elle contrôlable par le clavier et la souris ?', '4.21', 'http://www.braillenet.org/accessibilite/referentiel-aw21/index.php#crit-4-21 ', 36),
(37, 1, 4, 'AW21-0422', 'Chaque média temporel et non temporel est-il compatible avec les technologies d''assistance ?', '4.22', 'http://www.braillenet.org/accessibilite/referentiel-aw21/index.php#crit-4-22 ', 37),
(38, 1, 5, 'AW21-0501', 'Chaque tableau de données a-t-il un résumé ?', '5.1', 'http://www.braillenet.org/accessibilite/referentiel-aw21/index.php#crit-5-1 ', 38),
(39, 1, 5, 'AW21-0502', 'Pour chaque tableau ayant un résumé,  celui-ci est-il pertinent ?', '5.2', 'http://www.braillenet.org/accessibilite/referentiel-aw21/index.php#crit-5-2 ', 39),
(40, 1, 5, 'AW21-0503', 'Pour chaque tableau de mise en forme,  le contenu linéarisé reste-t-il compréhensible ?', '5.3', 'http://www.braillenet.org/accessibilite/referentiel-aw21/index.php#crit-5-3 ', 40),
(41, 1, 5, 'AW21-0504', 'Chaque tableau de données a-t-il un titre ?', '5.4', 'http://www.braillenet.org/accessibilite/referentiel-aw21/index.php#crit-5-4 ', 41),
(42, 1, 5, 'AW21-0505', 'Pour chaque tableau de données ayant un titre,  celui-ci est-il pertinent ?', '5.5', 'http://www.braillenet.org/accessibilite/referentiel-aw21/index.php#crit-5-5 ', 42),
(43, 1, 5, 'AW21-0506', 'Pour chaque tableau de données,  chaque en-tête de colonnes et chaque en-tête de lignes sont-ils correctement déclarés ?', '5.6', 'http://www.braillenet.org/accessibilite/referentiel-aw21/index.php#crit-5-6 ', 43),
(44, 1, 5, 'AW21-0507', 'Pour chaque tableau de données,  la technique appropriée permettant d''associer chaque cellule avec ses en-têtes est-elle utilisée ?', '5.7', 'http://www.braillenet.org/accessibilite/referentiel-aw21/index.php#crit-5-7 ', 44),
(45, 1, 5, 'AW21-0508', 'Chaque tableau de mise en forme ne doit pas utiliser d''éléments propres aux tableaux de données. Cette règle est-elle respectée ?', '5.8', 'http://www.braillenet.org/accessibilite/referentiel-aw21/index.php#crit-5-8 ', 45),
(46, 1, 6, 'AW21-0601', 'Chaque lien est-il explicite (hors cas particuliers ) ?', '6.1', 'http://www.braillenet.org/accessibilite/referentiel-aw21/index.php#crit-6-1 ', 46),
(47, 1, 6, 'AW21-0602', 'Pour chaque lien ayant un titre de lien,  celui-ci est-il pertinent ?', '6.2', 'http://www.braillenet.org/accessibilite/referentiel-aw21/index.php#crit-6-2 ', 47),
(48, 1, 6, 'AW21-0603', 'Chaque intitulé de lien seul est-il explicite hors contexte (hors cas particuliers) ?', '6.3', 'http://www.braillenet.org/accessibilite/referentiel-aw21/index.php#crit-6-3 ', 48),
(49, 1, 6, 'AW21-0604', 'Chaque lien identique a-t-il les mêmes fonction et destination ?', '6.4', 'http://www.braillenet.org/accessibilite/referentiel-aw21/index.php#crit-6-4 ', 49),
(50, 1, 6, 'AW21-0605', 'Chaque zone cliquable d''une image réactive côté serveur est-elle doublée d''un lien dans la page ?', '6.5', 'http://www.braillenet.org/accessibilite/referentiel-aw21/index.php#crit-6-5 ', 50),
(51, 1, 6, 'AW21-0606', 'Dans chaque page Web,  chaque lien,  à l''exception des ancres nommées,  a-t-il un intitulé ?', '6.6', 'http://www.braillenet.org/accessibilite/referentiel-aw21/index.php#crit-6-6 ', 51),
(52, 1, 7, 'AW21-0701', 'Chaque script a-t-il,  si nécessaire,  une alternative (hors cas particuliers) ?', '7.1', 'http://www.braillenet.org/accessibilite/referentiel-aw21/index.php#crit-7-1 ', 52),
(53, 1, 7, 'AW21-0702', 'Pour chaque script ayant une alternative,  cette alternative est-elle pertinente ?', '7.2', 'http://www.braillenet.org/accessibilite/referentiel-aw21/index.php#crit-7-2 ', 53),
(54, 1, 7, 'AW21-0703', 'Chaque script est-il contrôlable par le clavier et la souris (hors cas particuliers) ?', '7.3', 'http://www.braillenet.org/accessibilite/referentiel-aw21/index.php#crit-7-3 ', 54),
(55, 1, 7, 'AW21-0704', 'Chaque script est-il,  si nécessaire,  compatible avec les technologies d''assistance ?', '7.4', 'http://www.braillenet.org/accessibilite/referentiel-aw21/index.php#crit-7-4 ', 55),
(56, 1, 7, 'AW21-0705', 'Pour chaque script qui initie un changement de contexte,  l''utilisateur est-il averti ou en a-t-il le contrôle ?', '7.5', 'http://www.braillenet.org/accessibilite/referentiel-aw21/index.php#crit-7-5 ', 56),
(57, 1, 7, 'AW21-0706', 'Chaque script qui provoque une alerte non sollicitée est-il contrôlable par l''utilisateur (hors cas particuliers ) ?', '7.6', 'http://www.braillenet.org/accessibilite/referentiel-aw21/index.php#crit-7-6 ', 57),
(58, 1, 8, 'AW21-0801', 'Chaque page Web est-elle définie par un type de document ?', '8.1', 'http://www.braillenet.org/accessibilite/referentiel-aw21/index.php#crit-8-1 ', 58),
(59, 1, 8, 'AW21-0802', 'Pour chaque page Web,  le code source est-il valide selon le type de document spécifié ?', '8.2', 'http://www.braillenet.org/accessibilite/referentiel-aw21/index.php#crit-8-2 ', 59),
(60, 1, 8, 'AW21-0803', 'Dans chaque page Web,  la langue par défaut est-elle présente ?', '8.3', 'http://www.braillenet.org/accessibilite/referentiel-aw21/index.php#crit-8-3 ', 60),
(61, 1, 8, 'AW21-0804', 'Pour chaque page Web ayant une langue par défaut,  le code de langue est-il pertinent ?', '8.4', 'http://www.braillenet.org/accessibilite/referentiel-aw21/index.php#crit-8-4 ', 61),
(62, 1, 8, 'AW21-0805', 'Chaque page Web a-t-elle un titre de page ?', '8.5', 'http://www.braillenet.org/accessibilite/referentiel-aw21/index.php#crit-8-5 ', 62),
(63, 1, 8, 'AW21-0806', 'Pour chaque page Web ayant un titre de page,  ce titre est-il pertinent ?', '8.6', 'http://www.braillenet.org/accessibilite/referentiel-aw21/index.php#crit-8-6 ', 63),
(64, 1, 8, 'AW21-0807', 'Dans chaque page Web,  chaque changement de langue est-il indiqué dans le code source (hors cas particuliers) ?', '8.7', 'http://www.braillenet.org/accessibilite/referentiel-aw21/index.php#crit-8-7 ', 64),
(65, 1, 8, 'AW21-0808', 'Dans chaque page Web,  chaque changement de langue est-il pertinent ?', '8.8', 'http://www.braillenet.org/accessibilite/referentiel-aw21/index.php#crit-8-8 ', 65),
(66, 1, 8, 'AW21-0809', 'Dans chaque page Web,  les balises ne doivent pas être utilisées uniquement à des fins de présentation. Cette règle est-elle respectée ?', '8.9', 'http://www.braillenet.org/accessibilite/referentiel-aw21/index.php#crit-8-9 ', 66),
(67, 1, 8, 'AW21-0810', 'Dans chaque page Web,  les changements du sens de lecture sont-ils signalés ?', '8.10', 'http://www.braillenet.org/accessibilite/referentiel-aw21/index.php#crit-8-10 ', 67),
(68, 1, 9, 'AW21-0901', 'Dans chaque page Web,  l''information est-elle structurée par l''utilisation appropriée de titres ?', '9.1', 'http://www.braillenet.org/accessibilite/referentiel-aw21/index.php#crit-9-1 ', 68),
(69, 1, 9, 'AW21-0902', 'Dans chaque page Web,  chaque liste est-elle structurée avec les balises appropriées ?', '9.2', 'http://www.braillenet.org/accessibilite/referentiel-aw21/index.php#crit-9-2 ', 69),
(70, 1, 9, 'AW21-0903', 'Dans chaque page Web,  la première occurrence de chaque abréviation permet-elle d''en connaître la signification ?', '9.3', 'http://www.braillenet.org/accessibilite/referentiel-aw21/index.php#crit-9-3 ', 70),
(71, 1, 9, 'AW21-0904', 'Dans chaque page Web,  la signification de chaque abréviation est-elle pertinente ?', '9.4', 'http://www.braillenet.org/accessibilite/referentiel-aw21/index.php#crit-9-4 ', 71),
(72, 1, 9, 'AW21-0905', 'Dans chaque page Web,  chaque citation est-elle correctement indiquée ?', '9.5', 'http://www.braillenet.org/accessibilite/referentiel-aw21/index.php#crit-9-5 ', 72),
(73, 1, 10, 'AW21-1001', 'Dans le site Web,  des feuilles de styles sont-elles utilisées pour contrôler la présentation de l''information ?', '10.1', 'http://www.braillenet.org/accessibilite/referentiel-aw21/index.php#crit-10-1 ', 73),
(74, 1, 10, 'AW21-1002', 'Dans chaque page Web,  le contenu visible reste-t-il présent lorsque les feuilles de styles ou les images sont désactivées ?', '10.2', 'http://www.braillenet.org/accessibilite/referentiel-aw21/index.php#crit-10-2 ', 74),
(75, 1, 10, 'AW21-1003', 'Dans chaque page Web,  l''information reste-t-elle compréhensible lorsque les feuilles de styles sont désactivées ?', '10.3', 'http://www.braillenet.org/accessibilite/referentiel-aw21/index.php#crit-10-3 ', 75),
(76, 1, 10, 'AW21-1004', 'Dans chaque page Web,  le texte reste-t-il lisible lorsque la taille des caractères est augmentée jusqu''à 200%,  au moins ?', '10.4', 'http://www.braillenet.org/accessibilite/referentiel-aw21/index.php#crit-10-4 ', 76),
(77, 1, 10, 'AW21-1005', 'Dans chaque page Web,  les déclarations CSS de couleurs de fond d''élément et de police sont-elles correctement utilisées?', '10.5', 'http://www.braillenet.org/accessibilite/referentiel-aw21/index.php#crit-10-5 ', 77),
(78, 1, 10, 'AW21-1006', 'Dans chaque page Web,  chaque lien dont la nature n''est pas évidente est-il visible par rapport au texte environnant ?', '10.6', 'http://www.braillenet.org/accessibilite/referentiel-aw21/index.php#crit-10-6 ', 78),
(79, 1, 10, 'AW21-1007', 'Dans chaque page Web,  pour chaque élément recevant le focus,  la prise de focus est-elle visible ?', '10.7', 'http://www.braillenet.org/accessibilite/referentiel-aw21/index.php#crit-10-7 ', 79),
(80, 1, 10, 'AW21-1008', 'Dans chaque page Web,  le choix de la couleur de fond et de police du texte est-elle contrôlable par l''utilisateur ?', '10.8', 'http://www.braillenet.org/accessibilite/referentiel-aw21/index.php#crit-10-8 ', 80),
(81, 1, 10, 'AW21-1009', 'Pour chaque page Web,  le texte ne doit pas être justifié. Cette règle est-elle respectée ?', '10.9', 'http://www.braillenet.org/accessibilite/referentiel-aw21/index.php#crit-10-9 ', 81),
(82, 1, 10, 'AW21-1010', 'Pour chaque page Web,  en affichage plein écran et avec une taille de police à 200%,  chaque bloc de texte reste-t-il lisible sans l''utilisation de la barre de défilement horizontal ?', '10.10', 'http://www.braillenet.org/accessibilite/referentiel-aw21/index.php#crit-10-10 ', 82),
(83, 1, 10, 'AW21-1011', 'Pour chaque page Web,  les blocs de texte ont-ils une largeur inférieure ou égale à 80 caractères (hors cas particuliers) ?', '10.11', 'http://www.braillenet.org/accessibilite/referentiel-aw21/index.php#crit-10-11 ', 83),
(84, 1, 10, 'AW21-1012', 'Pour chaque page Web,  l''espace entre les lignes et les paragraphes est-il suffisant ?', '10.12', 'http://www.braillenet.org/accessibilite/referentiel-aw21/index.php#crit-10-12 ', 84),
(85, 1, 10, 'AW21-1013', 'Pour chaque page Web,  les textes cachés sont-t-ils correctement restitués par les technologies d''assistance ?', '10.13', 'http://www.braillenet.org/accessibilite/referentiel-aw21/index.php#crit-10-13 ', 85),
(86, 1, 10, 'AW21-1014', 'Dans chaque page Web,  l''information ne doit pas être donnée uniquement par la forme ou la position. Cette règle est-elle respectée ?', '10.14', 'http://www.braillenet.org/accessibilite/referentiel-aw21/index.php#crit-10-14 ', 86),
(87, 1, 10, 'AW21-1015', 'Dans chaque page Web,  l''information ne doit pas être donnée par la forme ou la position uniquement. Cette règle est-elle implémentée de façon pertinente ?', '10.15', 'http://www.braillenet.org/accessibilite/referentiel-aw21/index.php#crit-10-15 ', 87),
(88, 1, 11, 'AW21-1101', 'Chaque champ de formulaire a-t-il une étiquette ?', '11.1', 'http://www.braillenet.org/accessibilite/referentiel-aw21/index.php#crit-11-1 ', 88),
(89, 1, 11, 'AW21-1102', 'Chaque étiquette associée à un champ de formulaire est-elle pertinente ?', '11.2', 'http://www.braillenet.org/accessibilite/referentiel-aw21/index.php#crit-11-2 ', 89),
(90, 1, 11, 'AW21-1103', 'Dans chaque formulaire,  chaque étiquette associée à un champ de formulaire ayant la même fonction et répétés plusieurs fois dans une même page ou dans un ensemble de page est-elle cohérente ?', '11.3', 'http://www.braillenet.org/accessibilite/referentiel-aw21/index.php#crit-11-3 ', 90),
(91, 1, 11, 'AW21-1104', 'Dans chaque formulaire,  chaque étiquette de champ et son champ associé sont-ils accolés ?', '11.4', 'http://www.braillenet.org/accessibilite/referentiel-aw21/index.php#crit-11-4 ', 91),
(92, 1, 11, 'AW21-1105', 'Dans chaque formulaire,  les informations de même nature sont-elles regroupées,  si nécessaire ?', '11.5', 'http://www.braillenet.org/accessibilite/referentiel-aw21/index.php#crit-11-5 ', 92),
(93, 1, 11, 'AW21-1106', 'Dans chaque formulaire,  chaque regroupement de champs de formulaire a-t-il une légende ?', '11.6', 'http://www.braillenet.org/accessibilite/referentiel-aw21/index.php#crit-11-6 ', 93),
(94, 1, 11, 'AW21-1107', 'Dans chaque formulaire,  chaque légende associée à un groupement de champs de formulaire est-elle pertinente ?', '11.7', 'http://www.braillenet.org/accessibilite/referentiel-aw21/index.php#crit-11-7 ', 94),
(95, 1, 11, 'AW21-1108', 'Dans chaque formulaire,  chaque liste de choix est-elle structurée de manière pertinente ?', '11.8', 'http://www.braillenet.org/accessibilite/referentiel-aw21/index.php#crit-11-8 ', 95),
(96, 1, 11, 'AW21-1109', 'Dans chaque formulaire,  l''intitulé de chaque bouton est-il pertinent ?', '11.9', 'http://www.braillenet.org/accessibilite/referentiel-aw21/index.php#crit-11-9 ', 96),
(97, 1, 11, 'AW21-1110', 'Dans chaque formulaire,  le contrôle de saisie est-il utilisé de manière pertinente ?', '11.10', 'http://www.braillenet.org/accessibilite/referentiel-aw21/index.php#crit-11-10 ', 97),
(98, 1, 11, 'AW21-1111', 'Dans chaque formulaire,  le contrôle de saisie est-il accompagné,  si possible,  de suggestions facilitant la correction des erreurs de saisie ?', '11.11', 'http://www.braillenet.org/accessibilite/referentiel-aw21/index.php#crit-11-11 ', 98),
(99, 1, 11, 'AW21-1112', 'Pour chaque formulaire,  les données à caractère financier,  juridique ou personnel peuvent-elles être modifiées,  mise à jour ou récupérées par l''utilisateur ?', '11.12', 'http://www.braillenet.org/accessibilite/referentiel-aw21/index.php#crit-11-12 ', 99),
(100, 1, 11, 'AW21-1113', 'Pour chaque formulaire,  toutes les données peuvent-elles être modifiées,  mises à jour ou récupérées par l''utilisateur ?', '11.13', 'http://www.braillenet.org/accessibilite/referentiel-aw21/index.php#crit-11-13 ', 100),
(101, 1, 11, 'AW21-1114', 'Pour chaque formulaire,  des aides à la saisie sont-elles présentes ?', '11.14', 'http://www.braillenet.org/accessibilite/referentiel-aw21/index.php#crit-11-14 ', 101),
(102, 1, 11, 'AW21-1115', 'Pour chaque formulaire,  chaque aide à la saisie est-elle pertinente ?', '11.15', 'http://www.braillenet.org/accessibilite/referentiel-aw21/index.php#crit-11-15 ', 102),
(103, 1, 12, 'AW21-1201', 'Chaque ensemble de pages dispose-t-il de deux systèmes de navigation différents,  au moins (hors cas particuliers) ?', '12.1', 'http://www.braillenet.org/accessibilite/referentiel-aw21/index.php#crit-12-1 ', 103),
(104, 1, 12, 'AW21-1202', 'Dans chaque ensemble de pages,  le menu ou les barres de navigation sont-ils toujours à la même place (hors cas particuliers) ?', '12.2', 'http://www.braillenet.org/accessibilite/referentiel-aw21/index.php#crit-12-2 ', 104),
(105, 1, 12, 'AW21-1203', 'Dans chaque ensemble de pages,  le menu et les barres de navigation ont-ils une présentation cohérente (hors cas particuliers) ?', '12.3', 'http://www.braillenet.org/accessibilite/referentiel-aw21/index.php#crit-12-3 ', 105),
(106, 1, 12, 'AW21-1204', 'La page "plan du site" est-elle pertinente ?', '12.4', 'http://www.braillenet.org/accessibilite/referentiel-aw21/index.php#crit-12-4 ', 106),
(107, 1, 12, 'AW21-1205', 'Dans chaque ensemble de pages,  la page "plan du site" est-elle atteignable de manière identique ?', '12.5', 'http://www.braillenet.org/accessibilite/referentiel-aw21/index.php#crit-12-5 ', 107),
(108, 1, 12, 'AW21-1206', 'Dans chaque ensemble de pages,  le moteur de recherche est-il atteignable de manière identique ?', '12.6', 'http://www.braillenet.org/accessibilite/referentiel-aw21/index.php#crit-12-6 ', 108),
(109, 1, 12, 'AW21-1207', 'Dans chaque page d''une collection de pages,  des liens facilitant la navigation sont-ils présents ?', '12.7', 'http://www.braillenet.org/accessibilite/referentiel-aw21/index.php#crit-12-7 ', 109),
(110, 1, 12, 'AW21-1208', 'Dans chaque page web,  un fil d''Ariane est-il présent ?', '12.8', 'http://www.braillenet.org/accessibilite/referentiel-aw21/index.php#crit-12-8 ', 110),
(111, 1, 12, 'AW21-1209', 'Dans chaque page Web,  le fil d''Ariane est-il pertinent ?', '12.9', 'http://www.braillenet.org/accessibilite/referentiel-aw21/index.php#crit-12-9 ', 111),
(112, 1, 12, 'AW21-1210', 'Dans chaque page Web,  les groupes de liens importants (menu,  barre de navigation...) et la zone de contenu sont-ils identifiés ?', '12.10', 'http://www.braillenet.org/accessibilite/referentiel-aw21/index.php#crit-12-10 ', 112),
(113, 1, 12, 'AW21-1211', 'Dans chaque page Web,  des liens d''évitements ou d''accès rapide aux groupes de liens importants et à la zone de contenu sont-ils présents ?', '12.11', 'http://www.braillenet.org/accessibilite/referentiel-aw21/index.php#crit-12-11 ', 113),
(114, 1, 12, 'AW21-1212', 'Dans chaque page Web,  la page en cours de consultation est-elle indiquée dans le menu de navigation ?', '12.12', 'http://www.braillenet.org/accessibilite/referentiel-aw21/index.php#crit-12-12 ', 114),
(115, 1, 12, 'AW21-1213', 'Dans chaque page Web,  l''ordre de tabulation est-il cohérent ?', '12.13', 'http://www.braillenet.org/accessibilite/referentiel-aw21/index.php#crit-12-13 ', 115),
(116, 1, 12, 'AW21-1214', 'Dans chaque page Web,  la navigation ne doit pas contenir de piège au clavier. Cette règle est-elle respectée ?', '12.14', 'http://www.braillenet.org/accessibilite/referentiel-aw21/index.php#crit-12-14 ', 116),
(117, 1, 13, 'AW21-1301', 'Pour chaque page Web,  l''utilisateur a-t-il le contrôle de chaque limite de temps modifiant le contenu (hors cas particuliers) ?', '13.1', 'http://www.braillenet.org/accessibilite/referentiel-aw21/index.php#crit-13-1 ', 119),
(118, 1, 13, 'AW21-1302', 'Dans chaque page Web,  pour chaque ouverture de nouvelle fenêtre,  l''utilisateur est-il averti ?', '13.2', 'http://www.braillenet.org/accessibilite/referentiel-aw21/index.php#crit-13-2 ', 118),
(119, 1, 13, 'AW21-1303', 'Dans chaque page Web,  l''ouverture d''une nouvelle fenêtre ne doit pas être déclenchée sans action de l''utilisateur. Cette règle est-elle respectée ?', '13.3', 'http://www.braillenet.org/accessibilite/referentiel-aw21/index.php#crit-13-3 ', 119),
(120, 1, 13, 'AW21-1304', 'Dans chaque page Web,  une tâche ne doit pas requérir de limite de temps pour être réalisée,  sauf si elle se déroule en temps réel ou si cette limite de temps est essentielle. Cette règle est-elle respectée ?', '13.4', 'http://www.braillenet.org/accessibilite/referentiel-aw21/index.php#crit-13-4 ', 120),
(121, 1, 13, 'AW21-1305', 'Dans chaque page Web,  lors d''une interruption de session authentifiée,  les données saisies par l''utilisateur sont-elles récupérées après ré-authentification ?', '13.5', 'http://www.braillenet.org/accessibilite/referentiel-aw21/index.php#crit-13-5 ', 121),
(122, 1, 13, 'AW21-1306', 'Dans chaque page Web,  pour chaque fichier en téléchargement,  des informations relatives à sa consultation sont-elles présentes ?', '13.6', 'http://www.braillenet.org/accessibilite/referentiel-aw21/index.php#crit-13-6 ', 122),
(123, 1, 13, 'AW21-1307', 'Dans chaque page Web,  chaque document bureautique en téléchargement possède-t-il,  si nécessaire,  une version accessible (hors cas particuliers) ?', '13.7', 'http://www.braillenet.org/accessibilite/referentiel-aw21/index.php#crit-13-7 ', 123),
(124, 1, 13, 'AW21-1308', 'Pour chaque document bureautique ayant une version accessible,  cette version offre-t-elle la même information ?', '13.8', 'http://www.braillenet.org/accessibilite/referentiel-aw21/index.php#crit-13-8 ', 124),
(125, 1, 13, 'AW21-1309', 'Dans chaque page Web,  les expressions inhabituelles,  les expressions idiomatiques ou le jargon sont-ils explicités ?', '13.9', 'http://www.braillenet.org/accessibilite/referentiel-aw21/index.php#crit-13-9 ', 125),
(126, 1, 13, 'AW21-1310', 'Dans chaque page Web,  pour chaque expression inhabituelle ou limitée,  idiomatique ou de jargon ayant une définition,  cette définition est-elle pertinente ?', '13.10', 'http://www.braillenet.org/accessibilite/referentiel-aw21/index.php#crit-13-10 ', 126),
(127, 1, 13, 'AW21-1311', 'Dans chaque page Web,  chaque contenu cryptique (art ascii,  émoticon,  syntaxe cryptique) a-t-il une alternative ?', '13.11', 'http://www.braillenet.org/accessibilite/referentiel-aw21/index.php#crit-13-11 ', 127),
(128, 1, 13, 'AW21-1312', 'Dans chaque page Web,  pour chaque contenu cryptique (art ascii,  émoticon,  syntaxe cryptique) ayant une alternative,  cette alternative est-elle pertinente ?', '13.12', 'http://www.braillenet.org/accessibilite/referentiel-aw21/index.php#crit-13-12 ', 128),
(129, 1, 13, 'AW21-1313', 'Dans chaque page Web,  pour chaque mot dont le sens ne peut être compris sans en connaître la prononciation,  celle-ci est-elle indiquée ?', '13.13', 'http://www.braillenet.org/accessibilite/referentiel-aw21/index.php#crit-13-13 ', 129),
(130, 1, 13, 'AW21-1314', 'Dans chaque page Web,  chaque texte qui nécessite un niveau de lecture plus avancé que le premier cycle de l''enseignement secondaire a-t-il une version alternative ?', '13.14', 'http://www.braillenet.org/accessibilite/referentiel-aw21/index.php#crit-13-14 ', 130),
(131, 1, 13, 'AW21-1315', 'Dans chaque page Web,  les changements brusques de luminosité ou les effets de flash sont-ils correctement utilisés ?', '13.15', 'http://www.braillenet.org/accessibilite/referentiel-aw21/index.php#crit-13-15 ', 131),
(132, 1, 13, 'AW21-1316', 'Dans chaque page Web,  les changements brusques de luminosité ou les effets de flash ont-ils une fréquence inférieure ou égale à 3 par seconde ?', '13.16', 'http://www.braillenet.org/accessibilite/referentiel-aw21/index.php#crit-13-16 ', 132),
(133, 1, 13, 'AW21-1317', 'Dans chaque page Web,  chaque contenu en mouvement ou clignotant est-il contrôlable par l''utilisateur ?', '13.17', 'http://www.braillenet.org/accessibilite/referentiel-aw21/index.php#crit-13-17 ', 133),
(201, 4, 31, 'AW22-0101', '', '1.1', 'http://www.accessiweb.org/index.php/accessiweb_2.2_liste_generale.html#crit-1-1 ', 201),
(202, 4, 31, 'AW22-0102', '', '1.2', 'http://www.accessiweb.org/index.php/accessiweb_2.2_liste_generale.html#crit-1-2 ', 202),
(203, 4, 31, 'AW22-0103', '', '1.3', 'http://www.accessiweb.org/index.php/accessiweb_2.2_liste_generale.html#crit-1-3 ', 203),
(204, 4, 31, 'AW22-0104', '', '1.4', 'http://www.accessiweb.org/index.php/accessiweb_2.2_liste_generale.html#crit-1-4 ', 204),
(205, 4, 31, 'AW22-0105', '', '1.5', 'http://www.accessiweb.org/index.php/accessiweb_2.2_liste_generale.html#crit-1-5 ', 205),
(206, 4, 31, 'AW22-0106', '', '1.6', 'http://www.accessiweb.org/index.php/accessiweb_2.2_liste_generale.html#crit-1-6 ', 206),
(207, 4, 31, 'AW22-0107', '', '1.7', 'http://www.accessiweb.org/index.php/accessiweb_2.2_liste_generale.html#crit-1-7 ', 207),
(208, 4, 31, 'AW22-0108', '', '1.8', 'http://www.accessiweb.org/index.php/accessiweb_2.2_liste_generale.html#crit-1-8 ', 208),
(209, 4, 31, 'AW22-0109', '', '1.9', 'http://www.accessiweb.org/index.php/accessiweb_2.2_liste_generale.html#crit-1-9 ', 209),
(210, 4, 32, 'AW22-0201', '', '2.1', 'http://www.accessiweb.org/index.php/accessiweb_2.2_liste_generale.html#crit-2-1 ', 210),
(211, 4, 32, 'AW22-0202', '', '2.2', 'http://www.accessiweb.org/index.php/accessiweb_2.2_liste_generale.html#crit-2-2 ', 211),
(212, 4, 33, 'AW22-0301', '', '3.1', 'http://www.accessiweb.org/index.php/accessiweb_2.2_liste_generale.html#crit-3-1 ', 212),
(213, 4, 33, 'AW22-0302', '', '3.2', 'http://www.accessiweb.org/index.php/accessiweb_2.2_liste_generale.html#crit-3-2 ', 213),
(214, 4, 33, 'AW22-0303', '', '3.3', 'http://www.accessiweb.org/index.php/accessiweb_2.2_liste_generale.html#crit-3-3 ', 214),
(215, 4, 33, 'AW22-0304', '', '3.4', 'http://www.accessiweb.org/index.php/accessiweb_2.2_liste_generale.html#crit-3-4 ', 215),
(216, 4, 34, 'AW22-0401', '', '4.1', 'http://www.accessiweb.org/index.php/accessiweb_2.2_liste_generale.html#crit-4-1 ', 216),
(217, 4, 34, 'AW22-0402', '', '4.2', 'http://www.accessiweb.org/index.php/accessiweb_2.2_liste_generale.html#crit-4-2 ', 219),
(218, 4, 34, 'AW22-0403', '', '4.3', 'http://www.accessiweb.org/index.php/accessiweb_2.2_liste_generale.html#crit-4-3 ', 218),
(219, 4, 34, 'AW22-0404', '', '4.4', 'http://www.accessiweb.org/index.php/accessiweb_2.2_liste_generale.html#crit-4-4 ', 219),
(220, 4, 34, 'AW22-0405', '', '4.5', 'http://www.accessiweb.org/index.php/accessiweb_2.2_liste_generale.html#crit-4-5 ', 220),
(221, 4, 34, 'AW22-0406', '', '4.6', 'http://www.accessiweb.org/index.php/accessiweb_2.2_liste_generale.html#crit-4-6 ', 221),
(222, 4, 34, 'AW22-0407', '', '4.7', 'http://www.accessiweb.org/index.php/accessiweb_2.2_liste_generale.html#crit-4-7 ', 222),
(223, 4, 34, 'AW22-0408', '', '4.8', 'http://www.accessiweb.org/index.php/accessiweb_2.2_liste_generale.html#crit-4-8 ', 223),
(224, 4, 34, 'AW22-0409', '', '4.9', 'http://www.accessiweb.org/index.php/accessiweb_2.2_liste_generale.html#crit-4-9 ', 224),
(225, 4, 34, 'AW22-0410', '', '4.10', 'http://www.accessiweb.org/index.php/accessiweb_2.2_liste_generale.html#crit-4-10 ', 225),
(226, 4, 34, 'AW22-0411', '', '4.11', 'http://www.accessiweb.org/index.php/accessiweb_2.2_liste_generale.html#crit-4-11 ', 226),
(227, 4, 34, 'AW22-0412', '', '4.12', 'http://www.accessiweb.org/index.php/accessiweb_2.2_liste_generale.html#crit-4-12 ', 227),
(228, 4, 34, 'AW22-0413', '', '4.13', 'http://www.accessiweb.org/index.php/accessiweb_2.2_liste_generale.html#crit-4-13 ', 228),
(229, 4, 34, 'AW22-0414', '', '4.14', 'http://www.accessiweb.org/index.php/accessiweb_2.2_liste_generale.html#crit-4-14 ', 229),
(230, 4, 34, 'AW22-0415', '', '4.15', 'http://www.accessiweb.org/index.php/accessiweb_2.2_liste_generale.html#crit-4-15 ', 230),
(231, 4, 34, 'AW22-0416', '', '4.16', 'http://www.accessiweb.org/index.php/accessiweb_2.2_liste_generale.html#crit-4-16 ', 231),
(232, 4, 34, 'AW22-0417', '', '4.17', 'http://www.accessiweb.org/index.php/accessiweb_2.2_liste_generale.html#crit-4-17 ', 232),
(233, 4, 34, 'AW22-0418', '', '4.18', 'http://www.accessiweb.org/index.php/accessiweb_2.2_liste_generale.html#crit-4-18 ', 233),
(234, 4, 34, 'AW22-0419', '', '4.19', 'http://www.accessiweb.org/index.php/accessiweb_2.2_liste_generale.html#crit-4-19 ', 234),
(235, 4, 34, 'AW22-0420', '', '4.20', 'http://www.accessiweb.org/index.php/accessiweb_2.2_liste_generale.html#crit-4-20 ', 235),
(236, 4, 34, 'AW22-0421', '', '4.21', 'http://www.accessiweb.org/index.php/accessiweb_2.2_liste_generale.html#crit-4-21 ', 236),
(237, 4, 34, 'AW22-0422', '', '4.22', 'http://www.accessiweb.org/index.php/accessiweb_2.2_liste_generale.html#crit-4-22 ', 237),
(238, 4, 35, 'AW22-0501', '', '5.1', 'http://www.accessiweb.org/index.php/accessiweb_2.2_liste_generale.html#crit-5-1 ', 238),
(239, 4, 35, 'AW22-0502', '', '5.2', 'http://www.accessiweb.org/index.php/accessiweb_2.2_liste_generale.html#crit-5-2 ', 239),
(240, 4, 35, 'AW22-0503', '', '5.3', 'http://www.accessiweb.org/index.php/accessiweb_2.2_liste_generale.html#crit-5-3 ', 240),
(241, 4, 35, 'AW22-0504', '', '5.4', 'http://www.accessiweb.org/index.php/accessiweb_2.2_liste_generale.html#crit-5-4 ', 241),
(242, 4, 35, 'AW22-0505', '', '5.5', 'http://www.accessiweb.org/index.php/accessiweb_2.2_liste_generale.html#crit-5-5 ', 242),
(243, 4, 35, 'AW22-0506', '', '5.6', 'http://www.accessiweb.org/index.php/accessiweb_2.2_liste_generale.html#crit-5-6 ', 243),
(244, 4, 35, 'AW22-0507', '', '5.7', 'http://www.accessiweb.org/index.php/accessiweb_2.2_liste_generale.html#crit-5-7 ', 244),
(245, 4, 35, 'AW22-0508', '', '5.8', 'http://www.accessiweb.org/index.php/accessiweb_2.2_liste_generale.html#crit-5-8 ', 245),
(246, 4, 36, 'AW22-0601', '', '6.1', 'http://www.accessiweb.org/index.php/accessiweb_2.2_liste_generale.html#crit-6-1 ', 246),
(247, 4, 36, 'AW22-0602', '', '6.2', 'http://www.accessiweb.org/index.php/accessiweb_2.2_liste_generale.html#crit-6-2 ', 247),
(248, 4, 36, 'AW22-0603', '', '6.3', 'http://www.accessiweb.org/index.php/accessiweb_2.2_liste_generale.html#crit-6-3 ', 248),
(249, 4, 36, 'AW22-0604', '', '6.4', 'http://www.accessiweb.org/index.php/accessiweb_2.2_liste_generale.html#crit-6-4 ', 249),
(250, 4, 36, 'AW22-0605', '', '6.5', 'http://www.accessiweb.org/index.php/accessiweb_2.2_liste_generale.html#crit-6-5 ', 250),
(251, 4, 36, 'AW22-0606', '', '6.6', 'http://www.accessiweb.org/index.php/accessiweb_2.2_liste_generale.html#crit-6-6 ', 251),
(252, 4, 37, 'AW22-0701', '', '7.1', 'http://www.accessiweb.org/index.php/accessiweb_2.2_liste_generale.html#crit-7-1 ', 252),
(253, 4, 37, 'AW22-0702', '', '7.2', 'http://www.accessiweb.org/index.php/accessiweb_2.2_liste_generale.html#crit-7-2 ', 253),
(254, 4, 37, 'AW22-0703', '', '7.3', 'http://www.accessiweb.org/index.php/accessiweb_2.2_liste_generale.html#crit-7-3 ', 254),
(255, 4, 37, 'AW22-0704', '', '7.4', 'http://www.accessiweb.org/index.php/accessiweb_2.2_liste_generale.html#crit-7-4 ', 255),
(256, 4, 37, 'AW22-0705', '', '7.5', 'http://www.accessiweb.org/index.php/accessiweb_2.2_liste_generale.html#crit-7-5 ', 256),
(257, 4, 37, 'AW22-0706', '', '7.6', 'http://www.accessiweb.org/index.php/accessiweb_2.2_liste_generale.html#crit-7-6 ', 257),
(258, 4, 38, 'AW22-0801', '', '8.1', 'http://www.accessiweb.org/index.php/accessiweb_2.2_liste_generale.html#crit-8-1 ', 258),
(259, 4, 38, 'AW22-0802', '', '8.2', 'http://www.accessiweb.org/index.php/accessiweb_2.2_liste_generale.html#crit-8-2 ', 259),
(260, 4, 38, 'AW22-0803', '', '8.3', 'http://www.accessiweb.org/index.php/accessiweb_2.2_liste_generale.html#crit-8-3 ', 260),
(261, 4, 38, 'AW22-0804', '', '8.4', 'http://www.accessiweb.org/index.php/accessiweb_2.2_liste_generale.html#crit-8-4 ', 261),
(262, 4, 38, 'AW22-0805', '', '8.5', 'http://www.accessiweb.org/index.php/accessiweb_2.2_liste_generale.html#crit-8-5 ', 262),
(263, 4, 38, 'AW22-0806', '', '8.6', 'http://www.accessiweb.org/index.php/accessiweb_2.2_liste_generale.html#crit-8-6 ', 263),
(264, 4, 38, 'AW22-0807', '', '8.7', 'http://www.accessiweb.org/index.php/accessiweb_2.2_liste_generale.html#crit-8-7 ', 264),
(265, 4, 38, 'AW22-0808', '', '8.8', 'http://www.accessiweb.org/index.php/accessiweb_2.2_liste_generale.html#crit-8-8 ', 265),
(266, 4, 38, 'AW22-0809', '', '8.9', 'http://www.accessiweb.org/index.php/accessiweb_2.2_liste_generale.html#crit-8-9 ', 266),
(267, 4, 38, 'AW22-0810', '', '8.10', 'http://www.accessiweb.org/index.php/accessiweb_2.2_liste_generale.html#crit-8-10 ', 267),
(268, 4, 39, 'AW22-0901', '', '9.1', 'http://www.accessiweb.org/index.php/accessiweb_2.2_liste_generale.html#crit-9-1 ', 268),
(269, 4, 39, 'AW22-0902', '', '9.2', 'http://www.accessiweb.org/index.php/accessiweb_2.2_liste_generale.html#crit-9-2 ', 269),
(270, 4, 39, 'AW22-0903', '', '9.3', 'http://www.accessiweb.org/index.php/accessiweb_2.2_liste_generale.html#crit-9-3 ', 270),
(271, 4, 39, 'AW22-0904', '', '9.4', 'http://www.accessiweb.org/index.php/accessiweb_2.2_liste_generale.html#crit-9-4 ', 271),
(272, 4, 39, 'AW22-0905', '', '9.5', 'http://www.accessiweb.org/index.php/accessiweb_2.2_liste_generale.html#crit-9-5 ', 272),
(273, 4, 40, 'AW22-1001', '', '10.1', 'http://www.accessiweb.org/index.php/accessiweb_2.2_liste_generale.html#crit-10-1 ', 273),
(274, 4, 40, 'AW22-1002', '', '10.2', 'http://www.accessiweb.org/index.php/accessiweb_2.2_liste_generale.html#crit-10-2 ', 274),
(275, 4, 40, 'AW22-1003', '', '10.3', 'http://www.accessiweb.org/index.php/accessiweb_2.2_liste_generale.html#crit-10-3 ', 275),
(276, 4, 40, 'AW22-1004', '', '10.4', 'http://www.accessiweb.org/index.php/accessiweb_2.2_liste_generale.html#crit-10-4 ', 276),
(277, 4, 40, 'AW22-1005', '', '10.5', 'http://www.accessiweb.org/index.php/accessiweb_2.2_liste_generale.html#crit-10-5 ', 277),
(278, 4, 40, 'AW22-1006', '', '10.6', 'http://www.accessiweb.org/index.php/accessiweb_2.2_liste_generale.html#crit-10-6 ', 278),
(279, 4, 40, 'AW22-1007', '', '10.7', 'http://www.accessiweb.org/index.php/accessiweb_2.2_liste_generale.html#crit-10-7 ', 279),
(280, 4, 40, 'AW22-1008', '', '10.8', 'http://www.accessiweb.org/index.php/accessiweb_2.2_liste_generale.html#crit-10-8 ', 280),
(281, 4, 40, 'AW22-1009', '', '10.9', 'http://www.accessiweb.org/index.php/accessiweb_2.2_liste_generale.html#crit-10-9 ', 281),
(282, 4, 40, 'AW22-1010', '', '10.10', 'http://www.accessiweb.org/index.php/accessiweb_2.2_liste_generale.html#crit-10-10 ', 282),
(283, 4, 40, 'AW22-1011', '', '10.11', 'http://www.accessiweb.org/index.php/accessiweb_2.2_liste_generale.html#crit-10-11 ', 283),
(284, 4, 40, 'AW22-1012', '', '10.12', 'http://www.accessiweb.org/index.php/accessiweb_2.2_liste_generale.html#crit-10-12 ', 284),
(285, 4, 40, 'AW22-1013', '', '10.13', 'http://www.accessiweb.org/index.php/accessiweb_2.2_liste_generale.html#crit-10-13 ', 285),
(286, 4, 40, 'AW22-1014', '', '10.14', 'http://www.accessiweb.org/index.php/accessiweb_2.2_liste_generale.html#crit-10-14 ', 286),
(287, 4, 40, 'AW22-1015', '', '10.15', 'http://www.accessiweb.org/index.php/accessiweb_2.2_liste_generale.html#crit-10-15 ', 287),
(288, 4, 41, 'AW22-1101', '', '11.1', 'http://www.accessiweb.org/index.php/accessiweb_2.2_liste_generale.html#crit-11-1 ', 288),
(289, 4, 41, 'AW22-1102', '', '11.2', 'http://www.accessiweb.org/index.php/accessiweb_2.2_liste_generale.html#crit-11-2 ', 289),
(290, 4, 41, 'AW22-1103', '', '11.3', 'http://www.accessiweb.org/index.php/accessiweb_2.2_liste_generale.html#crit-11-3 ', 290),
(291, 4, 41, 'AW22-1104', '', '11.4', 'http://www.accessiweb.org/index.php/accessiweb_2.2_liste_generale.html#crit-11-4 ', 291),
(292, 4, 41, 'AW22-1105', '', '11.5', 'http://www.accessiweb.org/index.php/accessiweb_2.2_liste_generale.html#crit-11-5 ', 292),
(293, 4, 41, 'AW22-1106', '', '11.6', 'http://www.accessiweb.org/index.php/accessiweb_2.2_liste_generale.html#crit-11-6 ', 293),
(294, 4, 41, 'AW22-1107', '', '11.7', 'http://www.accessiweb.org/index.php/accessiweb_2.2_liste_generale.html#crit-11-7 ', 294),
(295, 4, 41, 'AW22-1108', '', '11.8', 'http://www.accessiweb.org/index.php/accessiweb_2.2_liste_generale.html#crit-11-8 ', 295),
(296, 4, 41, 'AW22-1109', '', '11.9', 'http://www.accessiweb.org/index.php/accessiweb_2.2_liste_generale.html#crit-11-9 ', 296),
(297, 4, 41, 'AW22-1110', '', '11.10', 'http://www.accessiweb.org/index.php/accessiweb_2.2_liste_generale.html#crit-11-10 ', 297),
(298, 4, 41, 'AW22-1111', '', '11.11', 'http://www.accessiweb.org/index.php/accessiweb_2.2_liste_generale.html#crit-11-11 ', 298),
(299, 4, 41, 'AW22-1112', '', '11.12', 'http://www.accessiweb.org/index.php/accessiweb_2.2_liste_generale.html#crit-11-12 ', 299),
(300, 4, 41, 'AW22-1113', '', '11.13', 'http://www.accessiweb.org/index.php/accessiweb_2.2_liste_generale.html#crit-11-13 ', 300),
(301, 4, 41, 'AW22-1114', '', '11.14', 'http://www.accessiweb.org/index.php/accessiweb_2.2_liste_generale.html#crit-11-14 ', 301),
(302, 4, 41, 'AW22-1115', '', '11.15', 'http://www.accessiweb.org/index.php/accessiweb_2.2_liste_generale.html#crit-11-15 ', 302),
(303, 4, 42, 'AW22-1201', '', '12.1', 'http://www.accessiweb.org/index.php/accessiweb_2.2_liste_generale.html#crit-12-1 ', 303),
(304, 4, 42, 'AW22-1202', '', '12.2', 'http://www.accessiweb.org/index.php/accessiweb_2.2_liste_generale.html#crit-12-2 ', 304),
(305, 4, 42, 'AW22-1203', '', '12.3', 'http://www.accessiweb.org/index.php/accessiweb_2.2_liste_generale.html#crit-12-3 ', 305),
(306, 4, 42, 'AW22-1204', '', '12.4', 'http://www.accessiweb.org/index.php/accessiweb_2.2_liste_generale.html#crit-12-4 ', 306),
(307, 4, 42, 'AW22-1205', '', '12.5', 'http://www.accessiweb.org/index.php/accessiweb_2.2_liste_generale.html#crit-12-5 ', 307),
(308, 4, 42, 'AW22-1206', '', '12.6', 'http://www.accessiweb.org/index.php/accessiweb_2.2_liste_generale.html#crit-12-6 ', 308),
(309, 4, 42, 'AW22-1207', '', '12.7', 'http://www.accessiweb.org/index.php/accessiweb_2.2_liste_generale.html#crit-12-7 ', 309),
(310, 4, 42, 'AW22-1208', '', '12.8', 'http://www.accessiweb.org/index.php/accessiweb_2.2_liste_generale.html#crit-12-8 ', 310),
(311, 4, 42, 'AW22-1209', '', '12.9', 'http://www.accessiweb.org/index.php/accessiweb_2.2_liste_generale.html#crit-12-9 ', 311),
(312, 4, 42, 'AW22-1210', '', '12.10', 'http://www.accessiweb.org/index.php/accessiweb_2.2_liste_generale.html#crit-12-10 ', 312),
(313, 4, 42, 'AW22-1211', '', '12.11', 'http://www.accessiweb.org/index.php/accessiweb_2.2_liste_generale.html#crit-12-11 ', 313),
(314, 4, 42, 'AW22-1212', '', '12.12', 'http://www.accessiweb.org/index.php/accessiweb_2.2_liste_generale.html#crit-12-12 ', 314),
(315, 4, 42, 'AW22-1213', '', '12.13', 'http://www.accessiweb.org/index.php/accessiweb_2.2_liste_generale.html#crit-12-13 ', 315),
(316, 4, 42, 'AW22-1214', '', '12.14', 'http://www.accessiweb.org/index.php/accessiweb_2.2_liste_generale.html#crit-12-14 ', 316),
(317, 4, 43, 'AW22-1301', '', '13.1', 'http://www.accessiweb.org/index.php/accessiweb_2.2_liste_generale.html#crit-13-1 ', 319),
(318, 4, 43, 'AW22-1302', '', '13.2', 'http://www.accessiweb.org/index.php/accessiweb_2.2_liste_generale.html#crit-13-2 ', 318),
(319, 4, 43, 'AW22-1303', '', '13.3', 'http://www.accessiweb.org/index.php/accessiweb_2.2_liste_generale.html#crit-13-3 ', 319),
(320, 4, 43, 'AW22-1304', '', '13.4', 'http://www.accessiweb.org/index.php/accessiweb_2.2_liste_generale.html#crit-13-4 ', 320),
(321, 4, 43, 'AW22-1305', '', '13.5', 'http://www.accessiweb.org/index.php/accessiweb_2.2_liste_generale.html#crit-13-5 ', 321),
(322, 4, 43, 'AW22-1306', '', '13.6', 'http://www.accessiweb.org/index.php/accessiweb_2.2_liste_generale.html#crit-13-6 ', 322),
(323, 4, 43, 'AW22-1307', '', '13.7', 'http://www.accessiweb.org/index.php/accessiweb_2.2_liste_generale.html#crit-13-7 ', 323),
(324, 4, 43, 'AW22-1308', '', '13.8', 'http://www.accessiweb.org/index.php/accessiweb_2.2_liste_generale.html#crit-13-8 ', 324),
(325, 4, 43, 'AW22-1309', '', '13.9', 'http://www.accessiweb.org/index.php/accessiweb_2.2_liste_generale.html#crit-13-9 ', 325),
(326, 4, 43, 'AW22-1310', '', '13.10', 'http://www.accessiweb.org/index.php/accessiweb_2.2_liste_generale.html#crit-13-10 ', 326),
(327, 4, 43, 'AW22-1311', '', '13.11', 'http://www.accessiweb.org/index.php/accessiweb_2.2_liste_generale.html#crit-13-11 ', 327),
(328, 4, 43, 'AW22-1312', '', '13.12', 'http://www.accessiweb.org/index.php/accessiweb_2.2_liste_generale.html#crit-13-12 ', 328),
(329, 4, 43, 'AW22-1313', '', '13.13', 'http://www.accessiweb.org/index.php/accessiweb_2.2_liste_generale.html#crit-13-13 ', 329),
(330, 4, 43, 'AW22-1314', '', '13.14', 'http://www.accessiweb.org/index.php/accessiweb_2.2_liste_generale.html#crit-13-14 ', 330),
(331, 4, 43, 'AW22-1315', '', '13.15', 'http://www.accessiweb.org/index.php/accessiweb_2.2_liste_generale.html#crit-13-15 ', 331),
(332, 4, 43, 'AW22-1316', '', '13.16', 'http://www.accessiweb.org/index.php/accessiweb_2.2_liste_generale.html#crit-13-16 ', 332),
(333, 4, 43, 'AW22-1317', '', '13.17', 'http://www.accessiweb.org/index.php/accessiweb_2.2_liste_generale.html#crit-13-17 ', 333);

SET foreign_key_checks=1;