--
-- Dumping data for table `SCOPE`
--
INSERT IGNORE INTO `SCOPE` (`Id_Scope`, `Code`, `Description`, `Label`) VALUES
(1, 'page', 'page', 'Page'),
(2, 'site', 'site', 'Site'),
(3, 'site&page', 'site and page', 'Site and Page');


--
-- Dumping data for table `EVIDENCE`
--
INSERT IGNORE INTO `EVIDENCE` (`Id_Evidence`, `Cd_Evidence`, `Description`, `Long_Label`) VALUES
(1, 'Element-Name', NULL, NULL),
(2, 'src', NULL, NULL),
(3, 'Css-Selector', NULL, NULL),
(4, 'Previous-H-Tag-Index', NULL, NULL),
(5, 'First-H-Tag-Index', NULL, NULL),
(6, 'Node', NULL, NULL),
(7, 'href', NULL, NULL),
(8, 'Link-Title-Attribut', NULL, NULL),
(9, 'Link-Text', NULL, NULL),
(10, 'Link-Href-Attribut', NULL, NULL),
(11, 'Language', NULL, NULL),
(12, 'Detected-Language', NULL, NULL),
(13, 'Extracted-Text', NULL, NULL),
(14, 'Css-Filename', NULL, NULL),
(15, 'Snippet', NULL, NULL),
(16, 'title', NULL, NULL),
(17, 'text', NULL, NULL),
(18, 'label', NULL, NULL),
(19, 'precomputed-test-result', NULL, NULL),
(20, 'code', NULL, NULL),
(21, 'Foreground-Color', NULL, NULL),
(22, 'Background-Color', NULL, NULL),
(23, 'alt', NULL, NULL),
(24, 'data', NULL, NULL),
(25, 'longdesc', NULL, NULL),
(26, 'summary', NULL, NULL),
(27, 'Previous-H-Tag-Index2', NULL, NULL),
(28, 'First-H-Tag-Index2', NULL, NULL),
(29, 'Contrast', NULL, NULL),
(30, 'lang', NULL, NULL),
(31, 'xml-lang', NULL, NULL),
(32, 'content', NULL, NULL),
(33, 'value', NULL, NULL),
(34, 'Default-Language', NULL, NULL),
(35, 'Current-Language', NULL, NULL),
(36, 'aria-label', NULL, NULL),
(37, 'aria-labelledby', NULL, NULL),
(38, 'aria-describedby', NULL, NULL),
(39, 'role', NULL, NULL),
(1000, 'Url', NULL, NULL),
(1002, 'H1', NULL, NULL),
(1003, 'MetaDescription', NULL, NULL);


--
-- Dumping data for table `NOMENCLATURE`
--
INSERT IGNORE INTO `NOMENCLATURE` (`Id_Nomenclature`, `Cd_Nomenclature`, `Description`, `Long_Label`, `Short_Label`, `Id_Nomenclature_Parent`) VALUES
(1, 'FormsButtonTypes', NULL, NULL, NULL, NULL),
(2, 'JSWindowOpen', NULL, NULL, NULL, NULL),
(3, 'NotificationNewWindowWhitelist', NULL, NULL, NULL, NULL),
(4, 'FormsButtonWhitelist', NULL, NULL, NULL, NULL),
(5, 'FormsButtonBlacklist', NULL, NULL, NULL, NULL),
(6, 'LinkTextWhitelist', NULL, NULL, NULL, NULL),
(7, 'LinkTextBlacklist', NULL, NULL, NULL, NULL),
(8, 'PossibleImageTags', NULL, NULL, NULL, NULL),
(9, 'RelativeCssUnits', NULL, NULL, NULL, NULL),
(10, 'ValidLanguageCode', NULL, NULL, NULL, NULL),
(11, 'DeprecatedRepresentationTags', NULL, NULL, NULL, NULL),
(12, 'UnexplicitPageTitle', NULL, NULL, NULL, NULL),
(13, 'ImageFileExtensions', NULL, NULL, NULL, NULL),
(14, 'MediaListNotAcceptingRelativeUnits', NULL, NULL, NULL, NULL),
(15, 'DeprecatedRepresentationAttributes', NULL, NULL, NULL, NULL),
(16, 'DeprecatedRepresentationAttributesWithExceptions', NULL, NULL, NULL, NULL),
(17, 'RecommendedDoctypeDeclarations', NULL, NULL, NULL, NULL),
(18, 'XhtmlDoctypeDeclarations', NULL, NULL, NULL, NULL), 
(19, 'RecommendedCaseInsensitiveDoctypeDeclarations', NULL, NULL, NULL, NULL), 
(20, 'DeprecatedRepresentationTagsV2', NULL, NULL, NULL, NULL),
(21, 'DeprecatedRepresentationAttributesV2', NULL, NULL, NULL, NULL),
(22, 'OfficeDocumentExtensions', NULL, NULL, NULL, NULL),
(23, 'BrowserReadableExtensions', NULL, NULL, NULL, NULL),
(24, 'DownloadableDocumentExtensions', NULL, NULL, NULL, NULL);


--
-- Dumping data for table `NOMENCLATURE_ELEMENT`
--
INSERT IGNORE INTO `NOMENCLATURE_ELEMENT` (`DTYPE`, `Id_Nomenclature_Element`, `Label`, `shortValue`, `Id_Nomenclature`) VALUES
('NomenclatureElementImpl', 1, 'reset', NULL, 1),
('NomenclatureElementImpl', 2, 'submit', NULL, 1),
('NomenclatureElementImpl', 3, 'button', NULL, 1),
('NomenclatureElementImpl', 4, 'window.open', NULL, 2),
('NomenclatureElementImpl', 5, 'javascript:window.open', NULL, 2),
('NomenclatureElementImpl', 6, 'new window', NULL, 3),
('NomenclatureElementImpl', 7, 'nouvelle fenêtre', NULL, 3),
('NomenclatureElementImpl', 8, 's''inscrire', NULL, 5),
('NomenclatureElementImpl', 9, 'go', NULL, 5),
('NomenclatureElementImpl', 10, 'inscrire', NULL, 5),
('NomenclatureElementImpl', 11, 'valider', NULL, 5),
('NomenclatureElementImpl', 12, 'envoyer', NULL, 5),
('NomenclatureElementImpl', 13, 'submit', NULL, 5),
('NomenclatureElementImpl', 14, 'poster', NULL, 5),
('NomenclatureElementImpl', 15, 'retour à l''accueil', NULL, 6),
('NomenclatureElementImpl', 16, 'back home', NULL, 6),
('NomenclatureElementImpl', 17, 'here', NULL, 7),
('NomenclatureElementImpl', 18, 'this link', NULL, 7),
('NomenclatureElementImpl', 19, 'there', NULL, 7),
('NomenclatureElementImpl', 20, 'en savoir plus...', NULL, 7),
('NomenclatureElementImpl', 21, 'more', NULL, 7),
('NomenclatureElementImpl', 22, 'en savoir plus', NULL, 7),
('NomenclatureElementImpl', 23, 'ici', NULL, 7),
('NomenclatureElementImpl', 24, 'plus', NULL, 7),
('NomenclatureElementImpl', 25, 'là', NULL, 7),
('NomenclatureElementImpl', 26, 'cliquez ici', NULL, 7),
('NomenclatureElementImpl', 27, 'ce lien', NULL, 7),
('NomenclatureElementImpl', 28, 'post précédent', NULL, 7),
('NomenclatureElementImpl', 29, 'lire la suite', NULL, 7),
('NomenclatureElementImpl', 30, 'click here', NULL, 7),
('NomenclatureElementImpl', 31, 'object', NULL, 8),
('NomenclatureElementImpl', 32, 'img', NULL, 8),
('NomenclatureCssUnitImpl', 33, 'pc', 22, 9),
('NomenclatureCssUnitImpl', 34, 'cm', 19, 9),
('NomenclatureCssUnitImpl', 35, 'in', 18, 9),
('NomenclatureCssUnitImpl', 36, 'pt', 21, 9),
('NomenclatureCssUnitImpl', 37, 'mm', 20, 9),
('NomenclatureElementImpl', 38, 'kk', NULL, 10),
('NomenclatureElementImpl', 39, 'th', NULL, 10),
('NomenclatureElementImpl', 40, 'cs', NULL, 10),
('NomenclatureElementImpl', 41, 'vi', NULL, 10),
('NomenclatureElementImpl', 42, 'hi', NULL, 10),
('NomenclatureElementImpl', 43, 'ur', NULL, 10),
('NomenclatureElementImpl', 44, 'af', NULL, 10),
('NomenclatureElementImpl', 45, 'tl', NULL, 10),
('NomenclatureElementImpl', 46, 'bh', NULL, 10),
('NomenclatureElementImpl', 47, 'ta', NULL, 10),
('NomenclatureElementImpl', 48, 'zh', NULL, 10),
('NomenclatureElementImpl', 49, 'wa', NULL, 10),
('NomenclatureElementImpl', 50, 'ae', NULL, 10),
('NomenclatureElementImpl', 51, 'fy', NULL, 10),
('NomenclatureElementImpl', 52, 'bn', NULL, 10),
('NomenclatureElementImpl', 53, 'sw', NULL, 10),
('NomenclatureElementImpl', 54, 'sd', NULL, 10),
('NomenclatureElementImpl', 55, 'mi', NULL, 10),
('NomenclatureElementImpl', 56, 'la', NULL, 10),
('NomenclatureElementImpl', 57, 'gv', NULL, 10),
('NomenclatureElementImpl', 58, 'no', NULL, 10),
('NomenclatureElementImpl', 59, 'or', NULL, 10),
('NomenclatureElementImpl', 60, 'tk', NULL, 10),
('NomenclatureElementImpl', 61, 'bs', NULL, 10),
('NomenclatureElementImpl', 62, 'ko', NULL, 10),
('NomenclatureElementImpl', 63, 'et', NULL, 10),
('NomenclatureElementImpl', 64, 'aa', NULL, 10),
('NomenclatureElementImpl', 65, 'ja', NULL, 10),
('NomenclatureElementImpl', 66, 'rm', NULL, 10),
('NomenclatureElementImpl', 67, 'ks', NULL, 10),
('NomenclatureElementImpl', 68, 'ca', NULL, 10),
('NomenclatureElementImpl', 69, 'sn', NULL, 10),
('NomenclatureElementImpl', 70, 'en', NULL, 10),
('NomenclatureElementImpl', 71, 'nl', NULL, 10),
('NomenclatureElementImpl', 72, 'ss', NULL, 10),
('NomenclatureElementImpl', 73, 'ab', NULL, 10),
('NomenclatureElementImpl', 74, 'tg', NULL, 10),
('NomenclatureElementImpl', 75, 'st', NULL, 10),
('NomenclatureElementImpl', 76, 'da', NULL, 10),
('NomenclatureElementImpl', 77, 'bo', NULL, 10),
('NomenclatureElementImpl', 78, 'sg', NULL, 10),
('NomenclatureElementImpl', 79, 'na', NULL, 10),
('NomenclatureElementImpl', 80, 'gl', NULL, 10),
('NomenclatureElementImpl', 81, 'si', NULL, 10),
('NomenclatureElementImpl', 82, 'rw', NULL, 10),
('NomenclatureElementImpl', 83, 'uz', NULL, 10),
('NomenclatureElementImpl', 84, 'te', NULL, 10),
('NomenclatureElementImpl', 85, 'kl', NULL, 10),
('NomenclatureElementImpl', 86, 'el', NULL, 10),
('NomenclatureElementImpl', 87, 'ba', NULL, 10),
('NomenclatureElementImpl', 88, 'tn', NULL, 10),
('NomenclatureElementImpl', 89, 'br', NULL, 10),
('NomenclatureElementImpl', 90, 'ky', NULL, 10),
('NomenclatureElementImpl', 91, 'ps', NULL, 10),
('NomenclatureElementImpl', 92, 'es', NULL, 10),
('NomenclatureElementImpl', 93, 'ch', NULL, 10),
('NomenclatureElementImpl', 94, 'sr', NULL, 10),
('NomenclatureElementImpl', 95, 'mk', NULL, 10),
('NomenclatureElementImpl', 96, 'qu', NULL, 10),
('NomenclatureElementImpl', 97, 'ka', NULL, 10),
('NomenclatureElementImpl', 98, 'fr', NULL, 10),
('NomenclatureElementImpl', 99, 'ne', NULL, 10),
('NomenclatureElementImpl', 100, 'he', NULL, 10),
('NomenclatureElementImpl', 101, 'co', NULL, 10),
('NomenclatureElementImpl', 102, 'uk', NULL, 10),
('NomenclatureElementImpl', 103, 'ga', NULL, 10),
('NomenclatureElementImpl', 104, 'tt', NULL, 10),
('NomenclatureElementImpl', 105, 'ms', NULL, 10),
('NomenclatureElementImpl', 106, 'pt', NULL, 10),
('NomenclatureElementImpl', 107, 'bg', NULL, 10),
('NomenclatureElementImpl', 108, 'ku', NULL, 10),
('NomenclatureElementImpl', 109, 'ny', NULL, 10),
('NomenclatureElementImpl', 110, 'so', NULL, 10),
('NomenclatureElementImpl', 111, 'ln', NULL, 10),
('NomenclatureElementImpl', 112, 'zu', NULL, 10),
('NomenclatureElementImpl', 113, 'fj', NULL, 10),
('NomenclatureElementImpl', 114, 'sk', NULL, 10),
('NomenclatureElementImpl', 115, 'is', NULL, 10),
('NomenclatureElementImpl', 116, 'ik', NULL, 10),
('NomenclatureElementImpl', 117, 'xh', NULL, 10),
('NomenclatureElementImpl', 118, 'ro', NULL, 10),
('NomenclatureElementImpl', 119, 'yi', NULL, 10),
('NomenclatureElementImpl', 120, 'be', NULL, 10),
('NomenclatureElementImpl', 121, 'ar', NULL, 10),
('NomenclatureElementImpl', 122, 'fi', NULL, 10),
('NomenclatureElementImpl', 123, 'my', NULL, 10),
('NomenclatureElementImpl', 124, 'gn', NULL, 10),
('NomenclatureElementImpl', 125, 'dz', NULL, 10),
('NomenclatureElementImpl', 126, 'su', NULL, 10),
('NomenclatureElementImpl', 127, 'hu', NULL, 10),
('NomenclatureElementImpl', 128, 'mt', NULL, 10),
('NomenclatureElementImpl', 129, 'lt', NULL, 10),
('NomenclatureElementImpl', 130, 'de', NULL, 10),
('NomenclatureElementImpl', 131, 'pl', NULL, 10),
('NomenclatureElementImpl', 132, 'tr', NULL, 10),
('NomenclatureElementImpl', 133, 'kn', NULL, 10),
('NomenclatureElementImpl', 134, 'cy', NULL, 10),
('NomenclatureElementImpl', 135, 'mg', NULL, 10),
('NomenclatureElementImpl', 136, 'tw', NULL, 10),
('NomenclatureElementImpl', 137, 'hr', NULL, 10),
('NomenclatureElementImpl', 138, 'hy', NULL, 10),
('NomenclatureElementImpl', 139, 'wo', NULL, 10),
('NomenclatureElementImpl', 140, 'kw', NULL, 10),
('NomenclatureElementImpl', 141, 'hz', NULL, 10),
('NomenclatureElementImpl', 142, 'eu', NULL, 10),
('NomenclatureElementImpl', 143, 'ia', NULL, 10),
('NomenclatureElementImpl', 144, 'sv', NULL, 10),
('NomenclatureElementImpl', 145, 'iu', NULL, 10),
('NomenclatureElementImpl', 146, 'gu', NULL, 10),
('NomenclatureElementImpl', 147, 'gd', NULL, 10),
('NomenclatureElementImpl', 148, 'oc', NULL, 10),
('NomenclatureElementImpl', 149, 'fo', NULL, 10),
('NomenclatureElementImpl', 150, 'lv', NULL, 10),
('NomenclatureElementImpl', 151, 'as', NULL, 10),
('NomenclatureElementImpl', 152, 'sm', NULL, 10),
('NomenclatureElementImpl', 153, 'ug', NULL, 10),
('NomenclatureElementImpl', 154, 'sa', NULL, 10),
('NomenclatureElementImpl', 155, 'sl', NULL, 10),
('NomenclatureElementImpl', 156, 'yo', NULL, 10),
('NomenclatureElementImpl', 157, 'mr', NULL, 10),
('NomenclatureElementImpl', 158, 'vo', NULL, 10),
('NomenclatureElementImpl', 159, 'sq', NULL, 10),
('NomenclatureElementImpl', 160, 'fa', NULL, 10),
('NomenclatureElementImpl', 161, 'id', NULL, 10),
('NomenclatureElementImpl', 162, 'ru', NULL, 10),
('NomenclatureElementImpl', 163, 'az', NULL, 10),
('NomenclatureElementImpl', 164, 'ts', NULL, 10),
('NomenclatureElementImpl', 165, 'km', NULL, 10),
('NomenclatureElementImpl', 166, 'rn', NULL, 10),
('NomenclatureElementImpl', 167, 'it', NULL, 10),
('NomenclatureElementImpl', 168, 'ml', NULL, 10),
('NomenclatureElementImpl', 169, 'mn', NULL, 10),
('NomenclatureElementImpl', 170, 'ha', NULL, 10),
('NomenclatureElementImpl', 171, 'om', NULL, 10),
('NomenclatureElementImpl', 172, 'am', NULL, 10),
('NomenclatureElementImpl', 173, 'bi', NULL, 10),
('NomenclatureElementImpl', 174, 'ki', NULL, 10),
('NomenclatureElementImpl', 175, 'kv', NULL, 10),
('NomenclatureElementImpl', 176, 'kj', NULL, 10),
('NomenclatureElementImpl', 177, 'ay', NULL, 10),
('NomenclatureElementImpl', 178, 'eo', NULL, 10),
('NomenclatureElementImpl', 179, 'pa', NULL, 10),
('NomenclatureElementImpl', 180, 'ie', NULL, 10),
('NomenclatureElementImpl', 181, 'lo', NULL, 10),
('NomenclatureElementImpl', 182, 'BASEFONT', NULL, 11),
('NomenclatureElementImpl', 183, 'CENTER', NULL, 11),
('NomenclatureElementImpl', 184, 'BLINK', NULL, 11),
('NomenclatureElementImpl', 185, 'FONT', NULL, 11),
('NomenclatureElementImpl', 186, 'MARQUEE', NULL, 11),
('NomenclatureElementImpl', 187, 'TT', NULL, 11),
('NomenclatureElementImpl', 188, 'S', NULL, 11),
('NomenclatureElementImpl', 189, 'STRIKE', NULL, 11),
('NomenclatureElementImpl', 190, 'U', NULL, 11),
('NomenclatureElementImpl', 191, '', NULL, 12),
('NomenclatureElementImpl', 192, 'Bienvenue dans Adobe GoLive 6', NULL, 12),
('NomenclatureElementImpl', 193, 'Page title', NULL, 12),
('NomenclatureElementImpl', 194, 'Titre de la page', NULL, 12),
('NomenclatureElementImpl', 195, 'jpg', NULL, 13),
('NomenclatureElementImpl', 196, 'gif', NULL, 13),
('NomenclatureElementImpl', 197, 'jpeg', NULL, 13),
('NomenclatureElementImpl', 198, 'png', NULL, 13),
('NomenclatureElementImpl', 199, 'bmp', NULL, 13),
('NomenclatureElementImpl', 200, 'all', NULL, 14),
('NomenclatureElementImpl', 201, 'screen', NULL, 14),
('NomenclatureElementImpl', 202, 'projection', NULL, 14),
('NomenclatureElementImpl', 203, 'handheld', NULL, 14),
('NomenclatureElementImpl', 204, 'tv', NULL, 14),
('NomenclatureElementImpl', 205, 'telecharger', NULL, 7),
('NomenclatureElementImpl', 206, 'télécharger', NULL, 7),
('NomenclatureElementImpl', 207, 'download', NULL, 7),
('NomenclatureElementImpl', 208, 'visiter', NULL, 7),
('NomenclatureElementImpl', 209, 'visit', NULL, 7),
('NomenclatureElementImpl', 210, 'ajouter', NULL, 7),
('NomenclatureElementImpl', 211, 'add', NULL, 7),
('NomenclatureElementImpl', 212, 'acheter', NULL, 7),
('NomenclatureElementImpl', 213, 'buy', NULL, 7),
('NomenclatureElementImpl', 214, 'ouvrir', NULL, 7),
('NomenclatureElementImpl', 215, 'open', NULL, 7),
('NomenclatureElementImpl', 216, 'valider', NULL, 7),
('NomenclatureElementImpl', 217, 'validate', NULL, 7),
('NomenclatureElementImpl', 218, 'envoyer', NULL, 7),
('NomenclatureElementImpl', 219, 'send', NULL, 7),
('NomenclatureElementImpl', 220, 'suivant', NULL, 7),
('NomenclatureElementImpl', 221, 'next', NULL, 7),
('NomenclatureElementImpl', 222, 'precedent', NULL, 7),
('NomenclatureElementImpl', 223, 'précédent', NULL, 7),
('NomenclatureElementImpl', 224, 'previous', NULL, 7),
('NomenclatureElementImpl', 225, 'align', NULL, 15),
('NomenclatureElementImpl', 226, 'alink', NULL, 15),
('NomenclatureElementImpl', 227, 'background', NULL, 15),
('NomenclatureElementImpl', 228, 'basefont', NULL, 15),
('NomenclatureElementImpl', 229, 'bgcolor', NULL, 15),
('NomenclatureElementImpl', 230, 'border', NULL, 15),
('NomenclatureElementImpl', 231, 'color', NULL, 15),
('NomenclatureElementImpl', 232, 'link', NULL, 15),
('NomenclatureElementImpl', 233, 'text', NULL, 15),
('NomenclatureElementImpl', 234, 'vlink', NULL, 15),
('NomenclatureElementImpl', 235, 'width', NULL, 16),
('NomenclatureElementImpl', 236, 'height', NULL, 16),
('NomenclatureElementImpl', 237, '<!DOCTYPE HTML PUBLIC "-//W3C//DTD HTML 4.01//EN" "http://www.w3.org/TR/html4/strict.dtd">', NULL, 19),
('NomenclatureElementImpl', 238, '<!DOCTYPE HTML PUBLIC "-//W3C//DTD HTML 4.01 Transitional//EN" "http://www.w3.org/TR/html4/loose.dtd">', NULL, 19),
('NomenclatureElementImpl', 239, '<!DOCTYPE HTML PUBLIC "-//W3C//DTD HTML 4.01 Frameset//EN" "http://www.w3.org/TR/html4/frameset.dtd">', NULL, 19),
('NomenclatureElementImpl', 240, '<!DOCTYPE html PUBLIC "-//W3C//DTD XHTML 1.0 Strict//EN" "http://www.w3.org/TR/xhtml1/DTD/xhtml1-strict.dtd">', NULL, 19),
('NomenclatureElementImpl', 241, '<!DOCTYPE html PUBLIC "-//W3C//DTD XHTML 1.0 Transitional//EN" "http://www.w3.org/TR/xhtml1/DTD/xhtml1-transitional.dtd">', NULL, 19),
('NomenclatureElementImpl', 242, '<!DOCTYPE html PUBLIC "-//W3C//DTD XHTML 1.0 Frameset//EN" "http://www.w3.org/TR/xhtml1/DTD/xhtml1-frameset.dtd">', NULL, 19),
('NomenclatureElementImpl', 243, '<!DOCTYPE html PUBLIC "-//W3C//DTD XHTML 1.1//EN" "http://www.w3.org/TR/xhtml11/DTD/xhtml11.dtd">', NULL, 19),
('NomenclatureElementImpl', 244, '<!DOCTYPE html PUBLIC "-//W3C//DTD XHTML Basic 1.1//EN" "http://www.w3.org/TR/xhtml-basic/xhtml-basic11.dtd">', NULL, 19),
('NomenclatureElementImpl', 245, '<!DOCTYPE math PUBLIC "-//W3C//DTD MathML 2.0//EN" "http://www.w3.org/TR/MathML2/dtd/mathml2.dtd">', NULL, 19),
('NomenclatureElementImpl', 246, '<!DOCTYPE math SYSTEM "http://www.w3.org/Math/DTD/mathml1/mathml.dtd">', NULL, 19),
('NomenclatureElementImpl', 247, '<!DOCTYPE html PUBLIC "-//W3C//DTD XHTML 1.1 plus MathML 2.0 plus SVG 1.1//EN" "http://www.w3.org/2002/04/xhtml-math-svg/xhtml-math-svg.dtd">', NULL, 19),
('NomenclatureElementImpl', 248, '<!DOCTYPE svg:svg PUBLIC "-//W3C//DTD XHTML 1.1 plus MathML 2.0 plus SVG 1.1//EN" "http://www.w3.org/2002/04/xhtml-math-svg/xhtml-math-svg.dtd">', NULL, 19),
('NomenclatureElementImpl', 249, '<!DOCTYPE html PUBLIC "-//IETF//DTD HTML 2.0//EN">', NULL, 19),
('NomenclatureElementImpl', 250, '<!DOCTYPE html PUBLIC "-//W3C//DTD HTML 3.2 Final//EN">', NULL, 19),
('NomenclatureElementImpl', 251, '<!DOCTYPE html PUBLIC "-//W3C//DTD XHTML Basic 1.0//EN" "http://www.w3.org/TR/xhtml-basic/xhtml-basic10.dtd">', NULL, 19),
('NomenclatureElementImpl', 252, 'accueil', NULL, 12),
('NomenclatureElementImpl', 253, 'sommaire', NULL, 12),
('NomenclatureElementImpl', 254, 'bienvenue', NULL, 12),
('NomenclatureElementImpl', 255, 'welcome', NULL, 12),
('NomenclatureElementImpl', 256, 'homepage', NULL, 12),
('NomenclatureElementImpl', 257, 'home page', NULL, 12),
('NomenclatureElementImpl', 258, 'a propos', NULL, 12),
('NomenclatureElementImpl', 259, 'about', NULL, 12),
('NomenclatureElementImpl', 260, 'resultat de la recherche', NULL, 12),
('NomenclatureElementImpl', 261, 'search result', NULL, 12),
('NomenclatureElementImpl', 262, 'summary', NULL, 12),
('NomenclatureElementImpl', 263, 'index', NULL, 12),
('NomenclatureElementImpl', 264, 'home', NULL, 12),
('NomenclatureElementImpl', 265, '<!DOCTYPE HTML>', NULL, 19),
('NomenclatureElementImpl', 266, 'learn more', NULL, 7),
('NomenclatureElementImpl', 267, 'learn more >>', NULL, 7),
('NomenclatureElementImpl', 268, 'more details', NULL, 7),
('NomenclatureElementImpl', 269, 'more details ...', NULL, 7),
('NomenclatureElementImpl', 270, 'imprimer', NULL, 7),
('NomenclatureElementImpl', 271, 'print', NULL, 7),
('NomenclatureElementImpl', 272, '<!DOCTYPE html PUBLIC "-//W3C//DTD XHTML 1.0 Strict//EN" "http://www.w3.org/TR/xhtml1/DTD/xhtml1-strict.dtd">', NULL, 18),
('NomenclatureElementImpl', 273, '<!DOCTYPE html PUBLIC "-//W3C//DTD XHTML 1.0 Transitional//EN" "http://www.w3.org/TR/xhtml1/DTD/xhtml1-transitional.dtd">', NULL, 18),
('NomenclatureElementImpl', 274, '<!DOCTYPE html PUBLIC "-//W3C//DTD XHTML 1.0 Frameset//EN" "http://www.w3.org/TR/xhtml1/DTD/xhtml1-frameset.dtd">', NULL, 18),
('NomenclatureElementImpl', 275, '<!DOCTYPE html PUBLIC "-//W3C//DTD XHTML 1.1//EN" "http://www.w3.org/TR/xhtml11/DTD/xhtml11.dtd">', NULL, 18),
('NomenclatureElementImpl', 276, '<!DOCTYPE html PUBLIC "-//W3C//DTD XHTML Basic 1.1//EN" "http://www.w3.org/TR/xhtml-basic/xhtml-basic11.dtd">', NULL, 18),
('NomenclatureElementImpl', 277, '<!DOCTYPE html PUBLIC "-//W3C//DTD XHTML 1.1 plus MathML 2.0 plus SVG 1.1//EN" "http://www.w3.org/2002/04/xhtml-math-svg/xhtml-math-svg.dtd">', NULL, 18),
('NomenclatureElementImpl', 278, '<!DOCTYPE svg:svg PUBLIC "-//W3C//DTD XHTML 1.1 plus MathML 2.0 plus SVG 1.1//EN" "http://www.w3.org/2002/04/xhtml-math-svg/xhtml-math-svg.dtd">', NULL, 18),
('NomenclatureElementImpl', 279, '<!DOCTYPE html PUBLIC "-//W3C//DTD XHTML Basic 1.0//EN" "http://www.w3.org/TR/xhtml-basic/xhtml-basic10.dtd">', NULL, 18),
('NomenclatureElementImpl', 280, 'lb', NULL, 10),
('NomenclatureElementImpl', 281, 'mh', NULL, 10),
('NomenclatureElementImpl', 282, 'nv', NULL, 10),
('NomenclatureElementImpl', 283, 'nd', NULL, 10),
('NomenclatureElementImpl', 284, 'nr', NULL, 10),
('NomenclatureElementImpl', 285, 'ng', NULL, 10),
('NomenclatureElementImpl', 286, 'nb', NULL, 10),
('NomenclatureElementImpl', 287, 'nn', NULL, 10),
('NomenclatureElementImpl', 288, 'os', NULL, 10),
('NomenclatureElementImpl', 289, 'pi', NULL, 10),
('NomenclatureElementImpl', 290, 'se', NULL, 10),
('NomenclatureElementImpl', 291, 'sc', NULL, 10),
('NomenclatureElementImpl', 292, 'cu', NULL, 10),
('NomenclatureElementImpl', 293, 'ty', NULL, 10),
('NomenclatureElementImpl', 294, 'ce', NULL, 10),
('NomenclatureElementImpl', 295, 'cv', NULL, 10),
('NomenclatureElementImpl', 296, 'za', NULL, 10),
('NomenclatureElementImpl', 297, 'ak', NULL, 10),
('NomenclatureElementImpl', 298, 'an', NULL, 10),
('NomenclatureElementImpl', 299, 'av', NULL, 10),
('NomenclatureElementImpl', 300, 'to', NULL, 10),
('NomenclatureElementImpl', 301, 'ho', NULL, 10),
('NomenclatureElementImpl', 302, 've', NULL, 10),
('NomenclatureElementImpl', 303, 'aka', NULL, 10),
('NomenclatureElementImpl', 304, 'kik', NULL, 10),
('NomenclatureElementImpl', 305, 'xho', NULL, 10),
('NomenclatureElementImpl', 306, 'shn', NULL, 10),
('NomenclatureElementImpl', 307, 'kin', NULL, 10),
('NomenclatureElementImpl', 308, 'kir', NULL, 10),
('NomenclatureElementImpl', 309, 'udm', NULL, 10),
('NomenclatureElementImpl', 310, 'ibo', NULL, 10),
('NomenclatureElementImpl', 311, 'sga', NULL, 10),
('NomenclatureElementImpl', 312, 'zha', NULL, 10),
('NomenclatureElementImpl', 313, 'qaa-qtz', NULL, 10),
('NomenclatureElementImpl', 314, 'sgn', NULL, 10),
('NomenclatureElementImpl', 315, 'gil', NULL, 10),
('NomenclatureElementImpl', 316, 'bis', NULL, 10),
('NomenclatureElementImpl', 317, 'ain', NULL, 10),
('NomenclatureElementImpl', 318, 'bik', NULL, 10),
('NomenclatureElementImpl', 319, 'iba', NULL, 10),
('NomenclatureElementImpl', 320, 'bin', NULL, 10),
('NomenclatureElementImpl', 321, 'bih', NULL, 10),
('NomenclatureElementImpl', 322, 'nep', NULL, 10),
('NomenclatureElementImpl', 323, 'mac', NULL, 10),
('NomenclatureElementImpl', 324, 'mah', NULL, 10),
('NomenclatureElementImpl', 325, 'mai', NULL, 10),
('NomenclatureElementImpl', 326, 'mak', NULL, 10),
('NomenclatureElementImpl', 327, 'mad', NULL, 10),
('NomenclatureElementImpl', 328, 'mag', NULL, 10),
('NomenclatureElementImpl', 329, 'map', NULL, 10),
('NomenclatureElementImpl', 330, 'mar', NULL, 10),
('NomenclatureElementImpl', 331, 'mas', NULL, 10),
('NomenclatureElementImpl', 332, 'mal', NULL, 10),
('NomenclatureElementImpl', 333, 'wen', NULL, 10),
('NomenclatureElementImpl', 334, 'man', NULL, 10),
('NomenclatureElementImpl', 335, 'mao', NULL, 10),
('NomenclatureElementImpl', 336, 'wel', NULL, 10),
('NomenclatureElementImpl', 337, 'sid', NULL, 10),
('NomenclatureElementImpl', 338, 'may', NULL, 10),
('NomenclatureElementImpl', 339, 'khi', NULL, 10),
('NomenclatureElementImpl', 340, 'kha', NULL, 10),
('NomenclatureElementImpl', 341, 'bla', NULL, 10),
('NomenclatureElementImpl', 342, 'sit', NULL, 10),
('NomenclatureElementImpl', 343, 'oji', NULL, 10),
('NomenclatureElementImpl', 344, 'new', NULL, 10),
('NomenclatureElementImpl', 345, 'ven', NULL, 10),
('NomenclatureElementImpl', 346, 'sin', NULL, 10),
('NomenclatureElementImpl', 347, 'sio', NULL, 10),
('NomenclatureElementImpl', 348, 'zen', NULL, 10),
('NomenclatureElementImpl', 349, 'kho', NULL, 10),
('NomenclatureElementImpl', 350, 'khm', NULL, 10),
('NomenclatureElementImpl', 351, 'efi', NULL, 10),
('NomenclatureElementImpl', 352, 'bod', NULL, 10),
('NomenclatureElementImpl', 353, 'hai', NULL, 10),
('NomenclatureElementImpl', 354, 'oci', NULL, 10),
('NomenclatureElementImpl', 355, 'hau', NULL, 10),
('NomenclatureElementImpl', 356, 'haw', NULL, 10),
('NomenclatureElementImpl', 357, 'hat', NULL, 10),
('NomenclatureElementImpl', 358, 'zbl', NULL, 10),
('NomenclatureElementImpl', 359, 'jav', NULL, 10),
('NomenclatureElementImpl', 360, 'anp', NULL, 10),
('NomenclatureElementImpl', 361, 'bnt', NULL, 10),
('NomenclatureElementImpl', 362, 'ang', NULL, 10),
('NomenclatureElementImpl', 363, 'geo', NULL, 10),
('NomenclatureElementImpl', 364, 'nds', NULL, 10),
('NomenclatureElementImpl', 365, 'mdf', NULL, 10),
('NomenclatureElementImpl', 366, 'fas', NULL, 10),
('NomenclatureElementImpl', 367, 'ger', NULL, 10),
('NomenclatureElementImpl', 368, 'fat', NULL, 10),
('NomenclatureElementImpl', 369, 'ndo', NULL, 10),
('NomenclatureElementImpl', 370, 'dak', NULL, 10),
('NomenclatureElementImpl', 371, 'fao', NULL, 10),
('NomenclatureElementImpl', 372, 'fan', NULL, 10),
('NomenclatureElementImpl', 373, 'gez', NULL, 10),
('NomenclatureElementImpl', 374, 'mdr', NULL, 10),
('NomenclatureElementImpl', 375, 'nde', NULL, 10),
('NomenclatureElementImpl', 376, 'dar', NULL, 10),
('NomenclatureElementImpl', 377, 'dan', NULL, 10),
('NomenclatureElementImpl', 378, 'jbo', NULL, 10),
('NomenclatureElementImpl', 379, 'day', NULL, 10),
('NomenclatureElementImpl', 380, 'sco', NULL, 10),
('NomenclatureElementImpl', 381, 'gem', NULL, 10),
('NomenclatureElementImpl', 382, 'scn', NULL, 10),
('NomenclatureElementImpl', 383, 'amh', NULL, 10),
('NomenclatureElementImpl', 384, 'nap', NULL, 10),
('NomenclatureElementImpl', 385, 'rap', NULL, 10),
('NomenclatureElementImpl', 386, 'rar', NULL, 10),
('NomenclatureElementImpl', 387, 'nah', NULL, 10),
('NomenclatureElementImpl', 388, 'nai', NULL, 10),
('NomenclatureElementImpl', 389, 'lad', NULL, 10),
('NomenclatureElementImpl', 390, 'lah', NULL, 10),
('NomenclatureElementImpl', 391, 'pau', NULL, 10),
('NomenclatureElementImpl', 392, 'alt', NULL, 10),
('NomenclatureElementImpl', 393, 'ice', NULL, 10),
('NomenclatureElementImpl', 394, 'lam', NULL, 10),
('NomenclatureElementImpl', 395, 'lao', NULL, 10),
('NomenclatureElementImpl', 396, 'men', NULL, 10),
('NomenclatureElementImpl', 397, 'lat', NULL, 10),
('NomenclatureElementImpl', 398, 'alg', NULL, 10),
('NomenclatureElementImpl', 399, 'nbl', NULL, 10),
('NomenclatureElementImpl', 400, 'paa', NULL, 10),
('NomenclatureElementImpl', 401, 'lav', NULL, 10),
('NomenclatureElementImpl', 402, 'pag', NULL, 10),
('NomenclatureElementImpl', 403, 'ale', NULL, 10),
('NomenclatureElementImpl', 404, 'pal', NULL, 10),
('NomenclatureElementImpl', 405, 'ido', NULL, 10),
('NomenclatureElementImpl', 406, 'alb', NULL, 10),
('NomenclatureElementImpl', 407, 'pap', NULL, 10),
('NomenclatureElementImpl', 408, 'pam', NULL, 10),
('NomenclatureElementImpl', 409, 'pan', NULL, 10),
('NomenclatureElementImpl', 410, 'raj', NULL, 10),
('NomenclatureElementImpl', 411, 'yap', NULL, 10),
('NomenclatureElementImpl', 412, 'bos', NULL, 10),
('NomenclatureElementImpl', 413, 'nav', NULL, 10),
('NomenclatureElementImpl', 414, 'yao', NULL, 10),
('NomenclatureElementImpl', 415, 'nau', NULL, 10),
('NomenclatureElementImpl', 416, 'zap', NULL, 10),
('NomenclatureElementImpl', 417, 'vai', NULL, 10),
('NomenclatureElementImpl', 418, 'sem', NULL, 10),
('NomenclatureElementImpl', 419, 'akk', NULL, 10),
('NomenclatureElementImpl', 420, 'sel', NULL, 10),
('NomenclatureElementImpl', 421, 'krc', NULL, 10),
('NomenclatureElementImpl', 422, 'abk', NULL, 10),
('NomenclatureElementImpl', 423, 'heb', NULL, 10),
('NomenclatureElementImpl', 424, 'iii', NULL, 10),
('NomenclatureElementImpl', 425, 'gba', NULL, 10),
('NomenclatureElementImpl', 426, 'lui', NULL, 10),
('NomenclatureElementImpl', 427, 'kut', NULL, 10),
('NomenclatureElementImpl', 428, 'luo', NULL, 10),
('NomenclatureElementImpl', 429, 'lun', NULL, 10),
('NomenclatureElementImpl', 430, 'kur', NULL, 10),
('NomenclatureElementImpl', 431, 'lus', NULL, 10),
('NomenclatureElementImpl', 432, 'phn', NULL, 10),
('NomenclatureElementImpl', 433, 'her', NULL, 10),
('NomenclatureElementImpl', 434, 'kum', NULL, 10),
('NomenclatureElementImpl', 435, 'phi', NULL, 10),
('NomenclatureElementImpl', 436, 'spa', NULL, 10),
('NomenclatureElementImpl', 437, 'tyv', NULL, 10),
('NomenclatureElementImpl', 438, 'sot', NULL, 10),
('NomenclatureElementImpl', 439, 'bam', NULL, 10),
('NomenclatureElementImpl', 440, 'ban', NULL, 10),
('NomenclatureElementImpl', 441, 'bak', NULL, 10),
('NomenclatureElementImpl', 442, 'bal', NULL, 10),
('NomenclatureElementImpl', 443, 'bai', NULL, 10),
('NomenclatureElementImpl', 444, 'rom', NULL, 10),
('NomenclatureElementImpl', 445, 'ron', NULL, 10),
('NomenclatureElementImpl', 446, 'som', NULL, 10),
('NomenclatureElementImpl', 447, 'son', NULL, 10),
('NomenclatureElementImpl', 448, 'bad', NULL, 10),
('NomenclatureElementImpl', 449, 'ijo', NULL, 10),
('NomenclatureElementImpl', 450, 'gaa', NULL, 10),
('NomenclatureElementImpl', 451, 'aar', NULL, 10),
('NomenclatureElementImpl', 452, 'kro', NULL, 10),
('NomenclatureElementImpl', 453, 'roa', NULL, 10),
('NomenclatureElementImpl', 454, 'sog', NULL, 10),
('NomenclatureElementImpl', 455, 'gay', NULL, 10),
('NomenclatureElementImpl', 456, 'kru', NULL, 10),
('NomenclatureElementImpl', 457, 'bat', NULL, 10),
('NomenclatureElementImpl', 458, 'bas', NULL, 10),
('NomenclatureElementImpl', 459, 'krl', NULL, 10),
('NomenclatureElementImpl', 460, 'baq', NULL, 10),
('NomenclatureElementImpl', 461, 'roh', NULL, 10),
('NomenclatureElementImpl', 462, 'srr', NULL, 10),
('NomenclatureElementImpl', 463, 'srp', NULL, 10),
('NomenclatureElementImpl', 464, 'srn', NULL, 10),
('NomenclatureElementImpl', 465, 'kos', NULL, 10),
('NomenclatureElementImpl', 466, 'kor', NULL, 10),
('NomenclatureElementImpl', 467, 'kon', NULL, 10),
('NomenclatureElementImpl', 468, 'kom', NULL, 10),
('NomenclatureElementImpl', 469, 'kok', NULL, 10),
('NomenclatureElementImpl', 470, 'srd', NULL, 10),
('NomenclatureElementImpl', 471, 'kua', NULL, 10),
('NomenclatureElementImpl', 472, 'peo', NULL, 10),
('NomenclatureElementImpl', 473, 'per', NULL, 10),
('NomenclatureElementImpl', 474, 'dut', NULL, 10),
('NomenclatureElementImpl', 475, 'sqi', NULL, 10),
('NomenclatureElementImpl', 476, 'znd', NULL, 10),
('NomenclatureElementImpl', 477, 'cus', NULL, 10),
('NomenclatureElementImpl', 478, 'jpn', NULL, 10),
('NomenclatureElementImpl', 479, 'jpr', NULL, 10),
('NomenclatureElementImpl', 480, 'kpe', NULL, 10),
('NomenclatureElementImpl', 481, 'cym', NULL, 10),
('NomenclatureElementImpl', 482, 'nyn', NULL, 10),
('NomenclatureElementImpl', 483, 'slk', NULL, 10),
('NomenclatureElementImpl', 484, 'nym', NULL, 10),
('NomenclatureElementImpl', 485, 'afr', NULL, 10),
('NomenclatureElementImpl', 486, 'slo', NULL, 10),
('NomenclatureElementImpl', 487, 'myv', NULL, 10),
('NomenclatureElementImpl', 488, 'nyo', NULL, 10),
('NomenclatureElementImpl', 489, 'afh', NULL, 10),
('NomenclatureElementImpl', 490, 'hin', NULL, 10),
('NomenclatureElementImpl', 491, 'pli', NULL, 10),
('NomenclatureElementImpl', 492, 'him', NULL, 10),
('NomenclatureElementImpl', 493, 'hil', NULL, 10),
('NomenclatureElementImpl', 494, 'myn', NULL, 10),
('NomenclatureElementImpl', 495, 'slv', NULL, 10),
('NomenclatureElementImpl', 496, 'tvl', NULL, 10),
('NomenclatureElementImpl', 497, 'kmb', NULL, 10),
('NomenclatureElementImpl', 498, 'inc', NULL, 10),
('NomenclatureElementImpl', 499, 'hit', NULL, 10),
('NomenclatureElementImpl', 500, 'ind', NULL, 10),
('NomenclatureElementImpl', 501, 'ina', NULL, 10),
('NomenclatureElementImpl', 502, 'sla', NULL, 10),
('NomenclatureElementImpl', 503, 'nzi', NULL, 10),
('NomenclatureElementImpl', 504, 'bej', NULL, 10),
('NomenclatureElementImpl', 505, 'ber', NULL, 10),
('NomenclatureElementImpl', 506, 'uzb', NULL, 10),
('NomenclatureElementImpl', 507, 'tur', NULL, 10),
('NomenclatureElementImpl', 508, 'ine', NULL, 10),
('NomenclatureElementImpl', 509, 'inh', NULL, 10),
('NomenclatureElementImpl', 510, 'tut', NULL, 10),
('NomenclatureElementImpl', 511, 'ben', NULL, 10),
('NomenclatureElementImpl', 512, 'bem', NULL, 10),
('NomenclatureElementImpl', 513, 'bel', NULL, 10),
('NomenclatureElementImpl', 514, 'tuk', NULL, 10),
('NomenclatureElementImpl', 515, 'tum', NULL, 10),
('NomenclatureElementImpl', 516, 'tup', NULL, 10),
('NomenclatureElementImpl', 517, 'afa', NULL, 10),
('NomenclatureElementImpl', 518, 'zho', NULL, 10),
('NomenclatureElementImpl', 519, 'mwr', NULL, 10),
('NomenclatureElementImpl', 520, 'wal', NULL, 10),
('NomenclatureElementImpl', 521, 'wak', NULL, 10),
('NomenclatureElementImpl', 522, 'snk', NULL, 10),
('NomenclatureElementImpl', 523, 'bho', NULL, 10),
('NomenclatureElementImpl', 524, 'xal', NULL, 10),
('NomenclatureElementImpl', 525, 'mwl', NULL, 10),
('NomenclatureElementImpl', 526, 'war', NULL, 10),
('NomenclatureElementImpl', 527, 'was', NULL, 10),
('NomenclatureElementImpl', 528, 'sna', NULL, 10),
('NomenclatureElementImpl', 529, 'ady', NULL, 10),
('NomenclatureElementImpl', 530, 'yid', NULL, 10),
('NomenclatureElementImpl', 531, 'iku', NULL, 10),
('NomenclatureElementImpl', 532, 'snd', NULL, 10),
('NomenclatureElementImpl', 533, 'smo', NULL, 10),
('NomenclatureElementImpl', 534, 'smn', NULL, 10),
('NomenclatureElementImpl', 535, 'ilo', NULL, 10),
('NomenclatureElementImpl', 536, 'dzo', NULL, 10),
('NomenclatureElementImpl', 537, 'smj', NULL, 10),
('NomenclatureElementImpl', 538, 'ach', NULL, 10),
('NomenclatureElementImpl', 539, 'sms', NULL, 10),
('NomenclatureElementImpl', 540, 'ace', NULL, 10),
('NomenclatureElementImpl', 541, 'ile', NULL, 10),
('NomenclatureElementImpl', 542, 'ada', NULL, 10),
('NomenclatureElementImpl', 543, 'sma', NULL, 10),
('NomenclatureElementImpl', 544, 'twi', NULL, 10),
('NomenclatureElementImpl', 545, 'smi', NULL, 10),
('NomenclatureElementImpl', 546, 'dyu', NULL, 10),
('NomenclatureElementImpl', 547, 'mya', NULL, 10),
('NomenclatureElementImpl', 548, 'cze', NULL, 10),
('NomenclatureElementImpl', 549, 'sme', NULL, 10),
('NomenclatureElementImpl', 550, 'nya', NULL, 10),
('NomenclatureElementImpl', 551, 'por', NULL, 10),
('NomenclatureElementImpl', 552, 'glv', NULL, 10),
('NomenclatureElementImpl', 553, 'swe', NULL, 10),
('NomenclatureElementImpl', 554, 'est', NULL, 10),
('NomenclatureElementImpl', 555, 'pon', NULL, 10),
('NomenclatureElementImpl', 556, 'pol', NULL, 10),
('NomenclatureElementImpl', 557, 'glg', NULL, 10),
('NomenclatureElementImpl', 558, 'aze', NULL, 10),
('NomenclatureElementImpl', 559, 'gle', NULL, 10),
('NomenclatureElementImpl', 560, 'lol', NULL, 10),
('NomenclatureElementImpl', 561, 'isl', NULL, 10),
('NomenclatureElementImpl', 562, 'moh', NULL, 10),
('NomenclatureElementImpl', 563, 'gla', NULL, 10),
('NomenclatureElementImpl', 564, 'mon', NULL, 10),
('NomenclatureElementImpl', 565, 'syc', NULL, 10),
('NomenclatureElementImpl', 566, 'cmc', NULL, 10),
('NomenclatureElementImpl', 567, 'mos', NULL, 10),
('NomenclatureElementImpl', 568, 'ita', NULL, 10),
('NomenclatureElementImpl', 569, 'loz', NULL, 10),
('NomenclatureElementImpl', 570, 'syr', NULL, 10),
('NomenclatureElementImpl', 571, 'mri', NULL, 10),
('NomenclatureElementImpl', 572, 'tsi', NULL, 10),
('NomenclatureElementImpl', 573, 'rup', NULL, 10),
('NomenclatureElementImpl', 574, 'run', NULL, 10),
('NomenclatureElementImpl', 575, 'tsn', NULL, 10),
('NomenclatureElementImpl', 576, 'nwc', NULL, 10),
('NomenclatureElementImpl', 577, 'rum', NULL, 10),
('NomenclatureElementImpl', 578, 'tso', NULL, 10),
('NomenclatureElementImpl', 579, 'eus', NULL, 10),
('NomenclatureElementImpl', 580, 'rus', NULL, 10),
('NomenclatureElementImpl', 581, 'fur', NULL, 10),
('NomenclatureElementImpl', 582, 'msa', NULL, 10),
('NomenclatureElementImpl', 583, 'ewe', NULL, 10),
('NomenclatureElementImpl', 584, 'aym', NULL, 10),
('NomenclatureElementImpl', 585, 'ewo', NULL, 10),
('NomenclatureElementImpl', 586, 'hmn', NULL, 10),
('NomenclatureElementImpl', 587, 'hmo', NULL, 10),
('NomenclatureElementImpl', 588, 'gmh', NULL, 10),
('NomenclatureElementImpl', 589, 'doi', NULL, 10),
('NomenclatureElementImpl', 590, 'tmh', NULL, 10),
('NomenclatureElementImpl', 591, 'nub', NULL, 10),
('NomenclatureElementImpl', 592, 'cor', NULL, 10),
('NomenclatureElementImpl', 593, 'cos', NULL, 10),
('NomenclatureElementImpl', 594, 'cop', NULL, 10),
('NomenclatureElementImpl', 595, 'ssa', NULL, 10),
('NomenclatureElementImpl', 596, 'ipk', NULL, 10),
('NomenclatureElementImpl', 597, 'ssw', NULL, 10),
('NomenclatureElementImpl', 598, 'ltz', NULL, 10),
('NomenclatureElementImpl', 599, 'cpf', NULL, 10),
('NomenclatureElementImpl', 600, 'lub', NULL, 10),
('NomenclatureElementImpl', 601, 'cpe', NULL, 10),
('NomenclatureElementImpl', 602, 'lua', NULL, 10),
('NomenclatureElementImpl', 603, 'lug', NULL, 10),
('NomenclatureElementImpl', 604, 'oto', NULL, 10),
('NomenclatureElementImpl', 605, 'cpp', NULL, 10),
('NomenclatureElementImpl', 606, 'urd', NULL, 10),
('NomenclatureElementImpl', 607, 'ota', NULL, 10),
('NomenclatureElementImpl', 608, 'ful', NULL, 10),
('NomenclatureElementImpl', 609, 'goh', NULL, 10),
('NomenclatureElementImpl', 610, 'dum', NULL, 10),
('NomenclatureElementImpl', 611, 'nso', NULL, 10),
('NomenclatureElementImpl', 612, 'zul', NULL, 10),
('NomenclatureElementImpl', 613, 'zun', NULL, 10),
('NomenclatureElementImpl', 614, 'gon', NULL, 10),
('NomenclatureElementImpl', 615, 'oss', NULL, 10),
('NomenclatureElementImpl', 616, 'gor', NULL, 10),
('NomenclatureElementImpl', 617, 'got', NULL, 10),
('NomenclatureElementImpl', 618, 'epo', NULL, 10),
('NomenclatureElementImpl', 619, 'dua', NULL, 10),
('NomenclatureElementImpl', 620, 'car', NULL, 10),
('NomenclatureElementImpl', 621, 'cat', NULL, 10),
('NomenclatureElementImpl', 622, 'ypk', NULL, 10),
('NomenclatureElementImpl', 623, 'cau', NULL, 10),
('NomenclatureElementImpl', 624, 'tog', NULL, 10),
('NomenclatureElementImpl', 625, 'fra', NULL, 10),
('NomenclatureElementImpl', 626, 'iro', NULL, 10),
('NomenclatureElementImpl', 627, 'pra', NULL, 10),
('NomenclatureElementImpl', 628, 'suk', NULL, 10),
('NomenclatureElementImpl', 629, 'fre', NULL, 10),
('NomenclatureElementImpl', 630, 'hsb', NULL, 10),
('NomenclatureElementImpl', 631, 'sun', NULL, 10),
('NomenclatureElementImpl', 632, 'cre', NULL, 10),
('NomenclatureElementImpl', 633, 'sus', NULL, 10),
('NomenclatureElementImpl', 634, 'cad', NULL, 10),
('NomenclatureElementImpl', 635, 'grn', NULL, 10),
('NomenclatureElementImpl', 636, 'sux', NULL, 10),
('NomenclatureElementImpl', 637, 'hrv', NULL, 10),
('NomenclatureElementImpl', 638, 'zxx', NULL, 10),
('NomenclatureElementImpl', 639, 'dra', NULL, 10),
('NomenclatureElementImpl', 640, 'ton', NULL, 10),
('NomenclatureElementImpl', 641, 'que', NULL, 10),
('NomenclatureElementImpl', 642, 'crh', NULL, 10),
('NomenclatureElementImpl', 643, 'cai', NULL, 10),
('NomenclatureElementImpl', 644, 'grb', NULL, 10),
('NomenclatureElementImpl', 645, 'mus', NULL, 10),
('NomenclatureElementImpl', 646, 'tpi', NULL, 10),
('NomenclatureElementImpl', 647, 'crp', NULL, 10),
('NomenclatureElementImpl', 648, 'yor', NULL, 10),
('NomenclatureElementImpl', 649, 'grc', NULL, 10),
('NomenclatureElementImpl', 650, 'mul', NULL, 10),
('NomenclatureElementImpl', 651, 'gre', NULL, 10),
('NomenclatureElementImpl', 652, 'mun', NULL, 10),
('NomenclatureElementImpl', 653, 'frm', NULL, 10),
('NomenclatureElementImpl', 654, 'nqo', NULL, 10),
('NomenclatureElementImpl', 655, 'fro', NULL, 10),
('NomenclatureElementImpl', 656, 'ira', NULL, 10),
('NomenclatureElementImpl', 657, 'frs', NULL, 10),
('NomenclatureElementImpl', 658, 'frr', NULL, 10),
('NomenclatureElementImpl', 659, 'csb', NULL, 10),
('NomenclatureElementImpl', 660, 'pro', NULL, 10),
('NomenclatureElementImpl', 661, 'dsb', NULL, 10),
('NomenclatureElementImpl', 662, 'jrb', NULL, 10),
('NomenclatureElementImpl', 663, 'swa', NULL, 10),
('NomenclatureElementImpl', 664, 'fry', NULL, 10),
('NomenclatureElementImpl', 665, 'tai', NULL, 10),
('NomenclatureElementImpl', 666, 'sad', NULL, 10),
('NomenclatureElementImpl', 667, 'tig', NULL, 10),
('NomenclatureElementImpl', 668, 'tah', NULL, 10),
('NomenclatureElementImpl', 669, 'tir', NULL, 10),
('NomenclatureElementImpl', 670, 'sag', NULL, 10),
('NomenclatureElementImpl', 671, 'fon', NULL, 10),
('NomenclatureElementImpl', 672, 'sah', NULL, 10),
('NomenclatureElementImpl', 673, 'sai', NULL, 10),
('NomenclatureElementImpl', 674, 'sal', NULL, 10),
('NomenclatureElementImpl', 675, 'sam', NULL, 10),
('NomenclatureElementImpl', 676, 'kbd', NULL, 10),
('NomenclatureElementImpl', 677, 'hye', NULL, 10),
('NomenclatureElementImpl', 678, 'arg', NULL, 10),
('NomenclatureElementImpl', 679, 'umb', NULL, 10),
('NomenclatureElementImpl', 680, 'guj', NULL, 10),
('NomenclatureElementImpl', 681, 'arc', NULL, 10),
('NomenclatureElementImpl', 682, 'ara', NULL, 10),
('NomenclatureElementImpl', 683, 'arp', NULL, 10),
('NomenclatureElementImpl', 684, 'tib', NULL, 10),
('NomenclatureElementImpl', 685, 'kaz', NULL, 10),
('NomenclatureElementImpl', 686, 'dgr', NULL, 10),
('NomenclatureElementImpl', 687, 'arn', NULL, 10),
('NomenclatureElementImpl', 688, 'bra', NULL, 10),
('NomenclatureElementImpl', 689, 'arm', NULL, 10),
('NomenclatureElementImpl', 690, 'kaw', NULL, 10),
('NomenclatureElementImpl', 691, 'zza', NULL, 10),
('NomenclatureElementImpl', 692, 'vie', NULL, 10),
('NomenclatureElementImpl', 693, 'bre', NULL, 10),
('NomenclatureElementImpl', 694, 'kat', NULL, 10),
('NomenclatureElementImpl', 695, 'gsw', NULL, 10),
('NomenclatureElementImpl', 696, 'kau', NULL, 10),
('NomenclatureElementImpl', 697, 'arw', NULL, 10),
('NomenclatureElementImpl', 698, 'kar', NULL, 10),
('NomenclatureElementImpl', 699, 'kas', NULL, 10),
('NomenclatureElementImpl', 700, 'nob', NULL, 10),
('NomenclatureElementImpl', 701, 'nog', NULL, 10),
('NomenclatureElementImpl', 702, 'kan', NULL, 10),
('NomenclatureElementImpl', 703, 'ell', NULL, 10),
('NomenclatureElementImpl', 704, 'art', NULL, 10),
('NomenclatureElementImpl', 705, 'kal', NULL, 10),
('NomenclatureElementImpl', 706, 'kam', NULL, 10),
('NomenclatureElementImpl', 707, 'non', NULL, 10),
('NomenclatureElementImpl', 708, 'mga', NULL, 10),
('NomenclatureElementImpl', 709, 'und', NULL, 10),
('NomenclatureElementImpl', 710, 'elx', NULL, 10),
('NomenclatureElementImpl', 711, 'kac', NULL, 10),
('NomenclatureElementImpl', 712, 'nor', NULL, 10),
('NomenclatureElementImpl', 713, 'san', NULL, 10),
('NomenclatureElementImpl', 714, 'kab', NULL, 10),
('NomenclatureElementImpl', 715, 'kaa', NULL, 10),
('NomenclatureElementImpl', 716, 'sat', NULL, 10),
('NomenclatureElementImpl', 717, 'sas', NULL, 10),
('NomenclatureElementImpl', 718, 'tiv', NULL, 10),
('NomenclatureElementImpl', 719, 'tat', NULL, 10),
('NomenclatureElementImpl', 720, 'asm', NULL, 10),
('NomenclatureElementImpl', 721, 'tam', NULL, 10),
('NomenclatureElementImpl', 722, 'ukr', NULL, 10),
('NomenclatureElementImpl', 723, 'orm', NULL, 10),
('NomenclatureElementImpl', 724, 'pus', NULL, 10),
('NomenclatureElementImpl', 725, 'tkl', NULL, 10),
('NomenclatureElementImpl', 726, 'deu', NULL, 10),
('NomenclatureElementImpl', 727, 'nno', NULL, 10),
('NomenclatureElementImpl', 728, 'ces', NULL, 10),
('NomenclatureElementImpl', 729, 'ori', NULL, 10),
('NomenclatureElementImpl', 730, 'apa', NULL, 10),
('NomenclatureElementImpl', 731, 'gwi', NULL, 10),
('NomenclatureElementImpl', 732, 'osa', NULL, 10),
('NomenclatureElementImpl', 733, 'btk', NULL, 10),
('NomenclatureElementImpl', 734, 'cel', NULL, 10),
('NomenclatureElementImpl', 735, 'del', NULL, 10),
('NomenclatureElementImpl', 736, 'eng', NULL, 10),
('NomenclatureElementImpl', 737, 'den', NULL, 10),
('NomenclatureElementImpl', 738, 'lez', NULL, 10),
('NomenclatureElementImpl', 739, 'ceb', NULL, 10),
('NomenclatureElementImpl', 740, 'min', NULL, 10),
('NomenclatureElementImpl', 741, 'hup', NULL, 10),
('NomenclatureElementImpl', 742, 'tli', NULL, 10),
('NomenclatureElementImpl', 743, 'enm', NULL, 10),
('NomenclatureElementImpl', 744, 'bua', NULL, 10),
('NomenclatureElementImpl', 745, 'tlh', NULL, 10),
('NomenclatureElementImpl', 746, 'hun', NULL, 10),
('NomenclatureElementImpl', 747, 'mis', NULL, 10),
('NomenclatureElementImpl', 748, 'bur', NULL, 10),
('NomenclatureElementImpl', 749, 'bul', NULL, 10),
('NomenclatureElementImpl', 750, 'mic', NULL, 10),
('NomenclatureElementImpl', 751, 'bug', NULL, 10),
('NomenclatureElementImpl', 752, 'wln', NULL, 10),
('NomenclatureElementImpl', 753, 'tem', NULL, 10),
('NomenclatureElementImpl', 754, 'uig', NULL, 10),
('NomenclatureElementImpl', 755, 'ava', NULL, 10),
('NomenclatureElementImpl', 756, 'tel', NULL, 10),
('NomenclatureElementImpl', 757, 'mlt', NULL, 10),
('NomenclatureElementImpl', 758, 'chb', NULL, 10),
('NomenclatureElementImpl', 759, 'cha', NULL, 10),
('NomenclatureElementImpl', 760, 'nld', NULL, 10),
('NomenclatureElementImpl', 761, 'mlg', NULL, 10),
('NomenclatureElementImpl', 762, 'ave', NULL, 10),
('NomenclatureElementImpl', 763, 'egy', NULL, 10),
('NomenclatureElementImpl', 764, 'chv', NULL, 10),
('NomenclatureElementImpl', 765, 'chu', NULL, 10),
('NomenclatureElementImpl', 766, 'awa', NULL, 10),
('NomenclatureElementImpl', 767, 'chy', NULL, 10),
('NomenclatureElementImpl', 768, 'chg', NULL, 10),
('NomenclatureElementImpl', 769, 'che', NULL, 10),
('NomenclatureElementImpl', 770, 'chk', NULL, 10),
('NomenclatureElementImpl', 771, 'mkh', NULL, 10),
('NomenclatureElementImpl', 772, 'chi', NULL, 10),
('NomenclatureElementImpl', 773, 'cho', NULL, 10),
('NomenclatureElementImpl', 774, 'mkd', NULL, 10),
('NomenclatureElementImpl', 775, 'chp', NULL, 10),
('NomenclatureElementImpl', 776, 'chm', NULL, 10),
('NomenclatureElementImpl', 777, 'chn', NULL, 10),
('NomenclatureElementImpl', 778, 'tet', NULL, 10),
('NomenclatureElementImpl', 779, 'ter', NULL, 10),
('NomenclatureElementImpl', 780, 'chr', NULL, 10),
('NomenclatureElementImpl', 781, 'tgk', NULL, 10),
('NomenclatureElementImpl', 782, 'tgl', NULL, 10),
('NomenclatureElementImpl', 783, 'fij', NULL, 10),
('NomenclatureElementImpl', 784, 'fil', NULL, 10),
('NomenclatureElementImpl', 785, 'div', NULL, 10),
('NomenclatureElementImpl', 786, 'ast', NULL, 10),
('NomenclatureElementImpl', 787, 'fin', NULL, 10),
('NomenclatureElementImpl', 788, 'mni', NULL, 10),
('NomenclatureElementImpl', 789, 'din', NULL, 10),
('NomenclatureElementImpl', 790, 'vol', NULL, 10),
('NomenclatureElementImpl', 791, 'fiu', NULL, 10),
('NomenclatureElementImpl', 792, 'mno', NULL, 10),
('NomenclatureElementImpl', 793, 'wol', NULL, 10),
('NomenclatureElementImpl', 794, 'vot', NULL, 10),
('NomenclatureElementImpl', 795, 'uga', NULL, 10),
('NomenclatureElementImpl', 796, 'mnc', NULL, 10),
('NomenclatureElementImpl', 797, 'ath', NULL, 10),
('NomenclatureElementImpl', 798, 'lit', NULL, 10),
('NomenclatureElementImpl', 799, 'lin', NULL, 10),
('NomenclatureElementImpl', 800, 'lim', NULL, 10),
('NomenclatureElementImpl', 801, 'nic', NULL, 10),
('NomenclatureElementImpl', 802, 'nia', NULL, 10),
('NomenclatureElementImpl', 803, 'byn', NULL, 10),
('NomenclatureElementImpl', 804, 'niu', NULL, 10),
('NomenclatureElementImpl', 805, 'eka', NULL, 10),
('NomenclatureElementImpl', 806, 'tha', NULL, 10),
('NomenclatureElementImpl', 807, 'aus', NULL, 10),
('NomenclatureElementImpl', 808, '<!DOCTYPE html>', NULL, 19), 
('NomenclatureElementImpl', 809, 'basefont', NULL, 20),
('NomenclatureElementImpl', 810, 'blink', NULL, 20),
('NomenclatureElementImpl', 811, 'center', NULL, 20),
('NomenclatureElementImpl', 812, 'font', NULL, 20),
('NomenclatureElementImpl', 813, 'marquee', NULL, 20),
('NomenclatureElementImpl', 814, 's', NULL, 20),
('NomenclatureElementImpl', 815, 'strike', NULL, 20),
('NomenclatureElementImpl', 816, 'tt', NULL, 20),
('NomenclatureElementImpl', 817, 'u', NULL, 20),
('NomenclatureElementImpl', 818, 'align', NULL, 21),
('NomenclatureElementImpl', 819, 'alink', NULL, 21),
('NomenclatureElementImpl', 820, 'background', NULL, 21),
('NomenclatureElementImpl', 821, 'basefont', NULL, 21),
('NomenclatureElementImpl', 822, 'bgcolor', NULL, 21),
('NomenclatureElementImpl', 823, 'border', NULL, 21),
('NomenclatureElementImpl', 824, 'color', NULL, 21),
('NomenclatureElementImpl', 825, 'link', NULL, 21),
('NomenclatureElementImpl', 826, 'text', NULL, 21),
('NomenclatureElementImpl', 827, 'vlink', NULL, 21),
('NomenclatureElementImpl', 828, '.ods', NULL, 22),
('NomenclatureElementImpl', 829, '.fods', NULL, 22),
('NomenclatureElementImpl', 830, '.odt', NULL, 22),
('NomenclatureElementImpl', 831, '.fodt', NULL, 22),
('NomenclatureElementImpl', 832, '.odp', NULL, 22),
('NomenclatureElementImpl', 833, '.fodp', NULL, 22),
('NomenclatureElementImpl', 834, '.odg', NULL, 22),
('NomenclatureElementImpl', 835, '.fodg', NULL, 22),
('NomenclatureElementImpl', 836, '.pdf', NULL, 22),
('NomenclatureElementImpl', 837, '.doc', NULL, 22),
('NomenclatureElementImpl', 838, '.docx', NULL, 22),
('NomenclatureElementImpl', 839, '.docm', NULL, 22),
('NomenclatureElementImpl', 840, '.dot', NULL, 22),
('NomenclatureElementImpl', 841, '.dotm', NULL, 22),
('NomenclatureElementImpl', 842, '.xls', NULL, 22),
('NomenclatureElementImpl', 843, '.xlsx', NULL, 22),
('NomenclatureElementImpl', 844, '.xlsm', NULL, 22),
('NomenclatureElementImpl', 845, '.xlt', NULL, 22),
('NomenclatureElementImpl', 846, '.xltx', NULL, 22),
('NomenclatureElementImpl', 847, '.xltm', NULL, 22),
('NomenclatureElementImpl', 848, '.xlc', NULL, 22),
('NomenclatureElementImpl', 849, '.xlr', NULL, 22),
('NomenclatureElementImpl', 850, '.xlam', NULL, 22),
('NomenclatureElementImpl', 851, '.csv', NULL, 22),
('NomenclatureElementImpl', 852, '.ppt', NULL, 22),
('NomenclatureElementImpl', 853, '.pptx', NULL, 22),
('NomenclatureElementImpl', 854, '.pps', NULL, 22),
('NomenclatureElementImpl', 855, '.vsd', NULL, 22),
('NomenclatureElementImpl', 856, '.vst', NULL, 22),
('NomenclatureElementImpl', 857, '.vss', NULL, 22),
('NomenclatureElementImpl', 858, '.sxc', NULL, 22),
('NomenclatureElementImpl', 859, '.sxd', NULL, 22),
('NomenclatureElementImpl', 860, '.sxi', NULL, 22),
('NomenclatureElementImpl', 861, '.sxm', NULL, 22),
('NomenclatureElementImpl', 862, '.sxw', NULL, 22),
('NomenclatureElementImpl', 863, '.sda', NULL, 22),
('NomenclatureElementImpl', 864, '.sdc', NULL, 22),
('NomenclatureElementImpl', 865, '.sdd', NULL, 22),
('NomenclatureElementImpl', 866, '.sdf', NULL, 22),
('NomenclatureElementImpl', 867, '.sdp', NULL, 22),
('NomenclatureElementImpl', 868, '.sds', NULL, 22),
('NomenclatureElementImpl', 869, '.sdw', NULL, 22),
('NomenclatureElementImpl', 870, '.oth', NULL, 22),
('NomenclatureElementImpl', 871, '.otg', NULL, 22),
('NomenclatureElementImpl', 872, '.ots', NULL, 22),
('NomenclatureElementImpl', 873, '.ott', NULL, 22),
('NomenclatureElementImpl', 874, '.cwk', NULL, 22),
('NomenclatureElementImpl', 875, '.cws', NULL, 22),
('NomenclatureElementImpl', 876, '.asp', NULL, 23),
('NomenclatureElementImpl', 877, '.aspx', NULL, 23),
('NomenclatureElementImpl', 878, '.bmp', NULL, 23),
('NomenclatureElementImpl', 879, '.cfm', NULL, 23),
('NomenclatureElementImpl', 880, '.css', NULL, 23),
('NomenclatureElementImpl', 881, '.do', NULL, 23),
('NomenclatureElementImpl', 882, '.gif', NULL, 23),
('NomenclatureElementImpl', 883, '.html', NULL, 23),
('NomenclatureElementImpl', 884, '.htm', NULL, 23),
('NomenclatureElementImpl', 885, '.ico', NULL, 23),
('NomenclatureElementImpl', 886, '.jif', NULL, 23),
('NomenclatureElementImpl', 887, '.jpe', NULL, 23),
('NomenclatureElementImpl', 888, '.jpg', NULL, 23),
('NomenclatureElementImpl', 889, '.jpeg', NULL, 23),
('NomenclatureElementImpl', 890, '.js', NULL, 23),
('NomenclatureElementImpl', 891, '.jse', NULL, 23),
('NomenclatureElementImpl', 892, '.jsp', NULL, 23),
('NomenclatureElementImpl', 893, '.png', NULL, 23),
('NomenclatureElementImpl', 894, '.php', NULL, 23),
('NomenclatureElementImpl', 895, '.shtml', NULL, 23),
('NomenclatureElementImpl', 896, '.svg', NULL, 23),
('NomenclatureElementImpl', 897, '.swf', NULL, 23),
('NomenclatureElementImpl', 898, '.tif', NULL, 23),
('NomenclatureElementImpl', 899, '.tiff', NULL, 23),
('NomenclatureElementImpl', 900, '.xhtml', NULL, 23),
('NomenclatureElementImpl', 901, '.xml', NULL, 23),
('NomenclatureElementImpl', 902, 'this website', NULL, 7),
('NomenclatureElementImpl', 903, 'ce site', NULL, 7),
('NomenclatureElementImpl', 904, 'untitled document', NULL, 12),
('NomenclatureElementImpl', 905, 'untitled', NULL, 12),
('NomenclatureElementImpl', 906, 'error', NULL, 12),
('NomenclatureElementImpl', 907, 'IIS7', NULL, 12),
('NomenclatureElementImpl', 908, 'index of /', NULL, 12),
('NomenclatureElementImpl', 909, 'directory', NULL, 12),
('NomenclatureElementImpl', 910, 'under construction', NULL, 12),
('NomenclatureElementImpl', 911, 'My Site - Your Source for Social News and Networking', NULL, 12),
('NomenclatureElementImpl', 912, 'index.html', NULL, 12),
('NomenclatureElementImpl', 913, 'Welcome to nginx!', NULL, 12),
('NomenclatureElementImpl', 914, 'inicio', NULL, 12),
('NomenclatureElementImpl', 915, 'login', NULL, 12),
('NomenclatureElementImpl', 916, 'redirect', NULL, 12),
('NomenclatureElementImpl', 917, 'redirecting', NULL, 12),
('NomenclatureElementImpl', 918, '.ods', NULL, 24),
('NomenclatureElementImpl', 919, '.fods', NULL, 24),
('NomenclatureElementImpl', 920, '.odt', NULL, 24),
('NomenclatureElementImpl', 921, '.fodt', NULL, 24),
('NomenclatureElementImpl', 922, '.odp', NULL, 24),
('NomenclatureElementImpl', 923, '.fodp', NULL, 24),
('NomenclatureElementImpl', 924, '.odg', NULL, 24),
('NomenclatureElementImpl', 925, '.fodg', NULL, 24),
('NomenclatureElementImpl', 926, '.pdf', NULL, 24),
('NomenclatureElementImpl', 927, '.doc', NULL, 24),
('NomenclatureElementImpl', 928, '.docx', NULL, 24),
('NomenclatureElementImpl', 929, '.docm', NULL, 24),
('NomenclatureElementImpl', 930, '.dot', NULL, 24),
('NomenclatureElementImpl', 931, '.dotm', NULL, 24),
('NomenclatureElementImpl', 932, '.xls', NULL, 24),
('NomenclatureElementImpl', 933, '.xlsx', NULL, 24),
('NomenclatureElementImpl', 934, '.xlsm', NULL, 24),
('NomenclatureElementImpl', 935, '.xlt', NULL, 24),
('NomenclatureElementImpl', 936, '.xltx', NULL, 24),
('NomenclatureElementImpl', 937, '.xltm', NULL, 24),
('NomenclatureElementImpl', 938, '.xlc', NULL, 24),
('NomenclatureElementImpl', 939, '.xlr', NULL, 24),
('NomenclatureElementImpl', 940, '.xlam', NULL, 24),
('NomenclatureElementImpl', 941, '.csv', NULL, 24),
('NomenclatureElementImpl', 942, '.ppt', NULL, 24),
('NomenclatureElementImpl', 943, '.pptx', NULL, 24),
('NomenclatureElementImpl', 944, '.pps', NULL, 24),
('NomenclatureElementImpl', 945, '.vsd', NULL, 24),
('NomenclatureElementImpl', 946, '.vst', NULL, 24),
('NomenclatureElementImpl', 947, '.vss', NULL, 24),
('NomenclatureElementImpl', 948, '.sxc', NULL, 24),
('NomenclatureElementImpl', 949, '.sxd', NULL, 24),
('NomenclatureElementImpl', 950, '.sxi', NULL, 24),
('NomenclatureElementImpl', 951, '.sxm', NULL, 24),
('NomenclatureElementImpl', 952, '.sxw', NULL, 24),
('NomenclatureElementImpl', 953, '.sda', NULL, 24),
('NomenclatureElementImpl', 954, '.sdc', NULL, 24),
('NomenclatureElementImpl', 955, '.sdd', NULL, 24),
('NomenclatureElementImpl', 956, '.sdf', NULL, 24),
('NomenclatureElementImpl', 957, '.sdp', NULL, 24),
('NomenclatureElementImpl', 958, '.sds', NULL, 24),
('NomenclatureElementImpl', 959, '.sdw', NULL, 24),
('NomenclatureElementImpl', 960, '.oth', NULL, 24),
('NomenclatureElementImpl', 961, '.otg', NULL, 24),
('NomenclatureElementImpl', 962, '.ots', NULL, 24),
('NomenclatureElementImpl', 963, '.ott', NULL, 24),
('NomenclatureElementImpl', 964, '.cwk', NULL, 24),
('NomenclatureElementImpl', 965, '.cws', NULL, 24),
('NomenclatureElementImpl', 966, '.tar', NULL, 24),
('NomenclatureElementImpl', 967, '.tgz', NULL, 24),
('NomenclatureElementImpl', 968, '.bz', NULL, 24),
('NomenclatureElementImpl', 969, '.bz2', NULL, 24),
('NomenclatureElementImpl', 970, '.zip', NULL, 24),
('NomenclatureElementImpl', 971, '.gzip', NULL, 24),
('NomenclatureElementImpl', 972, '.gz', NULL, 24),
('NomenclatureElementImpl', 973, '.Z', NULL, 24),
('NomenclatureElementImpl', 974, '.7z', NULL, 24),
('NomenclatureElementImpl', 975, '.rar', NULL, 24),
('NomenclatureElementImpl', 976, '.r00', NULL, 24),
('NomenclatureElementImpl', 977, '.rpm', NULL, 24),
('NomenclatureElementImpl', 978, '.deb', NULL, 24),
('NomenclatureElementImpl', 979, '.msi', NULL, 24),
('NomenclatureElementImpl', 980, '.exe', NULL, 24),
('NomenclatureElementImpl', 981, '.bat', NULL, 24),
('NomenclatureElementImpl', 982, '.pif', NULL, 24),
('NomenclatureElementImpl', 983, '.class', NULL, 24),
('NomenclatureElementImpl', 984, '.torrent', NULL, 24),
('NomenclatureElementImpl', 985, '.dmg', NULL, 24),
('NomenclatureElementImpl', 986, '.apk', NULL, 24),
('NomenclatureElementImpl', 987, '.bin', NULL, 24),
('NomenclatureElementImpl', 988, '.bak', NULL, 24),
('NomenclatureElementImpl', 989, '.dat', NULL, 24),
('NomenclatureElementImpl', 990, '.jar', NULL, 24),
('NomenclatureElementImpl', 991, '.mdk', NULL, 24),
('NomenclatureElementImpl', 992, '.dsk', NULL, 24),
('NomenclatureElementImpl', 993, '.vmdk', NULL, 24),
('NomenclatureElementImpl', 994, '.r00', NULL, 24),
('NomenclatureElementImpl', 995, '.r01', NULL, 24),
('NomenclatureElementImpl', 996, '.r02', NULL, 24),
('NomenclatureElementImpl', 997, '.r03', NULL, 24),
('NomenclatureElementImpl', 998, '.r04', NULL, 24),
('NomenclatureElementImpl', 999, '.r05', NULL, 24),
('NomenclatureElementImpl', 1000, '.r06', NULL, 24),
('NomenclatureElementImpl', 1001, '.r07', NULL, 24),
('NomenclatureElementImpl', 1002, '.r08', NULL, 24),
('NomenclatureElementImpl', 1003, '.r09', NULL, 24),
('NomenclatureElementImpl', 1004, '.r10', NULL, 24),
('NomenclatureElementImpl', 1005, '.r11', NULL, 24),
('NomenclatureElementImpl', 1006, '.r12', NULL, 24),
('NomenclatureElementImpl', 1007, '.r13', NULL, 24),
('NomenclatureElementImpl', 1008, '.r14', NULL, 24),
('NomenclatureElementImpl', 1009, '.r15', NULL, 24),
('NomenclatureElementImpl', 1010, '.r16', NULL, 24),
('NomenclatureElementImpl', 1011, '.r17', NULL, 24),
('NomenclatureElementImpl', 1012, '.r18', NULL, 24),
('NomenclatureElementImpl', 1013, '.r19', NULL, 24),
('NomenclatureElementImpl', 1014, '.r20', NULL, 24),
('NomenclatureElementImpl', 1015, '.r21', NULL, 24),
('NomenclatureElementImpl', 1016, '.r22', NULL, 24),
('NomenclatureElementImpl', 1017, '.r23', NULL, 24),
('NomenclatureElementImpl', 1018, '.r24', NULL, 24),
('NomenclatureElementImpl', 1019, '.r25', NULL, 24),
('NomenclatureElementImpl', 1020, '.r26', NULL, 24),
('NomenclatureElementImpl', 1021, '.r27', NULL, 24),
('NomenclatureElementImpl', 1022, '.r28', NULL, 24),
('NomenclatureElementImpl', 1023, '.r29', NULL, 24),
('NomenclatureElementImpl', 1024, '.r30', NULL, 24),
('NomenclatureElementImpl', 1025, '.r31', NULL, 24),
('NomenclatureElementImpl', 1026, '.r32', NULL, 24),
('NomenclatureElementImpl', 1027, '.r33', NULL, 24),
('NomenclatureElementImpl', 1028, '.r34', NULL, 24),
('NomenclatureElementImpl', 1029, '.r35', NULL, 24),
('NomenclatureElementImpl', 1030, '.r36', NULL, 24),
('NomenclatureElementImpl', 1031, '.r37', NULL, 24),
('NomenclatureElementImpl', 1032, '.r38', NULL, 24),
('NomenclatureElementImpl', 1033, '.r39', NULL, 24),
('NomenclatureElementImpl', 1034, '.r40', NULL, 24),
('NomenclatureElementImpl', 1035, '.r41', NULL, 24),
('NomenclatureElementImpl', 1036, '.r42', NULL, 24),
('NomenclatureElementImpl', 1037, '.r43', NULL, 24),
('NomenclatureElementImpl', 1038, '.r44', NULL, 24),
('NomenclatureElementImpl', 1039, '.r45', NULL, 24),
('NomenclatureElementImpl', 1040, '.r46', NULL, 24),
('NomenclatureElementImpl', 1041, '.r47', NULL, 24),
('NomenclatureElementImpl', 1042, '.r48', NULL, 24),
('NomenclatureElementImpl', 1043, '.r49', NULL, 24),
('NomenclatureElementImpl', 1044, '.r50', NULL, 24),
('NomenclatureElementImpl', 1045, '.r51', NULL, 24),
('NomenclatureElementImpl', 1046, '.r52', NULL, 24),
('NomenclatureElementImpl', 1047, '.r53', NULL, 24),
('NomenclatureElementImpl', 1048, '.r54', NULL, 24),
('NomenclatureElementImpl', 1049, '.r55', NULL, 24),
('NomenclatureElementImpl', 1050, '.r56', NULL, 24),
('NomenclatureElementImpl', 1051, '.r57', NULL, 24),
('NomenclatureElementImpl', 1052, '.r58', NULL, 24),
('NomenclatureElementImpl', 1053, '.r59', NULL, 24),
('NomenclatureElementImpl', 1054, '.r60', NULL, 24),
('NomenclatureElementImpl', 1055, '.r61', NULL, 24),
('NomenclatureElementImpl', 1056, '.r62', NULL, 24),
('NomenclatureElementImpl', 1057, '.r63', NULL, 24),
('NomenclatureElementImpl', 1058, '.r64', NULL, 24),
('NomenclatureElementImpl', 1059, '.r65', NULL, 24),
('NomenclatureElementImpl', 1060, '.r66', NULL, 24),
('NomenclatureElementImpl', 1061, '.r67', NULL, 24),
('NomenclatureElementImpl', 1062, '.r68', NULL, 24),
('NomenclatureElementImpl', 1063, '.r69', NULL, 24),
('NomenclatureElementImpl', 1064, '.r70', NULL, 24),
('NomenclatureElementImpl', 1065, '.r71', NULL, 24),
('NomenclatureElementImpl', 1066, '.r72', NULL, 24),
('NomenclatureElementImpl', 1067, '.r73', NULL, 24),
('NomenclatureElementImpl', 1068, '.r74', NULL, 24),
('NomenclatureElementImpl', 1069, '.r75', NULL, 24),
('NomenclatureElementImpl', 1070, '.r76', NULL, 24),
('NomenclatureElementImpl', 1071, '.r77', NULL, 24),
('NomenclatureElementImpl', 1072, '.r78', NULL, 24),
('NomenclatureElementImpl', 1073, '.r79', NULL, 24),
('NomenclatureElementImpl', 1074, '.r80', NULL, 24),
('NomenclatureElementImpl', 1075, '.r81', NULL, 24),
('NomenclatureElementImpl', 1076, '.r82', NULL, 24),
('NomenclatureElementImpl', 1077, '.r83', NULL, 24),
('NomenclatureElementImpl', 1078, '.r84', NULL, 24),
('NomenclatureElementImpl', 1079, '.r85', NULL, 24),
('NomenclatureElementImpl', 1080, '.r86', NULL, 24),
('NomenclatureElementImpl', 1081, '.r87', NULL, 24),
('NomenclatureElementImpl', 1082, '.r88', NULL, 24),
('NomenclatureElementImpl', 1083, '.r89', NULL, 24),
('NomenclatureElementImpl', 1084, '.r90', NULL, 24),
('NomenclatureElementImpl', 1085, '.r91', NULL, 24),
('NomenclatureElementImpl', 1086, '.r92', NULL, 24),
('NomenclatureElementImpl', 1087, '.r93', NULL, 24),
('NomenclatureElementImpl', 1088, '.r94', NULL, 24),
('NomenclatureElementImpl', 1089, '.r95', NULL, 24),
('NomenclatureElementImpl', 1090, '.r96', NULL, 24),
('NomenclatureElementImpl', 1091, '.r97', NULL, 24),
('NomenclatureElementImpl', 1092, '.r98', NULL, 24),
('NomenclatureElementImpl', 1093, '.r99', NULL, 24),
('NomenclatureElementImpl', 1094, '.taz', NULL, 24),
('NomenclatureElementImpl', 1095, 'page sans titre', NULL, 12), 
('NomenclatureElementImpl', 1096, '<!DOCTYPE html SYSTEM "about:legacy-compat">', NULL, 19),
('NomenclatureElementImpl', 1097, '<!DOCTYPE html SYSTEM \'about:legacy-compat\'>', NULL, 19),
('NomenclatureElementImpl', 1098, '<!DOCTYPE html "about:legacy-compat">', NULL, 19),
('NomenclatureElementImpl', 1099, '<!DOCTYPE html \'about:legacy-compat\'>', NULL, 19);

SET foreign_key_checks=1;