--
-- Data for Name: reference; Type: TABLE DATA; Schema: asqatasun;
--

INSERT INTO reference (id_reference, cd_reference, description, label, rank, url, id_default_level) VALUES (4, 'Seo', NULL, 'Seo 1.0', 1000, '', 1);
INSERT INTO reference (id_reference, cd_reference, description, label, rank, url, id_default_level) VALUES (5, 'Rgaa40', NULL, 'Rgaa 4.0', 2000, '', 2);

SELECT setval('reference_id_reference_seq', (SELECT MAX(id_reference) FROM reference));

--
-- Data for Name: theme; Type: TABLE DATA; Schema: asqatasun;
--

INSERT INTO theme (id_theme, cd_theme, description, label, rank) VALUES (39, 'Seo-01', NULL, 'Bases du Referencement', 1);
INSERT INTO theme (id_theme, cd_theme, description, label, rank) VALUES (40, 'Seo-02', NULL, 'Images', 2);
INSERT INTO theme (id_theme, cd_theme, description, label, rank) VALUES (41, 'Seo-03', NULL, 'Cadres', 3);
INSERT INTO theme (id_theme, cd_theme, description, label, rank) VALUES (42, 'Seo-05', NULL, 'Liens', 4);
INSERT INTO theme (id_theme, cd_theme, description, label, rank) VALUES (43, 'Seo-06', NULL, 'Eléments Obligatoires', 5);
INSERT INTO theme (id_theme, cd_theme, description, label, rank) VALUES (44, 'Seo-07', NULL, 'Structuration de linformation', 6);
INSERT INTO theme (id_theme, cd_theme, description, label, rank) VALUES (45, 'Seo-08', NULL, 'Multimedia', 7);
INSERT INTO theme (id_theme, cd_theme, description, label, rank) VALUES (46, 'Rgaa40-1', NULL, 'Images', 1);
INSERT INTO theme (id_theme, cd_theme, description, label, rank) VALUES (47, 'Rgaa40-2', NULL, 'Cadres', 2);
INSERT INTO theme (id_theme, cd_theme, description, label, rank) VALUES (48, 'Rgaa40-3', NULL, 'Couleurs', 3);
INSERT INTO theme (id_theme, cd_theme, description, label, rank) VALUES (49, 'Rgaa40-4', NULL, 'Multimedia', 4);
INSERT INTO theme (id_theme, cd_theme, description, label, rank) VALUES (50, 'Rgaa40-5', NULL, 'Tableaux', 5);
INSERT INTO theme (id_theme, cd_theme, description, label, rank) VALUES (51, 'Rgaa40-6', NULL, 'Liens', 6);
INSERT INTO theme (id_theme, cd_theme, description, label, rank) VALUES (52, 'Rgaa40-7', NULL, 'Scripts', 7);
INSERT INTO theme (id_theme, cd_theme, description, label, rank) VALUES (53, 'Rgaa40-8', NULL, 'Éléments obligatoires', 8);
INSERT INTO theme (id_theme, cd_theme, description, label, rank) VALUES (54, 'Rgaa40-9', NULL, 'Structuration de l’information', 9);
INSERT INTO theme (id_theme, cd_theme, description, label, rank) VALUES (55, 'Rgaa40-10', NULL, 'Présentation de l’information', 10);
INSERT INTO theme (id_theme, cd_theme, description, label, rank) VALUES (56, 'Rgaa40-11', NULL, 'Formulaires', 11);
INSERT INTO theme (id_theme, cd_theme, description, label, rank) VALUES (57, 'Rgaa40-12', NULL, 'Navigation', 12);
INSERT INTO theme (id_theme, cd_theme, description, label, rank) VALUES (58, 'Rgaa40-13', NULL, 'Consultation', 13);

SELECT setval('theme_id_theme_seq', (SELECT MAX(id_theme) FROM theme));

--
-- Data for Name: criterion; Type: TABLE DATA; Schema: asqatasun;
--

INSERT INTO criterion (id_criterion, cd_criterion, description, label, rank, url, reference_id_reference, theme_id_theme) VALUES (454, 'Seo-0101', '', '01.01', 1001, ' ', 4, 39);
INSERT INTO criterion (id_criterion, cd_criterion, description, label, rank, url, reference_id_reference, theme_id_theme) VALUES (455, 'Seo-0102', '', '01.02', 1002, ' ', 4, 39);
INSERT INTO criterion (id_criterion, cd_criterion, description, label, rank, url, reference_id_reference, theme_id_theme) VALUES (456, 'Seo-0103', '', '01.03', 1003, ' ', 4, 39);
INSERT INTO criterion (id_criterion, cd_criterion, description, label, rank, url, reference_id_reference, theme_id_theme) VALUES (457, 'Seo-0104', '', '01.04', 1004, ' ', 4, 39);
INSERT INTO criterion (id_criterion, cd_criterion, description, label, rank, url, reference_id_reference, theme_id_theme) VALUES (458, 'Seo-0105', '', '01.05', 1005, ' ', 4, 39);
INSERT INTO criterion (id_criterion, cd_criterion, description, label, rank, url, reference_id_reference, theme_id_theme) VALUES (459, 'Seo-0201', '', '02.01', 1006, ' ', 4, 40);
INSERT INTO criterion (id_criterion, cd_criterion, description, label, rank, url, reference_id_reference, theme_id_theme) VALUES (460, 'Seo-0301', '', '03.01', 1007, ' ', 4, 41);
INSERT INTO criterion (id_criterion, cd_criterion, description, label, rank, url, reference_id_reference, theme_id_theme) VALUES (461, 'Seo-0501', '', '05.01', 1009, ' ', 4, 42);
INSERT INTO criterion (id_criterion, cd_criterion, description, label, rank, url, reference_id_reference, theme_id_theme) VALUES (462, 'Seo-0601', '', '06.01', 1010, ' ', 4, 43);
INSERT INTO criterion (id_criterion, cd_criterion, description, label, rank, url, reference_id_reference, theme_id_theme) VALUES (463, 'Seo-0602', '', '06.02', 1011, ' ', 4, 43);
INSERT INTO criterion (id_criterion, cd_criterion, description, label, rank, url, reference_id_reference, theme_id_theme) VALUES (464, 'Seo-0603', '', '06.03', 1012, ' ', 4, 43);
INSERT INTO criterion (id_criterion, cd_criterion, description, label, rank, url, reference_id_reference, theme_id_theme) VALUES (465, 'Seo-0604', '', '06.04', 1013, ' ', 4, 43);
INSERT INTO criterion (id_criterion, cd_criterion, description, label, rank, url, reference_id_reference, theme_id_theme) VALUES (466, 'Seo-0605', '', '06.05', 1014, ' ', 4, 43);
INSERT INTO criterion (id_criterion, cd_criterion, description, label, rank, url, reference_id_reference, theme_id_theme) VALUES (467, 'Seo-0701', '', '07.01', 1015, ' ', 4, 44);
INSERT INTO criterion (id_criterion, cd_criterion, description, label, rank, url, reference_id_reference, theme_id_theme) VALUES (468, 'Seo-0702', '', '07.02', 1016, ' ', 4, 44);
INSERT INTO criterion (id_criterion, cd_criterion, description, label, rank, url, reference_id_reference, theme_id_theme) VALUES (469, 'Seo-0705', '', '07.05', 1017, ' ', 4, 44);
INSERT INTO criterion (id_criterion, cd_criterion, description, label, rank, url, reference_id_reference, theme_id_theme) VALUES (470, 'Seo-0706', '', '07.06', 1018, ' ', 4, 44);
INSERT INTO criterion (id_criterion, cd_criterion, description, label, rank, url, reference_id_reference, theme_id_theme) VALUES (471, 'Seo-0106', '', '01.05', 1020, ' ', 4, 39);
INSERT INTO criterion (id_criterion, cd_criterion, description, label, rank, url, reference_id_reference, theme_id_theme) VALUES (472, 'Seo-0801', '', '08.01', 1021, ' ', 4, 45);
INSERT INTO criterion (id_criterion, cd_criterion, description, label, rank, url, reference_id_reference, theme_id_theme) VALUES (473, 'Seo-0107', '', '01.07', 1022, ' ', 4, 39);
INSERT INTO criterion (id_criterion, cd_criterion, description, label, rank, url, reference_id_reference, theme_id_theme) VALUES (474, 'Seo-0108', '', '01.08', 1023, ' ', 4, 39);
INSERT INTO criterion (id_criterion, cd_criterion, description, label, rank, url, reference_id_reference, theme_id_theme) VALUES (475, 'Rgaa40-1-1', 'Chaque image porteuse d’information a-t-elle une alternative textuelle ?', '1.1', 1, '', 5, 46);
INSERT INTO criterion (id_criterion, cd_criterion, description, label, rank, url, reference_id_reference, theme_id_theme) VALUES (476, 'Rgaa40-1-2', 'Chaque image de décoration est-elle correctement ignorée par les technologies d’assistance ?', '1.2', 2, '', 5, 46);
INSERT INTO criterion (id_criterion, cd_criterion, description, label, rank, url, reference_id_reference, theme_id_theme) VALUES (477, 'Rgaa40-1-3', 'Pour chaque image porteuse d’information ayant une alternative textuelle, cette alternative est-elle pertinente (hors cas particuliers) ?', '1.3', 3, '', 5, 46);
INSERT INTO criterion (id_criterion, cd_criterion, description, label, rank, url, reference_id_reference, theme_id_theme) VALUES (478, 'Rgaa40-1-4', 'Pour chaque image utilisée comme CAPTCHA ou comme image-test, ayant une alternative textuelle, cette alternative permet-elle d’identifier la nature et la fonction de l’image ?', '1.4', 4, '', 5, 46);
INSERT INTO criterion (id_criterion, cd_criterion, description, label, rank, url, reference_id_reference, theme_id_theme) VALUES (479, 'Rgaa40-1-5', 'Pour chaque image utilisée comme CAPTCHA, une solution d’accès alternatif au contenu ou à la fonction du CAPTCHA est-elle présente ?', '1.5', 5, '', 5, 46);
INSERT INTO criterion (id_criterion, cd_criterion, description, label, rank, url, reference_id_reference, theme_id_theme) VALUES (480, 'Rgaa40-1-6', 'Chaque image porteuse d’information a-t-elle, si nécessaire, une description détaillée ?', '1.6', 6, '', 5, 46);
INSERT INTO criterion (id_criterion, cd_criterion, description, label, rank, url, reference_id_reference, theme_id_theme) VALUES (481, 'Rgaa40-1-7', 'Pour chaque image porteuse d’information ayant une description détaillée, cette description est-elle pertinente ?', '1.7', 7, '', 5, 46);
INSERT INTO criterion (id_criterion, cd_criterion, description, label, rank, url, reference_id_reference, theme_id_theme) VALUES (482, 'Rgaa40-1-8', 'Chaque image texte porteuse d’information, en l’absence d’un mécanisme de remplacement, doit si possible être remplacée par du texte stylé. Cette règle est-elle respectée (hors cas particuliers) ?', '1.8', 8, '', 5, 46);
INSERT INTO criterion (id_criterion, cd_criterion, description, label, rank, url, reference_id_reference, theme_id_theme) VALUES (483, 'Rgaa40-1-9', 'Chaque légende d’image est-elle, si nécessaire, correctement reliée à l’image correspondante ?', '1.9', 9, '', 5, 46);
INSERT INTO criterion (id_criterion, cd_criterion, description, label, rank, url, reference_id_reference, theme_id_theme) VALUES (484, 'Rgaa40-2-1', 'Chaque cadre a-t-il un titre de cadre ?', '2.1', 10, '', 5, 47);
INSERT INTO criterion (id_criterion, cd_criterion, description, label, rank, url, reference_id_reference, theme_id_theme) VALUES (485, 'Rgaa40-2-2', 'Pour chaque cadre ayant un titre de cadre, ce titre de cadre est-il pertinent ?', '2.2', 11, '', 5, 47);
INSERT INTO criterion (id_criterion, cd_criterion, description, label, rank, url, reference_id_reference, theme_id_theme) VALUES (486, 'Rgaa40-3-1', 'Dans chaque page web, l’information ne doit pas être donnée uniquement par la couleur. Cette règle est-elle respectée ?', '3.1', 12, '', 5, 48);
INSERT INTO criterion (id_criterion, cd_criterion, description, label, rank, url, reference_id_reference, theme_id_theme) VALUES (487, 'Rgaa40-3-2', 'Dans chaque page web, le contraste entre la couleur du texte et la couleur de son arrière-plan est-il suffisamment élevé (hors cas particuliers) ?', '3.2', 13, '', 5, 48);
INSERT INTO criterion (id_criterion, cd_criterion, description, label, rank, url, reference_id_reference, theme_id_theme) VALUES (488, 'Rgaa40-3-3', 'Dans chaque page web, les couleurs utilisées dans les composants d’interface ou les éléments graphiques porteurs d’informations sont-elles suffisamment contrastées (hors cas particuliers) ?', '3.3', 14, '', 5, 48);
INSERT INTO criterion (id_criterion, cd_criterion, description, label, rank, url, reference_id_reference, theme_id_theme) VALUES (489, 'Rgaa40-4-1', 'Chaque média temporel pré-enregistré a-t-il, si nécessaire, une transcription textuelle ou une audiodescription (hors cas particuliers) ?', '4.1', 15, '', 5, 49);
INSERT INTO criterion (id_criterion, cd_criterion, description, label, rank, url, reference_id_reference, theme_id_theme) VALUES (490, 'Rgaa40-4-2', 'Pour chaque média temporel pré-enregistré ayant une transcription textuelle ou une audiodescription synchronisée, celles-ci sont-elles pertinentes (hors cas particuliers) ?', '4.2', 16, '', 5, 49);
INSERT INTO criterion (id_criterion, cd_criterion, description, label, rank, url, reference_id_reference, theme_id_theme) VALUES (491, 'Rgaa40-4-3', 'Chaque média temporel synchronisé pré-enregistré a-t-il, si nécessaire, des sous-titres synchronisés (hors cas particuliers) ?', '4.3', 17, '', 5, 49);
INSERT INTO criterion (id_criterion, cd_criterion, description, label, rank, url, reference_id_reference, theme_id_theme) VALUES (492, 'Rgaa40-4-4', 'Pour chaque média temporel synchronisé pré-enregistré ayant des sous-titres synchronisés, ces sous-titres sont-ils pertinents ?', '4.4', 18, '', 5, 49);
INSERT INTO criterion (id_criterion, cd_criterion, description, label, rank, url, reference_id_reference, theme_id_theme) VALUES (493, 'Rgaa40-4-5', 'Chaque média temporel pré-enregistré a-t-il, si nécessaire, une audiodescription synchronisée (hors cas particuliers) ?', '4.5', 19, '', 5, 49);
INSERT INTO criterion (id_criterion, cd_criterion, description, label, rank, url, reference_id_reference, theme_id_theme) VALUES (494, 'Rgaa40-4-6', 'Pour chaque média temporel pré-enregistré ayant une audiodescription synchronisée, celle-ci est-elle pertinente ?', '4.6', 20, '', 5, 49);
INSERT INTO criterion (id_criterion, cd_criterion, description, label, rank, url, reference_id_reference, theme_id_theme) VALUES (495, 'Rgaa40-4-7', 'Chaque média temporel est-il clairement identifiable (hors cas particuliers) ?', '4.7', 21, '', 5, 49);
INSERT INTO criterion (id_criterion, cd_criterion, description, label, rank, url, reference_id_reference, theme_id_theme) VALUES (496, 'Rgaa40-4-8', 'Chaque média non temporel a-t-il, si nécessaire, une alternative (hors cas particuliers) ?', '4.8', 22, '', 5, 49);
INSERT INTO criterion (id_criterion, cd_criterion, description, label, rank, url, reference_id_reference, theme_id_theme) VALUES (497, 'Rgaa40-4-9', 'Pour chaque média non temporel ayant une alternative, cette alternative est-elle pertinente ?', '4.9', 23, '', 5, 49);
INSERT INTO criterion (id_criterion, cd_criterion, description, label, rank, url, reference_id_reference, theme_id_theme) VALUES (498, 'Rgaa40-4-10', 'Chaque son déclenché automatiquement est-il contrôlable par l’utilisateur ?', '4.10', 24, '', 5, 49);
INSERT INTO criterion (id_criterion, cd_criterion, description, label, rank, url, reference_id_reference, theme_id_theme) VALUES (499, 'Rgaa40-4-11', 'La consultation de chaque média temporel est-elle, si nécessaire, contrôlable par le clavier et tout dispositif de pointage ?', '4.11', 25, '', 5, 49);
INSERT INTO criterion (id_criterion, cd_criterion, description, label, rank, url, reference_id_reference, theme_id_theme) VALUES (500, 'Rgaa40-4-12', 'La consultation de chaque média non temporel est-elle contrôlable par le clavier et tout dispositif de pointage ?', '4.12', 26, '', 5, 49);
INSERT INTO criterion (id_criterion, cd_criterion, description, label, rank, url, reference_id_reference, theme_id_theme) VALUES (501, 'Rgaa40-4-13', 'Chaque média temporel et non temporel est-il compatible avec les technologies d’assistance (hors cas particuliers) ?', '4.13', 27, '', 5, 49);
INSERT INTO criterion (id_criterion, cd_criterion, description, label, rank, url, reference_id_reference, theme_id_theme) VALUES (502, 'Rgaa40-5-1', 'Chaque tableau de données complexe a-t-il un résumé ?', '5.1', 28, '', 5, 50);
INSERT INTO criterion (id_criterion, cd_criterion, description, label, rank, url, reference_id_reference, theme_id_theme) VALUES (503, 'Rgaa40-5-2', 'Pour chaque tableau de données complexe ayant un résumé, celui-ci est-il pertinent ?', '5.2', 29, '', 5, 50);
INSERT INTO criterion (id_criterion, cd_criterion, description, label, rank, url, reference_id_reference, theme_id_theme) VALUES (504, 'Rgaa40-5-3', 'Pour chaque tableau de mise en forme, le contenu linéarisé reste-t-il compréhensible (hors cas particuliers) ?', '5.3', 30, '', 5, 50);
INSERT INTO criterion (id_criterion, cd_criterion, description, label, rank, url, reference_id_reference, theme_id_theme) VALUES (505, 'Rgaa40-5-4', 'Pour chaque tableau de données ayant un titre, le titre est-il correctement associé au tableau de données ?', '5.4', 31, '', 5, 50);
INSERT INTO criterion (id_criterion, cd_criterion, description, label, rank, url, reference_id_reference, theme_id_theme) VALUES (506, 'Rgaa40-5-5', 'Pour chaque tableau de données ayant un titre, celui-ci est-il pertinent ?', '5.5', 32, '', 5, 50);
INSERT INTO criterion (id_criterion, cd_criterion, description, label, rank, url, reference_id_reference, theme_id_theme) VALUES (507, 'Rgaa40-5-6', 'Pour chaque tableau de données, chaque en-tête de colonnes et chaque en-tête de lignes sont-ils correctement déclarés ?', '5.6', 33, '', 5, 50);
INSERT INTO criterion (id_criterion, cd_criterion, description, label, rank, url, reference_id_reference, theme_id_theme) VALUES (508, 'Rgaa40-5-7', 'Pour chaque tableau de données, la technique appropriée permettant d’associer chaque cellule avec ses en-têtes est-elle utilisée (hors cas particuliers) ?', '5.7', 34, '', 5, 50);
INSERT INTO criterion (id_criterion, cd_criterion, description, label, rank, url, reference_id_reference, theme_id_theme) VALUES (509, 'Rgaa40-5-8', 'Chaque tableau de mise en forme ne doit pas utiliser d’éléments propres aux tableaux de données. Cette règle est-elle respectée ?', '5.8', 35, '', 5, 50);
INSERT INTO criterion (id_criterion, cd_criterion, description, label, rank, url, reference_id_reference, theme_id_theme) VALUES (510, 'Rgaa40-6-1', 'Chaque lien est-il explicite (hors cas particuliers) ?', '6.1', 36, '', 5, 51);
INSERT INTO criterion (id_criterion, cd_criterion, description, label, rank, url, reference_id_reference, theme_id_theme) VALUES (511, 'Rgaa40-6-2', 'Dans chaque page web, chaque lien, à l’exception des ancres, a-t-il un intitulé ?', '6.2', 37, '', 5, 51);
INSERT INTO criterion (id_criterion, cd_criterion, description, label, rank, url, reference_id_reference, theme_id_theme) VALUES (512, 'Rgaa40-7-1', 'Chaque script est-il, si nécessaire, compatible avec les technologies d’assistance ?', '7.1', 38, '', 5, 52);
INSERT INTO criterion (id_criterion, cd_criterion, description, label, rank, url, reference_id_reference, theme_id_theme) VALUES (513, 'Rgaa40-7-2', 'Pour chaque script ayant une alternative, cette alternative est-elle pertinente ?', '7.2', 39, '', 5, 52);
INSERT INTO criterion (id_criterion, cd_criterion, description, label, rank, url, reference_id_reference, theme_id_theme) VALUES (514, 'Rgaa40-7-3', 'Chaque script est-il contrôlable par le clavier et par tout dispositif de pointage (hors cas particuliers) ?', '7.3', 40, '', 5, 52);
INSERT INTO criterion (id_criterion, cd_criterion, description, label, rank, url, reference_id_reference, theme_id_theme) VALUES (515, 'Rgaa40-7-4', 'Pour chaque script qui initie un changement de contexte, l’utilisateur est-il averti ou en a-t-il le contrôle ?', '7.4', 41, '', 5, 52);
INSERT INTO criterion (id_criterion, cd_criterion, description, label, rank, url, reference_id_reference, theme_id_theme) VALUES (516, 'Rgaa40-7-5', 'Dans chaque page web, les messages de statut sont-ils correctement restitués par les technologies d’assistance ?', '7.5', 42, '', 5, 52);
INSERT INTO criterion (id_criterion, cd_criterion, description, label, rank, url, reference_id_reference, theme_id_theme) VALUES (517, 'Rgaa40-8-1', 'Chaque page web est-elle définie par un type de document ?', '8.1', 43, '', 5, 53);
INSERT INTO criterion (id_criterion, cd_criterion, description, label, rank, url, reference_id_reference, theme_id_theme) VALUES (518, 'Rgaa40-8-2', 'Pour chaque page web, le code source généré est-il valide selon le type de document spécifié (hors cas particuliers) ?', '8.2', 44, '', 5, 53);
INSERT INTO criterion (id_criterion, cd_criterion, description, label, rank, url, reference_id_reference, theme_id_theme) VALUES (519, 'Rgaa40-8-3', 'Dans chaque page web, la langue par défaut est-elle présente ?', '8.3', 45, '', 5, 53);
INSERT INTO criterion (id_criterion, cd_criterion, description, label, rank, url, reference_id_reference, theme_id_theme) VALUES (520, 'Rgaa40-8-4', 'Pour chaque page web ayant une langue par défaut, le code de langue est-il pertinent ?', '8.4', 46, '', 5, 53);
INSERT INTO criterion (id_criterion, cd_criterion, description, label, rank, url, reference_id_reference, theme_id_theme) VALUES (521, 'Rgaa40-8-5', 'Chaque page web a-t-elle un titre de page ?', '8.5', 47, '', 5, 53);
INSERT INTO criterion (id_criterion, cd_criterion, description, label, rank, url, reference_id_reference, theme_id_theme) VALUES (522, 'Rgaa40-8-6', 'Pour chaque page web ayant un titre de page, ce titre est-il pertinent ?', '8.6', 48, '', 5, 53);
INSERT INTO criterion (id_criterion, cd_criterion, description, label, rank, url, reference_id_reference, theme_id_theme) VALUES (523, 'Rgaa40-8-7', 'Dans chaque page web, chaque changement de langue est-il indiqué dans le code source (hors cas particuliers) ?', '8.7', 49, '', 5, 53);
INSERT INTO criterion (id_criterion, cd_criterion, description, label, rank, url, reference_id_reference, theme_id_theme) VALUES (524, 'Rgaa40-8-8', 'Dans chaque page web, le code de langue de chaque changement de langue est-il valide et pertinent ?', '8.8', 50, '', 5, 53);
INSERT INTO criterion (id_criterion, cd_criterion, description, label, rank, url, reference_id_reference, theme_id_theme) VALUES (525, 'Rgaa40-8-9', 'Dans chaque page web, les balises ne doivent pas être utilisées uniquement à des fins de présentation. Cette règle est-elle respectée ?', '8.9', 51, '', 5, 53);
INSERT INTO criterion (id_criterion, cd_criterion, description, label, rank, url, reference_id_reference, theme_id_theme) VALUES (526, 'Rgaa40-8-10', 'Dans chaque page web, les changements du sens de lecture sont-ils signalés ?', '8.10', 52, '', 5, 53);
INSERT INTO criterion (id_criterion, cd_criterion, description, label, rank, url, reference_id_reference, theme_id_theme) VALUES (527, 'Rgaa40-9-1', 'Dans chaque page web, l’information est-elle structurée par l’utilisation appropriée de titres ?', '9.1', 53, '', 5, 54);
INSERT INTO criterion (id_criterion, cd_criterion, description, label, rank, url, reference_id_reference, theme_id_theme) VALUES (528, 'Rgaa40-9-2', 'Dans chaque page web, la structure du document est-elle cohérente (hors cas particuliers) ?', '9.2', 54, '', 5, 54);
INSERT INTO criterion (id_criterion, cd_criterion, description, label, rank, url, reference_id_reference, theme_id_theme) VALUES (529, 'Rgaa40-9-3', 'Dans chaque page web, chaque liste est-elle correctement structurée ?', '9.3', 55, '', 5, 54);
INSERT INTO criterion (id_criterion, cd_criterion, description, label, rank, url, reference_id_reference, theme_id_theme) VALUES (530, 'Rgaa40-9-4', 'Dans chaque page web, chaque citation est-elle correctement indiquée ?', '9.4', 56, '', 5, 54);
INSERT INTO criterion (id_criterion, cd_criterion, description, label, rank, url, reference_id_reference, theme_id_theme) VALUES (531, 'Rgaa40-10-1', 'Dans le site web, des feuilles de styles sont-elles utilisées pour contrôler la présentation de l’information ?', '10.1', 57, '', 5, 55);
INSERT INTO criterion (id_criterion, cd_criterion, description, label, rank, url, reference_id_reference, theme_id_theme) VALUES (532, 'Rgaa40-10-2', 'Dans chaque page web, le contenu visible reste-t-il présent lorsque les feuilles de styles sont désactivées ?', '10.2', 58, '', 5, 55);
INSERT INTO criterion (id_criterion, cd_criterion, description, label, rank, url, reference_id_reference, theme_id_theme) VALUES (533, 'Rgaa40-10-3', 'Dans chaque page web, l’information reste-t-elle compréhensible lorsque les feuilles de styles sont désactivées ?', '10.3', 59, '', 5, 55);
INSERT INTO criterion (id_criterion, cd_criterion, description, label, rank, url, reference_id_reference, theme_id_theme) VALUES (534, 'Rgaa40-10-4', 'Dans chaque page web, le texte reste-t-il lisible lorsque la taille des caractères est augmentée jusqu’à 200%, au moins (hors cas particuliers) ?', '10.4', 60, '', 5, 55);
INSERT INTO criterion (id_criterion, cd_criterion, description, label, rank, url, reference_id_reference, theme_id_theme) VALUES (535, 'Rgaa40-10-5', 'Dans chaque page web, les déclarations CSS de couleurs de fond d’élément et de police sont-elles correctement utilisées ?', '10.5', 61, '', 5, 55);
INSERT INTO criterion (id_criterion, cd_criterion, description, label, rank, url, reference_id_reference, theme_id_theme) VALUES (536, 'Rgaa40-10-6', 'Dans chaque page web, chaque lien dont la nature n’est pas évidente est-il visible par rapport au texte environnant ?', '10.6', 62, '', 5, 55);
INSERT INTO criterion (id_criterion, cd_criterion, description, label, rank, url, reference_id_reference, theme_id_theme) VALUES (537, 'Rgaa40-10-7', 'Dans chaque page web, pour chaque élément recevant le focus, la prise de focus est-elle visible ?', '10.7', 63, '', 5, 55);
INSERT INTO criterion (id_criterion, cd_criterion, description, label, rank, url, reference_id_reference, theme_id_theme) VALUES (538, 'Rgaa40-10-8', 'Pour chaque page web, les contenus cachés ont-ils vocation à être ignorés par les technologies d’assistance ?', '10.8', 64, '', 5, 55);
INSERT INTO criterion (id_criterion, cd_criterion, description, label, rank, url, reference_id_reference, theme_id_theme) VALUES (539, 'Rgaa40-10-9', 'Dans chaque page web, l’information ne doit pas être donnée uniquement par la forme, taille ou position. Cette règle est-elle respectée ?', '10.9', 65, '', 5, 55);
INSERT INTO criterion (id_criterion, cd_criterion, description, label, rank, url, reference_id_reference, theme_id_theme) VALUES (540, 'Rgaa40-10-10', 'Dans chaque page web, l’information ne doit pas être donnée par la forme, taille ou position uniquement. Cette règle est-elle implémentée de façon pertinente ?', '10.10', 66, '', 5, 55);
INSERT INTO criterion (id_criterion, cd_criterion, description, label, rank, url, reference_id_reference, theme_id_theme) VALUES (541, 'Rgaa40-10-11', 'Pour chaque page web, les contenus peuvent-ils être présentés sans avoir recours à la fois à un défilement vertical pour une fenêtre ayant une hauteur de 256px ou une largeur de 320px (hors cas particuliers) ?', '10.11', 67, '', 5, 55);
INSERT INTO criterion (id_criterion, cd_criterion, description, label, rank, url, reference_id_reference, theme_id_theme) VALUES (542, 'Rgaa40-10-12', 'Dans chaque page web, les propriétés d’espacement du texte peuvent-elles être redéfinies par l’utilisateur sans perte de contenu ou de fonctionnalité (hors cas particuliers) ?', '10.12', 68, '', 5, 55);
INSERT INTO criterion (id_criterion, cd_criterion, description, label, rank, url, reference_id_reference, theme_id_theme) VALUES (543, 'Rgaa40-10-13', 'Dans chaque page web, les contenus additionnels apparaissant à la prise de focus ou au survol d’un composant d’interface sont-ils contrôlables par l’utilisateur (hors cas particuliers) ?', '10.13', 69, '', 5, 55);
INSERT INTO criterion (id_criterion, cd_criterion, description, label, rank, url, reference_id_reference, theme_id_theme) VALUES (544, 'Rgaa40-10-14', 'Dans chaque page web, les contenus additionnels apparaissant via les styles CSS uniquement peuvent-ils être rendus visibles au clavier et par tout dispositif de pointage ?', '10.14', 70, '', 5, 55);
INSERT INTO criterion (id_criterion, cd_criterion, description, label, rank, url, reference_id_reference, theme_id_theme) VALUES (545, 'Rgaa40-11-1', 'Chaque champ de formulaire a-t-il une étiquette ?', '11.1', 71, '', 5, 56);
INSERT INTO criterion (id_criterion, cd_criterion, description, label, rank, url, reference_id_reference, theme_id_theme) VALUES (546, 'Rgaa40-11-2', 'Chaque étiquette associée à un champ de formulaire est-elle pertinente (hors cas particuliers) ?', '11.2', 72, '', 5, 56);
INSERT INTO criterion (id_criterion, cd_criterion, description, label, rank, url, reference_id_reference, theme_id_theme) VALUES (547, 'Rgaa40-11-3', 'Dans chaque formulaire, chaque étiquette associée à un champ de formulaire ayant la même fonction et répété plusieurs fois dans une même page ou dans un ensemble de pages est-elle cohérente ?', '11.3', 73, '', 5, 56);
INSERT INTO criterion (id_criterion, cd_criterion, description, label, rank, url, reference_id_reference, theme_id_theme) VALUES (548, 'Rgaa40-11-4', 'Dans chaque formulaire, chaque étiquette de champ et son champ associé sont-ils accolés (hors cas particuliers) ?', '11.4', 74, '', 5, 56);
INSERT INTO criterion (id_criterion, cd_criterion, description, label, rank, url, reference_id_reference, theme_id_theme) VALUES (549, 'Rgaa40-11-5', 'Dans chaque formulaire, les champs de même nature sont-ils regroupés, si nécessaire ?', '11.5', 75, '', 5, 56);
INSERT INTO criterion (id_criterion, cd_criterion, description, label, rank, url, reference_id_reference, theme_id_theme) VALUES (550, 'Rgaa40-11-6', 'Dans chaque formulaire, chaque regroupement de champs de formulaire a-t-il une légende ?', '11.6', 76, '', 5, 56);
INSERT INTO criterion (id_criterion, cd_criterion, description, label, rank, url, reference_id_reference, theme_id_theme) VALUES (551, 'Rgaa40-11-7', 'Dans chaque formulaire, chaque légende associée à un regroupement de champs de même nature est-elle pertinente ?', '11.7', 77, '', 5, 56);
INSERT INTO criterion (id_criterion, cd_criterion, description, label, rank, url, reference_id_reference, theme_id_theme) VALUES (552, 'Rgaa40-11-8', 'Dans chaque formulaire, les items de même nature d’une liste de choix sont-ils regroupées de manière pertinente ?', '11.8', 78, '', 5, 56);
INSERT INTO criterion (id_criterion, cd_criterion, description, label, rank, url, reference_id_reference, theme_id_theme) VALUES (553, 'Rgaa40-11-9', 'Dans chaque formulaire, l’intitulé de chaque bouton est-il pertinent (hors cas particuliers) ?', '11.9', 79, '', 5, 56);
INSERT INTO criterion (id_criterion, cd_criterion, description, label, rank, url, reference_id_reference, theme_id_theme) VALUES (554, 'Rgaa40-11-10', 'Dans chaque formulaire, le contrôle de saisie est-il utilisé de manière pertinente (hors cas particuliers) ?', '11.10', 80, '', 5, 56);
INSERT INTO criterion (id_criterion, cd_criterion, description, label, rank, url, reference_id_reference, theme_id_theme) VALUES (555, 'Rgaa40-11-11', 'Dans chaque formulaire, le contrôle de saisie est-il accompagné, si nécessaire, de suggestions facilitant la correction des erreurs de saisie ?', '11.11', 81, '', 5, 56);
INSERT INTO criterion (id_criterion, cd_criterion, description, label, rank, url, reference_id_reference, theme_id_theme) VALUES (556, 'Rgaa40-11-12', 'Pour chaque formulaire qui modifie ou supprime des données, ou qui transmet des réponses à un test ou à un examen, ou dont la validation a des conséquences financières ou juridiques, la saisie des données vérifie-t-elle une de ces conditions ?', '11.12', 82, '', 5, 56);
INSERT INTO criterion (id_criterion, cd_criterion, description, label, rank, url, reference_id_reference, theme_id_theme) VALUES (557, 'Rgaa40-11-13', 'La finalité d’un champ de saisie peut-elle être déduite pour faciliter le remplissage automatique des champs avec les données de l’utilisateur ?', '11.13', 83, '', 5, 56);
INSERT INTO criterion (id_criterion, cd_criterion, description, label, rank, url, reference_id_reference, theme_id_theme) VALUES (558, 'Rgaa40-12-1', 'Chaque ensemble de pages dispose-t-il de deux systèmes de navigation différents, au moins (hors cas particuliers) ?', '12.1', 84, '', 5, 57);
INSERT INTO criterion (id_criterion, cd_criterion, description, label, rank, url, reference_id_reference, theme_id_theme) VALUES (559, 'Rgaa40-12-2', 'Dans chaque ensemble de pages, le menu et les barres de navigation sont-ils toujours à la même place (hors cas particuliers) ?', '12.2', 85, '', 5, 57);
INSERT INTO criterion (id_criterion, cd_criterion, description, label, rank, url, reference_id_reference, theme_id_theme) VALUES (560, 'Rgaa40-12-3', 'La page « plan du site » est-elle pertinente ?', '12.3', 86, '', 5, 57);
INSERT INTO criterion (id_criterion, cd_criterion, description, label, rank, url, reference_id_reference, theme_id_theme) VALUES (561, 'Rgaa40-12-4', 'Dans chaque ensemble de pages, la page « plan du site » est-elle atteignable de manière identique ?', '12.4', 87, '', 5, 57);
INSERT INTO criterion (id_criterion, cd_criterion, description, label, rank, url, reference_id_reference, theme_id_theme) VALUES (562, 'Rgaa40-12-5', 'Dans chaque ensemble de pages, le moteur de recherche est-il atteignable de manière identique ?', '12.5', 88, '', 5, 57);
INSERT INTO criterion (id_criterion, cd_criterion, description, label, rank, url, reference_id_reference, theme_id_theme) VALUES (563, 'Rgaa40-12-6', 'Les zones de regroupement de contenus présentes dans plusieurs pages web (zones d’en-tête, de navigation principale, de contenu principal, de pied de page et de moteur de recherche) peuvent-elles être atteintes ou évitées ?', '12.6', 89, '', 5, 57);
INSERT INTO criterion (id_criterion, cd_criterion, description, label, rank, url, reference_id_reference, theme_id_theme) VALUES (564, 'Rgaa40-12-7', 'Dans chaque page web, un lien d’évitement ou d’accès rapide à la zone de contenu principal est-il présent (hors cas particuliers) ?', '12.7', 90, '', 5, 57);
INSERT INTO criterion (id_criterion, cd_criterion, description, label, rank, url, reference_id_reference, theme_id_theme) VALUES (565, 'Rgaa40-12-8', 'Dans chaque page web, l’ordre de tabulation est-il cohérent ?', '12.8', 91, '', 5, 57);
INSERT INTO criterion (id_criterion, cd_criterion, description, label, rank, url, reference_id_reference, theme_id_theme) VALUES (566, 'Rgaa40-12-9', 'Dans chaque page web, la navigation ne doit pas contenir de piège au clavier. Cette règle est-elle respectée ?', '12.9', 92, '', 5, 57);
INSERT INTO criterion (id_criterion, cd_criterion, description, label, rank, url, reference_id_reference, theme_id_theme) VALUES (567, 'Rgaa40-12-10', 'Dans chaque page web, les raccourcis clavier n’utilisant qu’une seule touche (lettre minuscule ou majuscule, ponctuation, chiffre ou symbole) sont-ils contrôlables par l’utilisateur ?', '12.10', 93, '', 5, 57);
INSERT INTO criterion (id_criterion, cd_criterion, description, label, rank, url, reference_id_reference, theme_id_theme) VALUES (568, 'Rgaa40-12-11', 'Dans chaque page web, les contenus additionnels apparaissant au survol, à la prise de focus ou à l’activation d’un composant d’interface sont-ils si nécessaire atteignables au clavier ?', '12.11', 94, '', 5, 57);
INSERT INTO criterion (id_criterion, cd_criterion, description, label, rank, url, reference_id_reference, theme_id_theme) VALUES (569, 'Rgaa40-13-1', 'Pour chaque page web, l’utilisateur a-t-il le contrôle de chaque limite de temps modifiant le contenu (hors cas particuliers) ?', '13.1', 95, '', 5, 58);
INSERT INTO criterion (id_criterion, cd_criterion, description, label, rank, url, reference_id_reference, theme_id_theme) VALUES (570, 'Rgaa40-13-2', 'Dans chaque page web, l’ouverture d’une nouvelle fenêtre ne doit pas être déclenchée sans action de l’utilisateur. Cette règle est-elle respectée ?', '13.2', 96, '', 5, 58);
INSERT INTO criterion (id_criterion, cd_criterion, description, label, rank, url, reference_id_reference, theme_id_theme) VALUES (571, 'Rgaa40-13-3', 'Dans chaque page web, chaque document bureautique en téléchargement possède-t-il, si nécessaire, une version accessible (hors cas particuliers) ?', '13.3', 97, '', 5, 58);
INSERT INTO criterion (id_criterion, cd_criterion, description, label, rank, url, reference_id_reference, theme_id_theme) VALUES (572, 'Rgaa40-13-4', 'Pour chaque document bureautique ayant une version accessible, cette version offre-t-elle la même information ?', '13.4', 98, '', 5, 58);
INSERT INTO criterion (id_criterion, cd_criterion, description, label, rank, url, reference_id_reference, theme_id_theme) VALUES (573, 'Rgaa40-13-5', 'Dans chaque page web, chaque contenu cryptique (art ASCII, émoticon, syntaxe cryptique) a-t-il une alternative ?', '13.5', 99, '', 5, 58);
INSERT INTO criterion (id_criterion, cd_criterion, description, label, rank, url, reference_id_reference, theme_id_theme) VALUES (574, 'Rgaa40-13-6', 'Dans chaque page web, pour chaque contenu cryptique (art ASCII, émoticon, syntaxe cryptique) ayant une alternative, cette alternative est-elle pertinente ?', '13.6', 100, '', 5, 58);
INSERT INTO criterion (id_criterion, cd_criterion, description, label, rank, url, reference_id_reference, theme_id_theme) VALUES (575, 'Rgaa40-13-7', 'Dans chaque page web, les changements brusques de luminosité ou les effets de flash sont-ils correctement utilisés ?', '13.7', 101, '', 5, 58);
INSERT INTO criterion (id_criterion, cd_criterion, description, label, rank, url, reference_id_reference, theme_id_theme) VALUES (576, 'Rgaa40-13-8', 'Dans chaque page web, chaque contenu en mouvement ou clignotant est-il contrôlable par l’utilisateur ?', '13.8', 102, '', 5, 58);
INSERT INTO criterion (id_criterion, cd_criterion, description, label, rank, url, reference_id_reference, theme_id_theme) VALUES (577, 'Rgaa40-13-9', 'Dans chaque page web, le contenu proposé est-il consultable quelle que soit l’orientation de l’écran (portait ou paysage) (hors cas particuliers) ?', '13.9', 103, '', 5, 58);
INSERT INTO criterion (id_criterion, cd_criterion, description, label, rank, url, reference_id_reference, theme_id_theme) VALUES (578, 'Rgaa40-13-10', 'Dans chaque page web, les fonctionnalités utilisables ou disponibles au moyen d’un geste complexe peuvent-elles être également disponibles au moyen d’un geste simple (hors cas particuliers) ?', '13.10', 104, '', 5, 58);
INSERT INTO criterion (id_criterion, cd_criterion, description, label, rank, url, reference_id_reference, theme_id_theme) VALUES (579, 'Rgaa40-13-11', 'Dans chaque page web, les actions déclenchées au moyen d’un dispositif de pointage sur un point unique de l’écran peuvent-elles faire l’objet d’une annulation (hors cas particuliers) ?', '13.11', 105, '', 5, 58);
INSERT INTO criterion (id_criterion, cd_criterion, description, label, rank, url, reference_id_reference, theme_id_theme) VALUES (580, 'Rgaa40-13-12', 'Dans chaque page web, les fonctionnalités qui impliquent un mouvement de l’appareil ou vers l’appareil peuvent-elles être satisfaites de manière alternative (hors cas particuliers) ?', '13.12', 106, '', 5, 58);



SELECT setval('criterion_id_criterion_seq', (SELECT MAX(id_criterion) FROM criterion));

--
-- Data for Name: test; Type: TABLE DATA; Schema: asqatasun;
--

INSERT INTO test (id_test, cd_test, description, label, rank, weight, rule_archive_name, rule_class_name, rule_design_url, id_criterion, id_decision_level, id_level, id_rule, id_scope, no_process) VALUES (1329, 'Seo-01011', '', '1.1.1', 10001011, 1.0, 'seo', 'org.asqatasun.rules.seo.SeoRule01011', NULL, 454, NULL, 1, NULL, 1, false);
INSERT INTO test (id_test, cd_test, description, label, rank, weight, rule_archive_name, rule_class_name, rule_design_url, id_criterion, id_decision_level, id_level, id_rule, id_scope, no_process) VALUES (1330, 'Seo-01012', '', '1.1.2', 10001012, 1.0, 'seo', 'org.asqatasun.rules.seo.SeoRule01012', NULL, 454, NULL, 1, NULL, 1, false);
INSERT INTO test (id_test, cd_test, description, label, rank, weight, rule_archive_name, rule_class_name, rule_design_url, id_criterion, id_decision_level, id_level, id_rule, id_scope, no_process) VALUES (1331, 'Seo-01013', '', '1.1.3', 10001013, 1.0, 'seo', 'org.asqatasun.rules.seo.SeoRule01013', NULL, 454, NULL, 1, NULL, 1, false);
INSERT INTO test (id_test, cd_test, description, label, rank, weight, rule_archive_name, rule_class_name, rule_design_url, id_criterion, id_decision_level, id_level, id_rule, id_scope, no_process) VALUES (1332, 'Seo-01021', '', '1.2.1', 10001021, 1.0, 'seo', 'org.asqatasun.rules.seo.SeoRule01021', NULL, 455, NULL, 1, NULL, 3, false);
INSERT INTO test (id_test, cd_test, description, label, rank, weight, rule_archive_name, rule_class_name, rule_design_url, id_criterion, id_decision_level, id_level, id_rule, id_scope, no_process) VALUES (1333, 'Seo-01031', '', '1.3.1', 10001031, 1.0, 'seo', 'org.asqatasun.rules.seo.SeoRule01031', NULL, 456, NULL, 2, NULL, 1, false);
INSERT INTO test (id_test, cd_test, description, label, rank, weight, rule_archive_name, rule_class_name, rule_design_url, id_criterion, id_decision_level, id_level, id_rule, id_scope, no_process) VALUES (1334, 'Seo-01041', '', '1.4.1', 10001041, 1.0, 'seo', 'org.asqatasun.rules.seo.SeoRule01041', NULL, 457, NULL, 1, NULL, 3, false);
INSERT INTO test (id_test, cd_test, description, label, rank, weight, rule_archive_name, rule_class_name, rule_design_url, id_criterion, id_decision_level, id_level, id_rule, id_scope, no_process) VALUES (1335, 'Seo-01051', '', '1.5.1', 10001051, 1.0, 'seo', 'org.asqatasun.rules.seo.SeoRule01051', NULL, 458, NULL, 3, NULL, 2, false);
INSERT INTO test (id_test, cd_test, description, label, rank, weight, rule_archive_name, rule_class_name, rule_design_url, id_criterion, id_decision_level, id_level, id_rule, id_scope, no_process) VALUES (1336, 'Seo-01061', '', '1.6.1', 10001061, 1.0, 'seo', 'org.asqatasun.rules.seo.SeoRule01061', NULL, 471, NULL, 3, NULL, 2, false);
INSERT INTO test (id_test, cd_test, description, label, rank, weight, rule_archive_name, rule_class_name, rule_design_url, id_criterion, id_decision_level, id_level, id_rule, id_scope, no_process) VALUES (1337, 'Seo-02011', '', '2.1.1', 10002011, 1.0, 'seo', 'org.asqatasun.rules.seo.SeoRule02011', NULL, 459, NULL, 2, NULL, 1, false);
INSERT INTO test (id_test, cd_test, description, label, rank, weight, rule_archive_name, rule_class_name, rule_design_url, id_criterion, id_decision_level, id_level, id_rule, id_scope, no_process) VALUES (1338, 'Seo-02012', '', '2.1.2', 10002012, 1.0, 'seo', 'org.asqatasun.rules.seo.SeoRule02012', NULL, 459, NULL, 2, NULL, 1, false);
INSERT INTO test (id_test, cd_test, description, label, rank, weight, rule_archive_name, rule_class_name, rule_design_url, id_criterion, id_decision_level, id_level, id_rule, id_scope, no_process) VALUES (1339, 'Seo-02013', '', '2.1.3', 10002013, 1.0, 'seo', 'org.asqatasun.rules.seo.SeoRule02013', NULL, 459, NULL, 2, NULL, 1, false);
INSERT INTO test (id_test, cd_test, description, label, rank, weight, rule_archive_name, rule_class_name, rule_design_url, id_criterion, id_decision_level, id_level, id_rule, id_scope, no_process) VALUES (1340, 'Seo-03011', '', '3.1.1', 10003011, 1.0, 'seo', 'org.asqatasun.rules.seo.SeoRule03011', NULL, 460, NULL, 3, NULL, 1, false);
INSERT INTO test (id_test, cd_test, description, label, rank, weight, rule_archive_name, rule_class_name, rule_design_url, id_criterion, id_decision_level, id_level, id_rule, id_scope, no_process) VALUES (1341, 'Seo-03012', '', '3.1.2', 10003012, 1.0, 'seo', 'org.asqatasun.rules.seo.SeoRule03012', NULL, 460, NULL, 3, NULL, 1, false);
INSERT INTO test (id_test, cd_test, description, label, rank, weight, rule_archive_name, rule_class_name, rule_design_url, id_criterion, id_decision_level, id_level, id_rule, id_scope, no_process) VALUES (1342, 'Seo-05011', '', '4.1.1', 10005011, 1.0, 'seo', 'org.asqatasun.rules.seo.SeoRule05011', NULL, 461, NULL, 1, NULL, 1, false);
INSERT INTO test (id_test, cd_test, description, label, rank, weight, rule_archive_name, rule_class_name, rule_design_url, id_criterion, id_decision_level, id_level, id_rule, id_scope, no_process) VALUES (1343, 'Seo-05012', '', '4.1.2', 10005012, 1.0, 'seo', 'org.asqatasun.rules.seo.SeoRule05012', NULL, 461, NULL, 1, NULL, 1, false);
INSERT INTO test (id_test, cd_test, description, label, rank, weight, rule_archive_name, rule_class_name, rule_design_url, id_criterion, id_decision_level, id_level, id_rule, id_scope, no_process) VALUES (1344, 'Seo-05013', '', '4.1.3', 10005013, 1.0, 'seo', 'org.asqatasun.rules.seo.SeoRule05013', NULL, 461, NULL, 1, NULL, 1, false);
INSERT INTO test (id_test, cd_test, description, label, rank, weight, rule_archive_name, rule_class_name, rule_design_url, id_criterion, id_decision_level, id_level, id_rule, id_scope, no_process) VALUES (1345, 'Seo-06011', '', '5.1.1', 10006011, 1.0, 'seo', 'org.asqatasun.rules.seo.SeoRule06011', NULL, 462, NULL, 1, NULL, 1, false);
INSERT INTO test (id_test, cd_test, description, label, rank, weight, rule_archive_name, rule_class_name, rule_design_url, id_criterion, id_decision_level, id_level, id_rule, id_scope, no_process) VALUES (1346, 'Seo-06021', '', '5.2.1', 10006021, 1.0, 'seo', 'org.asqatasun.rules.seo.SeoRule06021', NULL, 463, NULL, 1, NULL, 1, false);
INSERT INTO test (id_test, cd_test, description, label, rank, weight, rule_archive_name, rule_class_name, rule_design_url, id_criterion, id_decision_level, id_level, id_rule, id_scope, no_process) VALUES (1347, 'Seo-06031', '', '5.3.1', 10006031, 1.0, 'seo', 'org.asqatasun.rules.seo.SeoRule06031', NULL, 464, NULL, 2, NULL, 1, false);
INSERT INTO test (id_test, cd_test, description, label, rank, weight, rule_archive_name, rule_class_name, rule_design_url, id_criterion, id_decision_level, id_level, id_rule, id_scope, no_process) VALUES (1348, 'Seo-06041', '', '5.4.1', 10006041, 1.0, 'seo', 'org.asqatasun.rules.seo.SeoRule06041', NULL, 465, NULL, 1, NULL, 3, false);
INSERT INTO test (id_test, cd_test, description, label, rank, weight, rule_archive_name, rule_class_name, rule_design_url, id_criterion, id_decision_level, id_level, id_rule, id_scope, no_process) VALUES (1349, 'Seo-06051', '', '5.5.1', 10006051, 1.0, 'seo', 'org.asqatasun.rules.seo.SeoRule06051', NULL, 466, NULL, 3, NULL, 1, false);
INSERT INTO test (id_test, cd_test, description, label, rank, weight, rule_archive_name, rule_class_name, rule_design_url, id_criterion, id_decision_level, id_level, id_rule, id_scope, no_process) VALUES (1350, 'Seo-06052', '', '5.5.2', 10006052, 1.0, 'seo', 'org.asqatasun.rules.seo.SeoRule06052', NULL, 466, NULL, 3, NULL, 1, false);
INSERT INTO test (id_test, cd_test, description, label, rank, weight, rule_archive_name, rule_class_name, rule_design_url, id_criterion, id_decision_level, id_level, id_rule, id_scope, no_process) VALUES (1351, 'Seo-07011', '', '6.1.1', 10007011, 1.0, 'seo', 'org.asqatasun.rules.seo.SeoRule07011', NULL, 467, NULL, 1, NULL, 1, false);
INSERT INTO test (id_test, cd_test, description, label, rank, weight, rule_archive_name, rule_class_name, rule_design_url, id_criterion, id_decision_level, id_level, id_rule, id_scope, no_process) VALUES (1352, 'Seo-07012', '', '6.1.2', 10007012, 1.0, 'seo', 'org.asqatasun.rules.seo.SeoRule07012', NULL, 467, NULL, 1, NULL, 1, false);
INSERT INTO test (id_test, cd_test, description, label, rank, weight, rule_archive_name, rule_class_name, rule_design_url, id_criterion, id_decision_level, id_level, id_rule, id_scope, no_process) VALUES (1353, 'Seo-07021', '', '6.2.1', 10007021, 1.0, 'seo', 'org.asqatasun.rules.seo.SeoRule07021', NULL, 468, NULL, 2, NULL, 1, false);
INSERT INTO test (id_test, cd_test, description, label, rank, weight, rule_archive_name, rule_class_name, rule_design_url, id_criterion, id_decision_level, id_level, id_rule, id_scope, no_process) VALUES (1354, 'Seo-07051', '', '6.5.1', 10007051, 1.0, 'seo', 'org.asqatasun.rules.seo.SeoRule07051', NULL, 469, NULL, 2, NULL, 1, false);
INSERT INTO test (id_test, cd_test, description, label, rank, weight, rule_archive_name, rule_class_name, rule_design_url, id_criterion, id_decision_level, id_level, id_rule, id_scope, no_process) VALUES (1355, 'Seo-07061', '', '6.6.1', 10007061, 1.0, 'seo', 'org.asqatasun.rules.seo.SeoRule07061', NULL, 470, NULL, 1, NULL, 3, false);
INSERT INTO test (id_test, cd_test, description, label, rank, weight, rule_archive_name, rule_class_name, rule_design_url, id_criterion, id_decision_level, id_level, id_rule, id_scope, no_process) VALUES (1356, 'Seo-08011', '', '7.1.1', 10008011, 1.0, 'seo', 'org.asqatasun.rules.seo.SeoRule08011', NULL, 472, NULL, 3, NULL, 1, false);
INSERT INTO test (id_test, cd_test, description, label, rank, weight, rule_archive_name, rule_class_name, rule_design_url, id_criterion, id_decision_level, id_level, id_rule, id_scope, no_process) VALUES (1357, 'Seo-07013', '', '6.1.3', 10007013, 1.0, 'seo', 'org.asqatasun.rules.seo.SeoRule07013', NULL, 467, NULL, 1, NULL, 1, false);
INSERT INTO test (id_test, cd_test, description, label, rank, weight, rule_archive_name, rule_class_name, rule_design_url, id_criterion, id_decision_level, id_level, id_rule, id_scope, no_process) VALUES (1358, 'Seo-01071', '', '1.7.1', 10001071, 1.0, 'seo', 'org.asqatasun.rules.seo.SeoRule01071', NULL, 473, NULL, 2, NULL, 1, false);
INSERT INTO test (id_test, cd_test, description, label, rank, weight, rule_archive_name, rule_class_name, rule_design_url, id_criterion, id_decision_level, id_level, id_rule, id_scope, no_process) VALUES (1359, 'Seo-01081', '', '1.8.1', 10001081, 1.0, 'seo', 'org.asqatasun.rules.seo.SeoRule01081', NULL, 474, NULL, 3, NULL, 1, false);
INSERT INTO test (id_test, cd_test, description, label, rank, weight, rule_archive_name, rule_class_name, rule_design_url, id_criterion, id_decision_level, id_level, id_rule, id_scope, no_process) VALUES (1360, 'Rgaa40-1-1-1', '', '1.1.1', 1, 1.0, 'rgaa40', 'org.asqatasun.rules.rgaa40.Rgaa40Rule010101', 'https://doc.asqatasun.org/v5/en/Business-rules/RGAA-v4/01.Images/Rule-1-1-1/', 475, NULL, 1, NULL, 1, false);
INSERT INTO test (id_test, cd_test, description, label, rank, weight, rule_archive_name, rule_class_name, rule_design_url, id_criterion, id_decision_level, id_level, id_rule, id_scope, no_process) VALUES (1361, 'Rgaa40-1-1-2', '', '1.1.2', 2, 1.0, 'rgaa40', 'org.asqatasun.rules.rgaa40.Rgaa40Rule010102', 'https://doc.asqatasun.org/v5/en/Business-rules/RGAA-v4/01.Images/Rule-1-1-2/', 475, NULL, 1, NULL, 1, false);
INSERT INTO test (id_test, cd_test, description, label, rank, weight, rule_archive_name, rule_class_name, rule_design_url, id_criterion, id_decision_level, id_level, id_rule, id_scope, no_process) VALUES (1362, 'Rgaa40-1-1-3', '', '1.1.3', 3, 1.0, 'rgaa40', 'org.asqatasun.rules.rgaa40.Rgaa40Rule010103', 'https://doc.asqatasun.org/v5/en/Business-rules/RGAA-v4/01.Images/Rule-1-1-3/', 475, NULL, 1, NULL, 1, false);
INSERT INTO test (id_test, cd_test, description, label, rank, weight, rule_archive_name, rule_class_name, rule_design_url, id_criterion, id_decision_level, id_level, id_rule, id_scope, no_process) VALUES (1363, 'Rgaa40-1-1-4', '', '1.1.4', 4, 1.0, 'rgaa40', 'org.asqatasun.rules.rgaa40.Rgaa40Rule010104', 'https://doc.asqatasun.org/v5/en/Business-rules/RGAA-v4/01.Images/Rule-1-1-4/', 475, NULL, 1, NULL, 1, false);
INSERT INTO test (id_test, cd_test, description, label, rank, weight, rule_archive_name, rule_class_name, rule_design_url, id_criterion, id_decision_level, id_level, id_rule, id_scope, no_process) VALUES (1364, 'Rgaa40-1-1-5', '', '1.1.5', 5, 1.0, 'rgaa40', 'org.asqatasun.rules.rgaa40.Rgaa40Rule010105', 'https://doc.asqatasun.org/v5/en/Business-rules/RGAA-v4/01.Images/Rule-1-1-5/', 475, NULL, 1, NULL, 1, false);
INSERT INTO test (id_test, cd_test, description, label, rank, weight, rule_archive_name, rule_class_name, rule_design_url, id_criterion, id_decision_level, id_level, id_rule, id_scope, no_process) VALUES (1365, 'Rgaa40-1-1-6', '', '1.1.6', 6, 1.0, 'rgaa40', 'org.asqatasun.rules.rgaa40.Rgaa40Rule010106', 'https://doc.asqatasun.org/v5/en/Business-rules/RGAA-v4/01.Images/Rule-1-1-6/', 475, NULL, 1, NULL, 1, false);
INSERT INTO test (id_test, cd_test, description, label, rank, weight, rule_archive_name, rule_class_name, rule_design_url, id_criterion, id_decision_level, id_level, id_rule, id_scope, no_process) VALUES (1366, 'Rgaa40-1-1-7', '', '1.1.7', 7, 1.0, 'rgaa40', 'org.asqatasun.rules.rgaa40.Rgaa40Rule010107', 'https://doc.asqatasun.org/v5/en/Business-rules/RGAA-v4/01.Images/Rule-1-1-7/', 475, NULL, 1, NULL, 1, false);
INSERT INTO test (id_test, cd_test, description, label, rank, weight, rule_archive_name, rule_class_name, rule_design_url, id_criterion, id_decision_level, id_level, id_rule, id_scope, no_process) VALUES (1367, 'Rgaa40-1-1-8', '', '1.1.8', 8, 1.0, 'rgaa40', 'org.asqatasun.rules.rgaa40.Rgaa40Rule010108', 'https://doc.asqatasun.org/v5/en/Business-rules/RGAA-v4/01.Images/Rule-1-1-8/', 475, NULL, 1, NULL, 1, false);
INSERT INTO test (id_test, cd_test, description, label, rank, weight, rule_archive_name, rule_class_name, rule_design_url, id_criterion, id_decision_level, id_level, id_rule, id_scope, no_process) VALUES (1368, 'Rgaa40-1-2-1', '', '1.2.1', 9, 1.0, 'rgaa40', 'org.asqatasun.rules.rgaa40.Rgaa40Rule010201', 'https://doc.asqatasun.org/v5/en/Business-rules/RGAA-v4/01.Images/Rule-1-2-1/', 476, NULL, 1, NULL, 1, false);
INSERT INTO test (id_test, cd_test, description, label, rank, weight, rule_archive_name, rule_class_name, rule_design_url, id_criterion, id_decision_level, id_level, id_rule, id_scope, no_process) VALUES (1369, 'Rgaa40-1-2-2', '', '1.2.2', 10, 1.0, 'rgaa40', 'org.asqatasun.rules.rgaa40.Rgaa40Rule010202', 'https://doc.asqatasun.org/v5/en/Business-rules/RGAA-v4/01.Images/Rule-1-2-2/', 476, NULL, 1, NULL, 1, false);
INSERT INTO test (id_test, cd_test, description, label, rank, weight, rule_archive_name, rule_class_name, rule_design_url, id_criterion, id_decision_level, id_level, id_rule, id_scope, no_process) VALUES (1370, 'Rgaa40-1-2-3', '', '1.2.3', 11, 1.0, 'rgaa40', 'org.asqatasun.rules.rgaa40.Rgaa40Rule010203', 'https://doc.asqatasun.org/v5/en/Business-rules/RGAA-v4/01.Images/Rule-1-2-3/', 476, NULL, 1, NULL, 1, false);
INSERT INTO test (id_test, cd_test, description, label, rank, weight, rule_archive_name, rule_class_name, rule_design_url, id_criterion, id_decision_level, id_level, id_rule, id_scope, no_process) VALUES (1371, 'Rgaa40-1-2-4', '', '1.2.4', 12, 1.0, 'rgaa40', 'org.asqatasun.rules.rgaa40.Rgaa40Rule010204', 'https://doc.asqatasun.org/v5/en/Business-rules/RGAA-v4/01.Images/Rule-1-2-4/', 476, NULL, 1, NULL, 1, false);
INSERT INTO test (id_test, cd_test, description, label, rank, weight, rule_archive_name, rule_class_name, rule_design_url, id_criterion, id_decision_level, id_level, id_rule, id_scope, no_process) VALUES (1372, 'Rgaa40-1-2-5', '', '1.2.5', 13, 1.0, 'rgaa40', 'org.asqatasun.rules.rgaa40.Rgaa40Rule010205', 'https://doc.asqatasun.org/v5/en/Business-rules/RGAA-v4/01.Images/Rule-1-2-5/', 476, NULL, 1, NULL, 1, false);
INSERT INTO test (id_test, cd_test, description, label, rank, weight, rule_archive_name, rule_class_name, rule_design_url, id_criterion, id_decision_level, id_level, id_rule, id_scope, no_process) VALUES (1373, 'Rgaa40-1-2-6', '', '1.2.6', 14, 1.0, 'rgaa40', 'org.asqatasun.rules.rgaa40.Rgaa40Rule010206', 'https://doc.asqatasun.org/v5/en/Business-rules/RGAA-v4/01.Images/Rule-1-2-6/', 476, NULL, 1, NULL, 1, false);
INSERT INTO test (id_test, cd_test, description, label, rank, weight, rule_archive_name, rule_class_name, rule_design_url, id_criterion, id_decision_level, id_level, id_rule, id_scope, no_process) VALUES (1374, 'Rgaa40-1-3-1', '', '1.3.1', 15, 1.0, 'rgaa40', 'org.asqatasun.rules.rgaa40.Rgaa40Rule010301', 'https://doc.asqatasun.org/v5/en/Business-rules/RGAA-v4/01.Images/Rule-1-3-1/', 477, NULL, 1, NULL, 1, false);
INSERT INTO test (id_test, cd_test, description, label, rank, weight, rule_archive_name, rule_class_name, rule_design_url, id_criterion, id_decision_level, id_level, id_rule, id_scope, no_process) VALUES (1375, 'Rgaa40-1-3-2', '', '1.3.2', 16, 1.0, 'rgaa40', 'org.asqatasun.rules.rgaa40.Rgaa40Rule010302', 'https://doc.asqatasun.org/v5/en/Business-rules/RGAA-v4/01.Images/Rule-1-3-2/', 477, NULL, 1, NULL, 1, false);
INSERT INTO test (id_test, cd_test, description, label, rank, weight, rule_archive_name, rule_class_name, rule_design_url, id_criterion, id_decision_level, id_level, id_rule, id_scope, no_process) VALUES (1376, 'Rgaa40-1-3-3', '', '1.3.3', 17, 1.0, 'rgaa40', 'org.asqatasun.rules.rgaa40.Rgaa40Rule010303', 'https://doc.asqatasun.org/v5/en/Business-rules/RGAA-v4/01.Images/Rule-1-3-3/', 477, NULL, 1, NULL, 1, false);
INSERT INTO test (id_test, cd_test, description, label, rank, weight, rule_archive_name, rule_class_name, rule_design_url, id_criterion, id_decision_level, id_level, id_rule, id_scope, no_process) VALUES (1377, 'Rgaa40-1-3-4', '', '1.3.4', 18, 1.0, 'rgaa40', 'org.asqatasun.rules.rgaa40.Rgaa40Rule010304', 'https://doc.asqatasun.org/v5/en/Business-rules/RGAA-v4/01.Images/Rule-1-3-4/', 477, NULL, 1, NULL, 1, false);
INSERT INTO test (id_test, cd_test, description, label, rank, weight, rule_archive_name, rule_class_name, rule_design_url, id_criterion, id_decision_level, id_level, id_rule, id_scope, no_process) VALUES (1378, 'Rgaa40-1-3-5', '', '1.3.5', 19, 1.0, 'rgaa40', 'org.asqatasun.rules.rgaa40.Rgaa40Rule010305', 'https://doc.asqatasun.org/v5/en/Business-rules/RGAA-v4/01.Images/Rule-1-3-5/', 477, NULL, 1, NULL, 1, false);
INSERT INTO test (id_test, cd_test, description, label, rank, weight, rule_archive_name, rule_class_name, rule_design_url, id_criterion, id_decision_level, id_level, id_rule, id_scope, no_process) VALUES (1379, 'Rgaa40-1-3-6', '', '1.3.6', 20, 1.0, 'rgaa40', 'org.asqatasun.rules.rgaa40.Rgaa40Rule010306', 'https://doc.asqatasun.org/v5/en/Business-rules/RGAA-v4/01.Images/Rule-1-3-6/', 477, NULL, 1, NULL, 1, false);
INSERT INTO test (id_test, cd_test, description, label, rank, weight, rule_archive_name, rule_class_name, rule_design_url, id_criterion, id_decision_level, id_level, id_rule, id_scope, no_process) VALUES (1380, 'Rgaa40-1-3-7', '', '1.3.7', 21, 1.0, 'rgaa40', 'org.asqatasun.rules.rgaa40.Rgaa40Rule010307', 'https://doc.asqatasun.org/v5/en/Business-rules/RGAA-v4/01.Images/Rule-1-3-7/', 477, NULL, 1, NULL, 1, false);
INSERT INTO test (id_test, cd_test, description, label, rank, weight, rule_archive_name, rule_class_name, rule_design_url, id_criterion, id_decision_level, id_level, id_rule, id_scope, no_process) VALUES (1381, 'Rgaa40-1-3-8', '', '1.3.8', 22, 1.0, 'rgaa40', 'org.asqatasun.rules.rgaa40.Rgaa40Rule010308', 'https://doc.asqatasun.org/v5/en/Business-rules/RGAA-v4/01.Images/Rule-1-3-8/', 477, NULL, 1, NULL, 1, false);
INSERT INTO test (id_test, cd_test, description, label, rank, weight, rule_archive_name, rule_class_name, rule_design_url, id_criterion, id_decision_level, id_level, id_rule, id_scope, no_process) VALUES (1382, 'Rgaa40-1-3-9', '', '1.3.9', 23, 1.0, 'rgaa40', 'org.asqatasun.rules.rgaa40.Rgaa40Rule010309', 'https://doc.asqatasun.org/v5/en/Business-rules/RGAA-v4/01.Images/Rule-1-3-9/', 477, NULL, 1, NULL, 1, false);
INSERT INTO test (id_test, cd_test, description, label, rank, weight, rule_archive_name, rule_class_name, rule_design_url, id_criterion, id_decision_level, id_level, id_rule, id_scope, no_process) VALUES (1383, 'Rgaa40-1-4-1', '', '1.4.1', 24, 1.0, 'rgaa40', 'org.asqatasun.rules.rgaa40.Rgaa40Rule010401', 'https://doc.asqatasun.org/v5/en/Business-rules/RGAA-v4/01.Images/Rule-1-4-1/', 478, NULL, 1, NULL, 1, false);
INSERT INTO test (id_test, cd_test, description, label, rank, weight, rule_archive_name, rule_class_name, rule_design_url, id_criterion, id_decision_level, id_level, id_rule, id_scope, no_process) VALUES (1384, 'Rgaa40-1-4-2', '', '1.4.2', 25, 1.0, 'rgaa40', 'org.asqatasun.rules.rgaa40.Rgaa40Rule010402', 'https://doc.asqatasun.org/v5/en/Business-rules/RGAA-v4/01.Images/Rule-1-4-2/', 478, NULL, 1, NULL, 1, false);
INSERT INTO test (id_test, cd_test, description, label, rank, weight, rule_archive_name, rule_class_name, rule_design_url, id_criterion, id_decision_level, id_level, id_rule, id_scope, no_process) VALUES (1385, 'Rgaa40-1-4-3', '', '1.4.3', 26, 1.0, 'rgaa40', 'org.asqatasun.rules.rgaa40.Rgaa40Rule010403', 'https://doc.asqatasun.org/v5/en/Business-rules/RGAA-v4/01.Images/Rule-1-4-3/', 478, NULL, 1, NULL, 1, false);
INSERT INTO test (id_test, cd_test, description, label, rank, weight, rule_archive_name, rule_class_name, rule_design_url, id_criterion, id_decision_level, id_level, id_rule, id_scope, no_process) VALUES (1386, 'Rgaa40-1-4-4', '', '1.4.4', 27, 1.0, 'rgaa40', 'org.asqatasun.rules.rgaa40.Rgaa40Rule010404', 'https://doc.asqatasun.org/v5/en/Business-rules/RGAA-v4/01.Images/Rule-1-4-4/', 478, NULL, 1, NULL, 1, false);
INSERT INTO test (id_test, cd_test, description, label, rank, weight, rule_archive_name, rule_class_name, rule_design_url, id_criterion, id_decision_level, id_level, id_rule, id_scope, no_process) VALUES (1387, 'Rgaa40-1-4-5', '', '1.4.5', 28, 1.0, 'rgaa40', 'org.asqatasun.rules.rgaa40.Rgaa40Rule010405', 'https://doc.asqatasun.org/v5/en/Business-rules/RGAA-v4/01.Images/Rule-1-4-5/', 478, NULL, 1, NULL, 1, false);
INSERT INTO test (id_test, cd_test, description, label, rank, weight, rule_archive_name, rule_class_name, rule_design_url, id_criterion, id_decision_level, id_level, id_rule, id_scope, no_process) VALUES (1388, 'Rgaa40-1-4-6', '', '1.4.6', 29, 1.0, 'rgaa40', 'org.asqatasun.rules.rgaa40.Rgaa40Rule010406', 'https://doc.asqatasun.org/v5/en/Business-rules/RGAA-v4/01.Images/Rule-1-4-6/', 478, NULL, 1, NULL, 1, false);
INSERT INTO test (id_test, cd_test, description, label, rank, weight, rule_archive_name, rule_class_name, rule_design_url, id_criterion, id_decision_level, id_level, id_rule, id_scope, no_process) VALUES (1389, 'Rgaa40-1-4-7', '', '1.4.7', 30, 1.0, 'rgaa40', 'org.asqatasun.rules.rgaa40.Rgaa40Rule010407', 'https://doc.asqatasun.org/v5/en/Business-rules/RGAA-v4/01.Images/Rule-1-4-7/', 478, NULL, 1, NULL, 1, false);
INSERT INTO test (id_test, cd_test, description, label, rank, weight, rule_archive_name, rule_class_name, rule_design_url, id_criterion, id_decision_level, id_level, id_rule, id_scope, no_process) VALUES (1390, 'Rgaa40-1-5-1', '', '1.5.1', 31, 1.0, 'rgaa40', 'org.asqatasun.rules.rgaa40.Rgaa40Rule010501', 'https://doc.asqatasun.org/v5/en/Business-rules/RGAA-v4/01.Images/Rule-1-5-1/', 479, NULL, 1, NULL, 1, false);
INSERT INTO test (id_test, cd_test, description, label, rank, weight, rule_archive_name, rule_class_name, rule_design_url, id_criterion, id_decision_level, id_level, id_rule, id_scope, no_process) VALUES (1391, 'Rgaa40-1-5-2', '', '1.5.2', 32, 1.0, 'rgaa40', 'org.asqatasun.rules.rgaa40.Rgaa40Rule010502', 'https://doc.asqatasun.org/v5/en/Business-rules/RGAA-v4/01.Images/Rule-1-5-2/', 479, NULL, 1, NULL, 1, false);
INSERT INTO test (id_test, cd_test, description, label, rank, weight, rule_archive_name, rule_class_name, rule_design_url, id_criterion, id_decision_level, id_level, id_rule, id_scope, no_process) VALUES (1392, 'Rgaa40-1-6-1', '', '1.6.1', 33, 1.0, 'rgaa40', 'org.asqatasun.rules.rgaa40.Rgaa40Rule010601', 'https://doc.asqatasun.org/v5/en/Business-rules/RGAA-v4/01.Images/Rule-1-6-1/', 480, NULL, 1, NULL, 1, false);
INSERT INTO test (id_test, cd_test, description, label, rank, weight, rule_archive_name, rule_class_name, rule_design_url, id_criterion, id_decision_level, id_level, id_rule, id_scope, no_process) VALUES (1393, 'Rgaa40-1-6-2', '', '1.6.2', 34, 1.0, 'rgaa40', 'org.asqatasun.rules.rgaa40.Rgaa40Rule010602', 'https://doc.asqatasun.org/v5/en/Business-rules/RGAA-v4/01.Images/Rule-1-6-2/', 480, NULL, 1, NULL, 1, false);
INSERT INTO test (id_test, cd_test, description, label, rank, weight, rule_archive_name, rule_class_name, rule_design_url, id_criterion, id_decision_level, id_level, id_rule, id_scope, no_process) VALUES (1394, 'Rgaa40-1-6-3', '', '1.6.3', 35, 1.0, 'rgaa40', 'org.asqatasun.rules.rgaa40.Rgaa40Rule010603', 'https://doc.asqatasun.org/v5/en/Business-rules/RGAA-v4/01.Images/Rule-1-6-3/', 480, NULL, 1, NULL, 1, false);
INSERT INTO test (id_test, cd_test, description, label, rank, weight, rule_archive_name, rule_class_name, rule_design_url, id_criterion, id_decision_level, id_level, id_rule, id_scope, no_process) VALUES (1395, 'Rgaa40-1-6-4', '', '1.6.4', 36, 1.0, 'rgaa40', 'org.asqatasun.rules.rgaa40.Rgaa40Rule010604', 'https://doc.asqatasun.org/v5/en/Business-rules/RGAA-v4/01.Images/Rule-1-6-4/', 480, NULL, 1, NULL, 1, false);
INSERT INTO test (id_test, cd_test, description, label, rank, weight, rule_archive_name, rule_class_name, rule_design_url, id_criterion, id_decision_level, id_level, id_rule, id_scope, no_process) VALUES (1396, 'Rgaa40-1-6-5', '', '1.6.5', 37, 1.0, 'rgaa40', 'org.asqatasun.rules.rgaa40.Rgaa40Rule010605', 'https://doc.asqatasun.org/v5/en/Business-rules/RGAA-v4/01.Images/Rule-1-6-5/', 480, NULL, 1, NULL, 1, false);
INSERT INTO test (id_test, cd_test, description, label, rank, weight, rule_archive_name, rule_class_name, rule_design_url, id_criterion, id_decision_level, id_level, id_rule, id_scope, no_process) VALUES (1397, 'Rgaa40-1-6-6', '', '1.6.6', 38, 1.0, 'rgaa40', 'org.asqatasun.rules.rgaa40.Rgaa40Rule010606', 'https://doc.asqatasun.org/v5/en/Business-rules/RGAA-v4/01.Images/Rule-1-6-6/', 480, NULL, 1, NULL, 1, false);
INSERT INTO test (id_test, cd_test, description, label, rank, weight, rule_archive_name, rule_class_name, rule_design_url, id_criterion, id_decision_level, id_level, id_rule, id_scope, no_process) VALUES (1398, 'Rgaa40-1-6-7', '', '1.6.7', 39, 1.0, 'rgaa40', 'org.asqatasun.rules.rgaa40.Rgaa40Rule010607', 'https://doc.asqatasun.org/v5/en/Business-rules/RGAA-v4/01.Images/Rule-1-6-7/', 480, NULL, 1, NULL, 1, false);
INSERT INTO test (id_test, cd_test, description, label, rank, weight, rule_archive_name, rule_class_name, rule_design_url, id_criterion, id_decision_level, id_level, id_rule, id_scope, no_process) VALUES (1399, 'Rgaa40-1-6-8', '', '1.6.8', 40, 1.0, 'rgaa40', 'org.asqatasun.rules.rgaa40.Rgaa40Rule010608', 'https://doc.asqatasun.org/v5/en/Business-rules/RGAA-v4/01.Images/Rule-1-6-8/', 480, NULL, 1, NULL, 1, false);
INSERT INTO test (id_test, cd_test, description, label, rank, weight, rule_archive_name, rule_class_name, rule_design_url, id_criterion, id_decision_level, id_level, id_rule, id_scope, no_process) VALUES (1400, 'Rgaa40-1-6-9', '', '1.6.9', 41, 1.0, 'rgaa40', 'org.asqatasun.rules.rgaa40.Rgaa40Rule010609', 'https://doc.asqatasun.org/v5/en/Business-rules/RGAA-v4/01.Images/Rule-1-6-9/', 480, NULL, 1, NULL, 1, false);
INSERT INTO test (id_test, cd_test, description, label, rank, weight, rule_archive_name, rule_class_name, rule_design_url, id_criterion, id_decision_level, id_level, id_rule, id_scope, no_process) VALUES (1401, 'Rgaa40-1-6-10', '', '1.6.10', 42, 1.0, 'rgaa40', 'org.asqatasun.rules.rgaa40.Rgaa40Rule010610', 'https://doc.asqatasun.org/v5/en/Business-rules/RGAA-v4/01.Images/Rule-1-6-10/', 480, NULL, 1, NULL, 1, false);
INSERT INTO test (id_test, cd_test, description, label, rank, weight, rule_archive_name, rule_class_name, rule_design_url, id_criterion, id_decision_level, id_level, id_rule, id_scope, no_process) VALUES (1402, 'Rgaa40-1-7-1', '', '1.7.1', 43, 1.0, 'rgaa40', 'org.asqatasun.rules.rgaa40.Rgaa40Rule010701', 'https://doc.asqatasun.org/v5/en/Business-rules/RGAA-v4/01.Images/Rule-1-7-1/', 481, NULL, 1, NULL, 1, false);
INSERT INTO test (id_test, cd_test, description, label, rank, weight, rule_archive_name, rule_class_name, rule_design_url, id_criterion, id_decision_level, id_level, id_rule, id_scope, no_process) VALUES (1403, 'Rgaa40-1-7-2', '', '1.7.2', 44, 1.0, 'rgaa40', 'org.asqatasun.rules.rgaa40.Rgaa40Rule010702', 'https://doc.asqatasun.org/v5/en/Business-rules/RGAA-v4/01.Images/Rule-1-7-2/', 481, NULL, 1, NULL, 1, false);
INSERT INTO test (id_test, cd_test, description, label, rank, weight, rule_archive_name, rule_class_name, rule_design_url, id_criterion, id_decision_level, id_level, id_rule, id_scope, no_process) VALUES (1404, 'Rgaa40-1-7-3', '', '1.7.3', 45, 1.0, 'rgaa40', 'org.asqatasun.rules.rgaa40.Rgaa40Rule010703', 'https://doc.asqatasun.org/v5/en/Business-rules/RGAA-v4/01.Images/Rule-1-7-3/', 481, NULL, 1, NULL, 1, false);
INSERT INTO test (id_test, cd_test, description, label, rank, weight, rule_archive_name, rule_class_name, rule_design_url, id_criterion, id_decision_level, id_level, id_rule, id_scope, no_process) VALUES (1405, 'Rgaa40-1-7-4', '', '1.7.4', 46, 1.0, 'rgaa40', 'org.asqatasun.rules.rgaa40.Rgaa40Rule010704', 'https://doc.asqatasun.org/v5/en/Business-rules/RGAA-v4/01.Images/Rule-1-7-4/', 481, NULL, 1, NULL, 1, false);
INSERT INTO test (id_test, cd_test, description, label, rank, weight, rule_archive_name, rule_class_name, rule_design_url, id_criterion, id_decision_level, id_level, id_rule, id_scope, no_process) VALUES (1406, 'Rgaa40-1-7-5', '', '1.7.5', 47, 1.0, 'rgaa40', 'org.asqatasun.rules.rgaa40.Rgaa40Rule010705', 'https://doc.asqatasun.org/v5/en/Business-rules/RGAA-v4/01.Images/Rule-1-7-5/', 481, NULL, 1, NULL, 1, false);
INSERT INTO test (id_test, cd_test, description, label, rank, weight, rule_archive_name, rule_class_name, rule_design_url, id_criterion, id_decision_level, id_level, id_rule, id_scope, no_process) VALUES (1407, 'Rgaa40-1-7-6', '', '1.7.6', 48, 1.0, 'rgaa40', 'org.asqatasun.rules.rgaa40.Rgaa40Rule010706', 'https://doc.asqatasun.org/v5/en/Business-rules/RGAA-v4/01.Images/Rule-1-7-6/', 481, NULL, 1, NULL, 1, false);
INSERT INTO test (id_test, cd_test, description, label, rank, weight, rule_archive_name, rule_class_name, rule_design_url, id_criterion, id_decision_level, id_level, id_rule, id_scope, no_process) VALUES (1408, 'Rgaa40-1-8-1', '', '1.8.1', 49, 1.0, 'rgaa40', 'org.asqatasun.rules.rgaa40.Rgaa40Rule010801', 'https://doc.asqatasun.org/v5/en/Business-rules/RGAA-v4/01.Images/Rule-1-8-1/', 482, NULL, 2, NULL, 1, false);
INSERT INTO test (id_test, cd_test, description, label, rank, weight, rule_archive_name, rule_class_name, rule_design_url, id_criterion, id_decision_level, id_level, id_rule, id_scope, no_process) VALUES (1409, 'Rgaa40-1-8-2', '', '1.8.2', 50, 1.0, 'rgaa40', 'org.asqatasun.rules.rgaa40.Rgaa40Rule010802', 'https://doc.asqatasun.org/v5/en/Business-rules/RGAA-v4/01.Images/Rule-1-8-2/', 482, NULL, 2, NULL, 1, false);
INSERT INTO test (id_test, cd_test, description, label, rank, weight, rule_archive_name, rule_class_name, rule_design_url, id_criterion, id_decision_level, id_level, id_rule, id_scope, no_process) VALUES (1410, 'Rgaa40-1-8-3', '', '1.8.3', 51, 1.0, 'rgaa40', 'org.asqatasun.rules.rgaa40.Rgaa40Rule010803', 'https://doc.asqatasun.org/v5/en/Business-rules/RGAA-v4/01.Images/Rule-1-8-3/', 482, NULL, 2, NULL, 1, false);
INSERT INTO test (id_test, cd_test, description, label, rank, weight, rule_archive_name, rule_class_name, rule_design_url, id_criterion, id_decision_level, id_level, id_rule, id_scope, no_process) VALUES (1411, 'Rgaa40-1-8-4', '', '1.8.4', 52, 1.0, 'rgaa40', 'org.asqatasun.rules.rgaa40.Rgaa40Rule010804', 'https://doc.asqatasun.org/v5/en/Business-rules/RGAA-v4/01.Images/Rule-1-8-4/', 482, NULL, 2, NULL, 1, false);
INSERT INTO test (id_test, cd_test, description, label, rank, weight, rule_archive_name, rule_class_name, rule_design_url, id_criterion, id_decision_level, id_level, id_rule, id_scope, no_process) VALUES (1412, 'Rgaa40-1-8-5', '', '1.8.5', 53, 1.0, 'rgaa40', 'org.asqatasun.rules.rgaa40.Rgaa40Rule010805', 'https://doc.asqatasun.org/v5/en/Business-rules/RGAA-v4/01.Images/Rule-1-8-5/', 482, NULL, 2, NULL, 1, false);
INSERT INTO test (id_test, cd_test, description, label, rank, weight, rule_archive_name, rule_class_name, rule_design_url, id_criterion, id_decision_level, id_level, id_rule, id_scope, no_process) VALUES (1413, 'Rgaa40-1-9-1', '', '1.9.1', 54, 1.0, 'rgaa40', 'org.asqatasun.rules.rgaa40.Rgaa40Rule010901', 'https://doc.asqatasun.org/v5/en/Business-rules/RGAA-v4/01.Images/Rule-1-9-1/', 483, NULL, 1, NULL, 1, false);
INSERT INTO test (id_test, cd_test, description, label, rank, weight, rule_archive_name, rule_class_name, rule_design_url, id_criterion, id_decision_level, id_level, id_rule, id_scope, no_process) VALUES (1414, 'Rgaa40-1-9-2', '', '1.9.2', 55, 1.0, 'rgaa40', 'org.asqatasun.rules.rgaa40.Rgaa40Rule010902', 'https://doc.asqatasun.org/v5/en/Business-rules/RGAA-v4/01.Images/Rule-1-9-2/', 483, NULL, 1, NULL, 1, false);
INSERT INTO test (id_test, cd_test, description, label, rank, weight, rule_archive_name, rule_class_name, rule_design_url, id_criterion, id_decision_level, id_level, id_rule, id_scope, no_process) VALUES (1415, 'Rgaa40-1-9-3', '', '1.9.3', 56, 1.0, 'rgaa40', 'org.asqatasun.rules.rgaa40.Rgaa40Rule010903', 'https://doc.asqatasun.org/v5/en/Business-rules/RGAA-v4/01.Images/Rule-1-9-3/', 483, NULL, 1, NULL, 1, false);
INSERT INTO test (id_test, cd_test, description, label, rank, weight, rule_archive_name, rule_class_name, rule_design_url, id_criterion, id_decision_level, id_level, id_rule, id_scope, no_process) VALUES (1416, 'Rgaa40-1-9-4', '', '1.9.4', 57, 1.0, 'rgaa40', 'org.asqatasun.rules.rgaa40.Rgaa40Rule010904', 'https://doc.asqatasun.org/v5/en/Business-rules/RGAA-v4/01.Images/Rule-1-9-4/', 483, NULL, 1, NULL, 1, false);
INSERT INTO test (id_test, cd_test, description, label, rank, weight, rule_archive_name, rule_class_name, rule_design_url, id_criterion, id_decision_level, id_level, id_rule, id_scope, no_process) VALUES (1417, 'Rgaa40-1-9-5', '', '1.9.5', 58, 1.0, 'rgaa40', 'org.asqatasun.rules.rgaa40.Rgaa40Rule010905', 'https://doc.asqatasun.org/v5/en/Business-rules/RGAA-v4/01.Images/Rule-1-9-5/', 483, NULL, 1, NULL, 1, false);
INSERT INTO test (id_test, cd_test, description, label, rank, weight, rule_archive_name, rule_class_name, rule_design_url, id_criterion, id_decision_level, id_level, id_rule, id_scope, no_process) VALUES (1418, 'Rgaa40-2-1-1', '', '2.1.1', 59, 1.0, 'rgaa40', 'org.asqatasun.rules.rgaa40.Rgaa40Rule020101', 'https://doc.asqatasun.org/v5/en/Business-rules/RGAA-v4/02.Frames/Rule-2-1-1/', 484, NULL, 1, NULL, 1, false);
INSERT INTO test (id_test, cd_test, description, label, rank, weight, rule_archive_name, rule_class_name, rule_design_url, id_criterion, id_decision_level, id_level, id_rule, id_scope, no_process) VALUES (1419, 'Rgaa40-2-2-1', '', '2.2.1', 60, 1.0, 'rgaa40', 'org.asqatasun.rules.rgaa40.Rgaa40Rule020201', 'https://doc.asqatasun.org/v5/en/Business-rules/RGAA-v4/02.Frames/Rule-2-2-1/', 485, NULL, 1, NULL, 1, false);
INSERT INTO test (id_test, cd_test, description, label, rank, weight, rule_archive_name, rule_class_name, rule_design_url, id_criterion, id_decision_level, id_level, id_rule, id_scope, no_process) VALUES (1420, 'Rgaa40-3-1-1', '', '3.1.1', 61, 1.0, 'rgaa40', 'org.asqatasun.rules.rgaa40.Rgaa40Rule030101', 'https://doc.asqatasun.org/v5/en/Business-rules/RGAA-v4/03.Colours/Rule-3-1-1/', 486, NULL, 1, NULL, 1, false);
INSERT INTO test (id_test, cd_test, description, label, rank, weight, rule_archive_name, rule_class_name, rule_design_url, id_criterion, id_decision_level, id_level, id_rule, id_scope, no_process) VALUES (1421, 'Rgaa40-3-1-2', '', '3.1.2', 62, 1.0, 'rgaa40', 'org.asqatasun.rules.rgaa40.Rgaa40Rule030102', 'https://doc.asqatasun.org/v5/en/Business-rules/RGAA-v4/03.Colours/Rule-3-1-2/', 486, NULL, 1, NULL, 1, false);
INSERT INTO test (id_test, cd_test, description, label, rank, weight, rule_archive_name, rule_class_name, rule_design_url, id_criterion, id_decision_level, id_level, id_rule, id_scope, no_process) VALUES (1422, 'Rgaa40-3-1-3', '', '3.1.3', 63, 1.0, 'rgaa40', 'org.asqatasun.rules.rgaa40.Rgaa40Rule030103', 'https://doc.asqatasun.org/v5/en/Business-rules/RGAA-v4/03.Colours/Rule-3-1-3/', 486, NULL, 1, NULL, 1, false);
INSERT INTO test (id_test, cd_test, description, label, rank, weight, rule_archive_name, rule_class_name, rule_design_url, id_criterion, id_decision_level, id_level, id_rule, id_scope, no_process) VALUES (1423, 'Rgaa40-3-1-4', '', '3.1.4', 64, 1.0, 'rgaa40', 'org.asqatasun.rules.rgaa40.Rgaa40Rule030104', 'https://doc.asqatasun.org/v5/en/Business-rules/RGAA-v4/03.Colours/Rule-3-1-4/', 486, NULL, 1, NULL, 1, false);
INSERT INTO test (id_test, cd_test, description, label, rank, weight, rule_archive_name, rule_class_name, rule_design_url, id_criterion, id_decision_level, id_level, id_rule, id_scope, no_process) VALUES (1424, 'Rgaa40-3-1-5', '', '3.1.5', 65, 1.0, 'rgaa40', 'org.asqatasun.rules.rgaa40.Rgaa40Rule030105', 'https://doc.asqatasun.org/v5/en/Business-rules/RGAA-v4/03.Colours/Rule-3-1-5/', 486, NULL, 1, NULL, 1, false);
INSERT INTO test (id_test, cd_test, description, label, rank, weight, rule_archive_name, rule_class_name, rule_design_url, id_criterion, id_decision_level, id_level, id_rule, id_scope, no_process) VALUES (1425, 'Rgaa40-3-1-6', '', '3.1.6', 66, 1.0, 'rgaa40', 'org.asqatasun.rules.rgaa40.Rgaa40Rule030106', 'https://doc.asqatasun.org/v5/en/Business-rules/RGAA-v4/03.Colours/Rule-3-1-6/', 486, NULL, 1, NULL, 1, false);
INSERT INTO test (id_test, cd_test, description, label, rank, weight, rule_archive_name, rule_class_name, rule_design_url, id_criterion, id_decision_level, id_level, id_rule, id_scope, no_process) VALUES (1426, 'Rgaa40-3-2-1', '', '3.2.1', 67, 1.0, 'rgaa40', 'org.asqatasun.rules.rgaa40.Rgaa40Rule030201', 'https://doc.asqatasun.org/v5/en/Business-rules/RGAA-v4/03.Colours/Rule-3-2-1/', 487, NULL, 2, NULL, 1, false);
INSERT INTO test (id_test, cd_test, description, label, rank, weight, rule_archive_name, rule_class_name, rule_design_url, id_criterion, id_decision_level, id_level, id_rule, id_scope, no_process) VALUES (1427, 'Rgaa40-3-2-2', '', '3.2.2', 68, 1.0, 'rgaa40', 'org.asqatasun.rules.rgaa40.Rgaa40Rule030202', 'https://doc.asqatasun.org/v5/en/Business-rules/RGAA-v4/03.Colours/Rule-3-2-2/', 487, NULL, 2, NULL, 1, false);
INSERT INTO test (id_test, cd_test, description, label, rank, weight, rule_archive_name, rule_class_name, rule_design_url, id_criterion, id_decision_level, id_level, id_rule, id_scope, no_process) VALUES (1428, 'Rgaa40-3-2-3', '', '3.2.3', 69, 1.0, 'rgaa40', 'org.asqatasun.rules.rgaa40.Rgaa40Rule030203', 'https://doc.asqatasun.org/v5/en/Business-rules/RGAA-v4/03.Colours/Rule-3-2-3/', 487, NULL, 2, NULL, 1, false);
INSERT INTO test (id_test, cd_test, description, label, rank, weight, rule_archive_name, rule_class_name, rule_design_url, id_criterion, id_decision_level, id_level, id_rule, id_scope, no_process) VALUES (1429, 'Rgaa40-3-2-4', '', '3.2.4', 70, 1.0, 'rgaa40', 'org.asqatasun.rules.rgaa40.Rgaa40Rule030204', 'https://doc.asqatasun.org/v5/en/Business-rules/RGAA-v4/03.Colours/Rule-3-2-4/', 487, NULL, 2, NULL, 1, false);
INSERT INTO test (id_test, cd_test, description, label, rank, weight, rule_archive_name, rule_class_name, rule_design_url, id_criterion, id_decision_level, id_level, id_rule, id_scope, no_process) VALUES (1430, 'Rgaa40-3-2-5', '', '3.2.5', 71, 1.0, 'rgaa40', 'org.asqatasun.rules.rgaa40.Rgaa40Rule030205', 'https://doc.asqatasun.org/v5/en/Business-rules/RGAA-v4/03.Colours/Rule-3-2-5/', 487, NULL, 2, NULL, 1, false);
INSERT INTO test (id_test, cd_test, description, label, rank, weight, rule_archive_name, rule_class_name, rule_design_url, id_criterion, id_decision_level, id_level, id_rule, id_scope, no_process) VALUES (1431, 'Rgaa40-3-3-1', '', '3.3.1', 72, 1.0, 'rgaa40', 'org.asqatasun.rules.rgaa40.Rgaa40Rule030301', 'https://doc.asqatasun.org/v5/en/Business-rules/RGAA-v4/03.Colours/Rule-3-3-1/', 488, NULL, 2, NULL, 1, false);
INSERT INTO test (id_test, cd_test, description, label, rank, weight, rule_archive_name, rule_class_name, rule_design_url, id_criterion, id_decision_level, id_level, id_rule, id_scope, no_process) VALUES (1432, 'Rgaa40-3-3-2', '', '3.3.2', 73, 1.0, 'rgaa40', 'org.asqatasun.rules.rgaa40.Rgaa40Rule030302', 'https://doc.asqatasun.org/v5/en/Business-rules/RGAA-v4/03.Colours/Rule-3-3-2/', 488, NULL, 2, NULL, 1, false);
INSERT INTO test (id_test, cd_test, description, label, rank, weight, rule_archive_name, rule_class_name, rule_design_url, id_criterion, id_decision_level, id_level, id_rule, id_scope, no_process) VALUES (1433, 'Rgaa40-3-3-3', '', '3.3.3', 74, 1.0, 'rgaa40', 'org.asqatasun.rules.rgaa40.Rgaa40Rule030303', 'https://doc.asqatasun.org/v5/en/Business-rules/RGAA-v4/03.Colours/Rule-3-3-3/', 488, NULL, 2, NULL, 1, false);
INSERT INTO test (id_test, cd_test, description, label, rank, weight, rule_archive_name, rule_class_name, rule_design_url, id_criterion, id_decision_level, id_level, id_rule, id_scope, no_process) VALUES (1434, 'Rgaa40-3-3-4', '', '3.3.4', 75, 1.0, 'rgaa40', 'org.asqatasun.rules.rgaa40.Rgaa40Rule030304', 'https://doc.asqatasun.org/v5/en/Business-rules/RGAA-v4/03.Colours/Rule-3-3-4/', 488, NULL, 2, NULL, 1, false);
INSERT INTO test (id_test, cd_test, description, label, rank, weight, rule_archive_name, rule_class_name, rule_design_url, id_criterion, id_decision_level, id_level, id_rule, id_scope, no_process) VALUES (1435, 'Rgaa40-4-1-1', '', '4.1.1', 76, 1.0, 'rgaa40', 'org.asqatasun.rules.rgaa40.Rgaa40Rule040101', 'https://doc.asqatasun.org/v5/en/Business-rules/RGAA-v4/04.Multimedia/Rule-4-1-1/', 489, NULL, 1, NULL, 1, false);
INSERT INTO test (id_test, cd_test, description, label, rank, weight, rule_archive_name, rule_class_name, rule_design_url, id_criterion, id_decision_level, id_level, id_rule, id_scope, no_process) VALUES (1436, 'Rgaa40-4-1-2', '', '4.1.2', 77, 1.0, 'rgaa40', 'org.asqatasun.rules.rgaa40.Rgaa40Rule040102', 'https://doc.asqatasun.org/v5/en/Business-rules/RGAA-v4/04.Multimedia/Rule-4-1-2/', 489, NULL, 1, NULL, 1, false);
INSERT INTO test (id_test, cd_test, description, label, rank, weight, rule_archive_name, rule_class_name, rule_design_url, id_criterion, id_decision_level, id_level, id_rule, id_scope, no_process) VALUES (1437, 'Rgaa40-4-1-3', '', '4.1.3', 78, 1.0, 'rgaa40', 'org.asqatasun.rules.rgaa40.Rgaa40Rule040103', 'https://doc.asqatasun.org/v5/en/Business-rules/RGAA-v4/04.Multimedia/Rule-4-1-3/', 489, NULL, 1, NULL, 1, false);
INSERT INTO test (id_test, cd_test, description, label, rank, weight, rule_archive_name, rule_class_name, rule_design_url, id_criterion, id_decision_level, id_level, id_rule, id_scope, no_process) VALUES (1438, 'Rgaa40-4-2-1', '', '4.2.1', 79, 1.0, 'rgaa40', 'org.asqatasun.rules.rgaa40.Rgaa40Rule040201', 'https://doc.asqatasun.org/v5/en/Business-rules/RGAA-v4/04.Multimedia/Rule-4-2-1/', 490, NULL, 1, NULL, 1, false);
INSERT INTO test (id_test, cd_test, description, label, rank, weight, rule_archive_name, rule_class_name, rule_design_url, id_criterion, id_decision_level, id_level, id_rule, id_scope, no_process) VALUES (1439, 'Rgaa40-4-2-2', '', '4.2.2', 80, 1.0, 'rgaa40', 'org.asqatasun.rules.rgaa40.Rgaa40Rule040202', 'https://doc.asqatasun.org/v5/en/Business-rules/RGAA-v4/04.Multimedia/Rule-4-2-2/', 490, NULL, 1, NULL, 1, false);
INSERT INTO test (id_test, cd_test, description, label, rank, weight, rule_archive_name, rule_class_name, rule_design_url, id_criterion, id_decision_level, id_level, id_rule, id_scope, no_process) VALUES (1440, 'Rgaa40-4-2-3', '', '4.2.3', 81, 1.0, 'rgaa40', 'org.asqatasun.rules.rgaa40.Rgaa40Rule040203', 'https://doc.asqatasun.org/v5/en/Business-rules/RGAA-v4/04.Multimedia/Rule-4-2-3/', 490, NULL, 1, NULL, 1, false);
INSERT INTO test (id_test, cd_test, description, label, rank, weight, rule_archive_name, rule_class_name, rule_design_url, id_criterion, id_decision_level, id_level, id_rule, id_scope, no_process) VALUES (1441, 'Rgaa40-4-3-1', '', '4.3.1', 82, 1.0, 'rgaa40', 'org.asqatasun.rules.rgaa40.Rgaa40Rule040301', 'https://doc.asqatasun.org/v5/en/Business-rules/RGAA-v4/04.Multimedia/Rule-4-3-1/', 491, NULL, 1, NULL, 1, false);
INSERT INTO test (id_test, cd_test, description, label, rank, weight, rule_archive_name, rule_class_name, rule_design_url, id_criterion, id_decision_level, id_level, id_rule, id_scope, no_process) VALUES (1442, 'Rgaa40-4-3-2', '', '4.3.2', 83, 1.0, 'rgaa40', 'org.asqatasun.rules.rgaa40.Rgaa40Rule040302', 'https://doc.asqatasun.org/v5/en/Business-rules/RGAA-v4/04.Multimedia/Rule-4-3-2/', 491, NULL, 1, NULL, 1, false);
INSERT INTO test (id_test, cd_test, description, label, rank, weight, rule_archive_name, rule_class_name, rule_design_url, id_criterion, id_decision_level, id_level, id_rule, id_scope, no_process) VALUES (1443, 'Rgaa40-4-4-1', '', '4.4.1', 84, 1.0, 'rgaa40', 'org.asqatasun.rules.rgaa40.Rgaa40Rule040401', 'https://doc.asqatasun.org/v5/en/Business-rules/RGAA-v4/04.Multimedia/Rule-4-4-1/', 492, NULL, 1, NULL, 1, false);
INSERT INTO test (id_test, cd_test, description, label, rank, weight, rule_archive_name, rule_class_name, rule_design_url, id_criterion, id_decision_level, id_level, id_rule, id_scope, no_process) VALUES (1444, 'Rgaa40-4-5-1', '', '4.5.1', 85, 1.0, 'rgaa40', 'org.asqatasun.rules.rgaa40.Rgaa40Rule040501', 'https://doc.asqatasun.org/v5/en/Business-rules/RGAA-v4/04.Multimedia/Rule-4-5-1/', 493, NULL, 2, NULL, 1, false);
INSERT INTO test (id_test, cd_test, description, label, rank, weight, rule_archive_name, rule_class_name, rule_design_url, id_criterion, id_decision_level, id_level, id_rule, id_scope, no_process) VALUES (1445, 'Rgaa40-4-5-2', '', '4.5.2', 86, 1.0, 'rgaa40', 'org.asqatasun.rules.rgaa40.Rgaa40Rule040502', 'https://doc.asqatasun.org/v5/en/Business-rules/RGAA-v4/04.Multimedia/Rule-4-5-2/', 493, NULL, 2, NULL, 1, false);
INSERT INTO test (id_test, cd_test, description, label, rank, weight, rule_archive_name, rule_class_name, rule_design_url, id_criterion, id_decision_level, id_level, id_rule, id_scope, no_process) VALUES (1446, 'Rgaa40-4-6-1', '', '4.6.1', 87, 1.0, 'rgaa40', 'org.asqatasun.rules.rgaa40.Rgaa40Rule040601', 'https://doc.asqatasun.org/v5/en/Business-rules/RGAA-v4/04.Multimedia/Rule-4-6-1/', 494, NULL, 2, NULL, 1, false);
INSERT INTO test (id_test, cd_test, description, label, rank, weight, rule_archive_name, rule_class_name, rule_design_url, id_criterion, id_decision_level, id_level, id_rule, id_scope, no_process) VALUES (1447, 'Rgaa40-4-6-2', '', '4.6.2', 88, 1.0, 'rgaa40', 'org.asqatasun.rules.rgaa40.Rgaa40Rule040602', 'https://doc.asqatasun.org/v5/en/Business-rules/RGAA-v4/04.Multimedia/Rule-4-6-2/', 494, NULL, 2, NULL, 1, false);
INSERT INTO test (id_test, cd_test, description, label, rank, weight, rule_archive_name, rule_class_name, rule_design_url, id_criterion, id_decision_level, id_level, id_rule, id_scope, no_process) VALUES (1448, 'Rgaa40-4-7-1', '', '4.7.1', 89, 1.0, 'rgaa40', 'org.asqatasun.rules.rgaa40.Rgaa40Rule040701', 'https://doc.asqatasun.org/v5/en/Business-rules/RGAA-v4/04.Multimedia/Rule-4-7-1/', 495, NULL, 1, NULL, 1, false);
INSERT INTO test (id_test, cd_test, description, label, rank, weight, rule_archive_name, rule_class_name, rule_design_url, id_criterion, id_decision_level, id_level, id_rule, id_scope, no_process) VALUES (1449, 'Rgaa40-4-8-1', '', '4.8.1', 90, 1.0, 'rgaa40', 'org.asqatasun.rules.rgaa40.Rgaa40Rule040801', 'https://doc.asqatasun.org/v5/en/Business-rules/RGAA-v4/04.Multimedia/Rule-4-8-1/', 496, NULL, 1, NULL, 1, false);
INSERT INTO test (id_test, cd_test, description, label, rank, weight, rule_archive_name, rule_class_name, rule_design_url, id_criterion, id_decision_level, id_level, id_rule, id_scope, no_process) VALUES (1450, 'Rgaa40-4-8-2', '', '4.8.2', 91, 1.0, 'rgaa40', 'org.asqatasun.rules.rgaa40.Rgaa40Rule040802', 'https://doc.asqatasun.org/v5/en/Business-rules/RGAA-v4/04.Multimedia/Rule-4-8-2/', 496, NULL, 1, NULL, 1, false);
INSERT INTO test (id_test, cd_test, description, label, rank, weight, rule_archive_name, rule_class_name, rule_design_url, id_criterion, id_decision_level, id_level, id_rule, id_scope, no_process) VALUES (1451, 'Rgaa40-4-9-1', '', '4.9.1', 92, 1.0, 'rgaa40', 'org.asqatasun.rules.rgaa40.Rgaa40Rule040901', 'https://doc.asqatasun.org/v5/en/Business-rules/RGAA-v4/04.Multimedia/Rule-4-9-1/', 497, NULL, 1, NULL, 1, false);
INSERT INTO test (id_test, cd_test, description, label, rank, weight, rule_archive_name, rule_class_name, rule_design_url, id_criterion, id_decision_level, id_level, id_rule, id_scope, no_process) VALUES (1452, 'Rgaa40-4-10-1', '', '4.10.1', 93, 1.0, 'rgaa40', 'org.asqatasun.rules.rgaa40.Rgaa40Rule041001', 'https://doc.asqatasun.org/v5/en/Business-rules/RGAA-v4/04.Multimedia/Rule-4-10-1/', 498, NULL, 1, NULL, 1, false);
INSERT INTO test (id_test, cd_test, description, label, rank, weight, rule_archive_name, rule_class_name, rule_design_url, id_criterion, id_decision_level, id_level, id_rule, id_scope, no_process) VALUES (1453, 'Rgaa40-4-11-1', '', '4.11.1', 94, 1.0, 'rgaa40', 'org.asqatasun.rules.rgaa40.Rgaa40Rule041101', 'https://doc.asqatasun.org/v5/en/Business-rules/RGAA-v4/04.Multimedia/Rule-4-11-1/', 499, NULL, 1, NULL, 1, false);
INSERT INTO test (id_test, cd_test, description, label, rank, weight, rule_archive_name, rule_class_name, rule_design_url, id_criterion, id_decision_level, id_level, id_rule, id_scope, no_process) VALUES (1454, 'Rgaa40-4-11-2', '', '4.11.2', 95, 1.0, 'rgaa40', 'org.asqatasun.rules.rgaa40.Rgaa40Rule041102', 'https://doc.asqatasun.org/v5/en/Business-rules/RGAA-v4/04.Multimedia/Rule-4-11-2/', 499, NULL, 1, NULL, 1, false);
INSERT INTO test (id_test, cd_test, description, label, rank, weight, rule_archive_name, rule_class_name, rule_design_url, id_criterion, id_decision_level, id_level, id_rule, id_scope, no_process) VALUES (1455, 'Rgaa40-4-11-3', '', '4.11.3', 96, 1.0, 'rgaa40', 'org.asqatasun.rules.rgaa40.Rgaa40Rule041103', 'https://doc.asqatasun.org/v5/en/Business-rules/RGAA-v4/04.Multimedia/Rule-4-11-3/', 499, NULL, 1, NULL, 1, false);
INSERT INTO test (id_test, cd_test, description, label, rank, weight, rule_archive_name, rule_class_name, rule_design_url, id_criterion, id_decision_level, id_level, id_rule, id_scope, no_process) VALUES (1456, 'Rgaa40-4-12-1', '', '4.12.1', 97, 1.0, 'rgaa40', 'org.asqatasun.rules.rgaa40.Rgaa40Rule041201', 'https://doc.asqatasun.org/v5/en/Business-rules/RGAA-v4/04.Multimedia/Rule-4-12-1/', 500, NULL, 1, NULL, 1, false);
INSERT INTO test (id_test, cd_test, description, label, rank, weight, rule_archive_name, rule_class_name, rule_design_url, id_criterion, id_decision_level, id_level, id_rule, id_scope, no_process) VALUES (1457, 'Rgaa40-4-12-2', '', '4.12.2', 98, 1.0, 'rgaa40', 'org.asqatasun.rules.rgaa40.Rgaa40Rule041202', 'https://doc.asqatasun.org/v5/en/Business-rules/RGAA-v4/04.Multimedia/Rule-4-12-2/', 500, NULL, 1, NULL, 1, false);
INSERT INTO test (id_test, cd_test, description, label, rank, weight, rule_archive_name, rule_class_name, rule_design_url, id_criterion, id_decision_level, id_level, id_rule, id_scope, no_process) VALUES (1458, 'Rgaa40-4-13-1', '', '4.13.1', 99, 1.0, 'rgaa40', 'org.asqatasun.rules.rgaa40.Rgaa40Rule041301', 'https://doc.asqatasun.org/v5/en/Business-rules/RGAA-v4/04.Multimedia/Rule-4-13-1/', 501, NULL, 1, NULL, 1, false);
INSERT INTO test (id_test, cd_test, description, label, rank, weight, rule_archive_name, rule_class_name, rule_design_url, id_criterion, id_decision_level, id_level, id_rule, id_scope, no_process) VALUES (1459, 'Rgaa40-4-13-2', '', '4.13.2', 100, 1.0, 'rgaa40', 'org.asqatasun.rules.rgaa40.Rgaa40Rule041302', 'https://doc.asqatasun.org/v5/en/Business-rules/RGAA-v4/04.Multimedia/Rule-4-13-2/', 501, NULL, 1, NULL, 1, false);
INSERT INTO test (id_test, cd_test, description, label, rank, weight, rule_archive_name, rule_class_name, rule_design_url, id_criterion, id_decision_level, id_level, id_rule, id_scope, no_process) VALUES (1460, 'Rgaa40-5-1-1', '', '5.1.1', 101, 1.0, 'rgaa40', 'org.asqatasun.rules.rgaa40.Rgaa40Rule050101', 'https://doc.asqatasun.org/v5/en/Business-rules/RGAA-v4/05.Tables/Rule-5-1-1/', 502, NULL, 1, NULL, 1, false);
INSERT INTO test (id_test, cd_test, description, label, rank, weight, rule_archive_name, rule_class_name, rule_design_url, id_criterion, id_decision_level, id_level, id_rule, id_scope, no_process) VALUES (1461, 'Rgaa40-5-2-1', '', '5.2.1', 102, 1.0, 'rgaa40', 'org.asqatasun.rules.rgaa40.Rgaa40Rule050201', 'https://doc.asqatasun.org/v5/en/Business-rules/RGAA-v4/05.Tables/Rule-5-2-1/', 503, NULL, 1, NULL, 1, false);
INSERT INTO test (id_test, cd_test, description, label, rank, weight, rule_archive_name, rule_class_name, rule_design_url, id_criterion, id_decision_level, id_level, id_rule, id_scope, no_process) VALUES (1462, 'Rgaa40-5-3-1', '', '5.3.1', 103, 1.0, 'rgaa40', 'org.asqatasun.rules.rgaa40.Rgaa40Rule050301', 'https://doc.asqatasun.org/v5/en/Business-rules/RGAA-v4/05.Tables/Rule-5-3-1/', 504, NULL, 1, NULL, 1, false);
INSERT INTO test (id_test, cd_test, description, label, rank, weight, rule_archive_name, rule_class_name, rule_design_url, id_criterion, id_decision_level, id_level, id_rule, id_scope, no_process) VALUES (1463, 'Rgaa40-5-4-1', '', '5.4.1', 104, 1.0, 'rgaa40', 'org.asqatasun.rules.rgaa40.Rgaa40Rule050401', 'https://doc.asqatasun.org/v5/en/Business-rules/RGAA-v4/05.Tables/Rule-5-4-1/', 505, NULL, 1, NULL, 1, false);
INSERT INTO test (id_test, cd_test, description, label, rank, weight, rule_archive_name, rule_class_name, rule_design_url, id_criterion, id_decision_level, id_level, id_rule, id_scope, no_process) VALUES (1464, 'Rgaa40-5-5-1', '', '5.5.1', 105, 1.0, 'rgaa40', 'org.asqatasun.rules.rgaa40.Rgaa40Rule050501', 'https://doc.asqatasun.org/v5/en/Business-rules/RGAA-v4/05.Tables/Rule-5-5-1/', 506, NULL, 1, NULL, 1, false);
INSERT INTO test (id_test, cd_test, description, label, rank, weight, rule_archive_name, rule_class_name, rule_design_url, id_criterion, id_decision_level, id_level, id_rule, id_scope, no_process) VALUES (1465, 'Rgaa40-5-6-1', '', '5.6.1', 106, 1.0, 'rgaa40', 'org.asqatasun.rules.rgaa40.Rgaa40Rule050601', 'https://doc.asqatasun.org/v5/en/Business-rules/RGAA-v4/05.Tables/Rule-5-6-1/', 507, NULL, 1, NULL, 1, false);
INSERT INTO test (id_test, cd_test, description, label, rank, weight, rule_archive_name, rule_class_name, rule_design_url, id_criterion, id_decision_level, id_level, id_rule, id_scope, no_process) VALUES (1466, 'Rgaa40-5-6-2', '', '5.6.2', 107, 1.0, 'rgaa40', 'org.asqatasun.rules.rgaa40.Rgaa40Rule050602', 'https://doc.asqatasun.org/v5/en/Business-rules/RGAA-v4/05.Tables/Rule-5-6-2/', 507, NULL, 1, NULL, 1, false);
INSERT INTO test (id_test, cd_test, description, label, rank, weight, rule_archive_name, rule_class_name, rule_design_url, id_criterion, id_decision_level, id_level, id_rule, id_scope, no_process) VALUES (1467, 'Rgaa40-5-6-3', '', '5.6.3', 108, 1.0, 'rgaa40', 'org.asqatasun.rules.rgaa40.Rgaa40Rule050603', 'https://doc.asqatasun.org/v5/en/Business-rules/RGAA-v4/05.Tables/Rule-5-6-3/', 507, NULL, 1, NULL, 1, false);
INSERT INTO test (id_test, cd_test, description, label, rank, weight, rule_archive_name, rule_class_name, rule_design_url, id_criterion, id_decision_level, id_level, id_rule, id_scope, no_process) VALUES (1468, 'Rgaa40-5-7-1', '', '5.7.1', 109, 1.0, 'rgaa40', 'org.asqatasun.rules.rgaa40.Rgaa40Rule050701', 'https://doc.asqatasun.org/v5/en/Business-rules/RGAA-v4/05.Tables/Rule-5-7-1/', 508, NULL, 1, NULL, 1, false);
INSERT INTO test (id_test, cd_test, description, label, rank, weight, rule_archive_name, rule_class_name, rule_design_url, id_criterion, id_decision_level, id_level, id_rule, id_scope, no_process) VALUES (1469, 'Rgaa40-5-7-2', '', '5.7.2', 110, 1.0, 'rgaa40', 'org.asqatasun.rules.rgaa40.Rgaa40Rule050702', 'https://doc.asqatasun.org/v5/en/Business-rules/RGAA-v4/05.Tables/Rule-5-7-2/', 508, NULL, 1, NULL, 1, false);
INSERT INTO test (id_test, cd_test, description, label, rank, weight, rule_archive_name, rule_class_name, rule_design_url, id_criterion, id_decision_level, id_level, id_rule, id_scope, no_process) VALUES (1470, 'Rgaa40-5-7-3', '', '5.7.3', 111, 1.0, 'rgaa40', 'org.asqatasun.rules.rgaa40.Rgaa40Rule050703', 'https://doc.asqatasun.org/v5/en/Business-rules/RGAA-v4/05.Tables/Rule-5-7-3/', 508, NULL, 1, NULL, 1, false);
INSERT INTO test (id_test, cd_test, description, label, rank, weight, rule_archive_name, rule_class_name, rule_design_url, id_criterion, id_decision_level, id_level, id_rule, id_scope, no_process) VALUES (1471, 'Rgaa40-5-7-4', '', '5.7.4', 112, 1.0, 'rgaa40', 'org.asqatasun.rules.rgaa40.Rgaa40Rule050704', 'https://doc.asqatasun.org/v5/en/Business-rules/RGAA-v4/05.Tables/Rule-5-7-4/', 508, NULL, 1, NULL, 1, false);
INSERT INTO test (id_test, cd_test, description, label, rank, weight, rule_archive_name, rule_class_name, rule_design_url, id_criterion, id_decision_level, id_level, id_rule, id_scope, no_process) VALUES (1472, 'Rgaa40-5-7-5', '', '5.7.5', 113, 1.0, 'rgaa40', 'org.asqatasun.rules.rgaa40.Rgaa40Rule050705', 'https://doc.asqatasun.org/v5/en/Business-rules/RGAA-v4/05.Tables/Rule-5-7-5/', 508, NULL, 1, NULL, 1, false);
INSERT INTO test (id_test, cd_test, description, label, rank, weight, rule_archive_name, rule_class_name, rule_design_url, id_criterion, id_decision_level, id_level, id_rule, id_scope, no_process) VALUES (1473, 'Rgaa40-5-8-1', '', '5.8.1', 114, 1.0, 'rgaa40', 'org.asqatasun.rules.rgaa40.Rgaa40Rule050801', 'https://doc.asqatasun.org/v5/en/Business-rules/RGAA-v4/05.Tables/Rule-5-8-1/', 509, NULL, 1, NULL, 1, false);
INSERT INTO test (id_test, cd_test, description, label, rank, weight, rule_archive_name, rule_class_name, rule_design_url, id_criterion, id_decision_level, id_level, id_rule, id_scope, no_process) VALUES (1474, 'Rgaa40-6-1-1', '', '6.1.1', 115, 1.0, 'rgaa40', 'org.asqatasun.rules.rgaa40.Rgaa40Rule060101', 'https://doc.asqatasun.org/v5/en/Business-rules/RGAA-v4/06.Links/Rule-6-1-1/', 510, NULL, 1, NULL, 1, false);
INSERT INTO test (id_test, cd_test, description, label, rank, weight, rule_archive_name, rule_class_name, rule_design_url, id_criterion, id_decision_level, id_level, id_rule, id_scope, no_process) VALUES (1475, 'Rgaa40-6-1-2', '', '6.1.2', 116, 1.0, 'rgaa40', 'org.asqatasun.rules.rgaa40.Rgaa40Rule060102', 'https://doc.asqatasun.org/v5/en/Business-rules/RGAA-v4/06.Links/Rule-6-1-2/', 510, NULL, 1, NULL, 1, false);
INSERT INTO test (id_test, cd_test, description, label, rank, weight, rule_archive_name, rule_class_name, rule_design_url, id_criterion, id_decision_level, id_level, id_rule, id_scope, no_process) VALUES (1476, 'Rgaa40-6-1-3', '', '6.1.3', 117, 1.0, 'rgaa40', 'org.asqatasun.rules.rgaa40.Rgaa40Rule060103', 'https://doc.asqatasun.org/v5/en/Business-rules/RGAA-v4/06.Links/Rule-6-1-3/', 510, NULL, 1, NULL, 1, false);
INSERT INTO test (id_test, cd_test, description, label, rank, weight, rule_archive_name, rule_class_name, rule_design_url, id_criterion, id_decision_level, id_level, id_rule, id_scope, no_process) VALUES (1477, 'Rgaa40-6-1-4', '', '6.1.4', 118, 1.0, 'rgaa40', 'org.asqatasun.rules.rgaa40.Rgaa40Rule060104', 'https://doc.asqatasun.org/v5/en/Business-rules/RGAA-v4/06.Links/Rule-6-1-4/', 510, NULL, 1, NULL, 1, false);
INSERT INTO test (id_test, cd_test, description, label, rank, weight, rule_archive_name, rule_class_name, rule_design_url, id_criterion, id_decision_level, id_level, id_rule, id_scope, no_process) VALUES (1478, 'Rgaa40-6-1-5', '', '6.1.5', 119, 1.0, 'rgaa40', 'org.asqatasun.rules.rgaa40.Rgaa40Rule060105', 'https://doc.asqatasun.org/v5/en/Business-rules/RGAA-v4/06.Links/Rule-6-1-5/', 510, NULL, 1, NULL, 1, false);
INSERT INTO test (id_test, cd_test, description, label, rank, weight, rule_archive_name, rule_class_name, rule_design_url, id_criterion, id_decision_level, id_level, id_rule, id_scope, no_process) VALUES (1479, 'Rgaa40-6-2-1', '', '6.2.1', 120, 1.0, 'rgaa40', 'org.asqatasun.rules.rgaa40.Rgaa40Rule060201', 'https://doc.asqatasun.org/v5/en/Business-rules/RGAA-v4/06.Links/Rule-6-2-1/', 511, NULL, 1, NULL, 1, false);
INSERT INTO test (id_test, cd_test, description, label, rank, weight, rule_archive_name, rule_class_name, rule_design_url, id_criterion, id_decision_level, id_level, id_rule, id_scope, no_process) VALUES (1480, 'Rgaa40-7-1-1', '', '7.1.1', 121, 1.0, 'rgaa40', 'org.asqatasun.rules.rgaa40.Rgaa40Rule070101', 'https://doc.asqatasun.org/v5/en/Business-rules/RGAA-v4/07.Scripts/Rule-7-1-1/', 512, NULL, 1, NULL, 1, false);
INSERT INTO test (id_test, cd_test, description, label, rank, weight, rule_archive_name, rule_class_name, rule_design_url, id_criterion, id_decision_level, id_level, id_rule, id_scope, no_process) VALUES (1481, 'Rgaa40-7-1-2', '', '7.1.2', 122, 1.0, 'rgaa40', 'org.asqatasun.rules.rgaa40.Rgaa40Rule070102', 'https://doc.asqatasun.org/v5/en/Business-rules/RGAA-v4/07.Scripts/Rule-7-1-2/', 512, NULL, 1, NULL, 1, false);
INSERT INTO test (id_test, cd_test, description, label, rank, weight, rule_archive_name, rule_class_name, rule_design_url, id_criterion, id_decision_level, id_level, id_rule, id_scope, no_process) VALUES (1482, 'Rgaa40-7-1-3', '', '7.1.3', 123, 1.0, 'rgaa40', 'org.asqatasun.rules.rgaa40.Rgaa40Rule070103', 'https://doc.asqatasun.org/v5/en/Business-rules/RGAA-v4/07.Scripts/Rule-7-1-3/', 512, NULL, 1, NULL, 1, false);
INSERT INTO test (id_test, cd_test, description, label, rank, weight, rule_archive_name, rule_class_name, rule_design_url, id_criterion, id_decision_level, id_level, id_rule, id_scope, no_process) VALUES (1483, 'Rgaa40-7-2-1', '', '7.2.1', 124, 1.0, 'rgaa40', 'org.asqatasun.rules.rgaa40.Rgaa40Rule070201', 'https://doc.asqatasun.org/v5/en/Business-rules/RGAA-v4/07.Scripts/Rule-7-2-1/', 513, NULL, 1, NULL, 1, false);
INSERT INTO test (id_test, cd_test, description, label, rank, weight, rule_archive_name, rule_class_name, rule_design_url, id_criterion, id_decision_level, id_level, id_rule, id_scope, no_process) VALUES (1484, 'Rgaa40-7-2-2', '', '7.2.2', 125, 1.0, 'rgaa40', 'org.asqatasun.rules.rgaa40.Rgaa40Rule070202', 'https://doc.asqatasun.org/v5/en/Business-rules/RGAA-v4/07.Scripts/Rule-7-2-2/', 513, NULL, 1, NULL, 1, false);
INSERT INTO test (id_test, cd_test, description, label, rank, weight, rule_archive_name, rule_class_name, rule_design_url, id_criterion, id_decision_level, id_level, id_rule, id_scope, no_process) VALUES (1485, 'Rgaa40-7-3-1', '', '7.3.1', 126, 1.0, 'rgaa40', 'org.asqatasun.rules.rgaa40.Rgaa40Rule070301', 'https://doc.asqatasun.org/v5/en/Business-rules/RGAA-v4/07.Scripts/Rule-7-3-1/', 514, NULL, 1, NULL, 1, false);
INSERT INTO test (id_test, cd_test, description, label, rank, weight, rule_archive_name, rule_class_name, rule_design_url, id_criterion, id_decision_level, id_level, id_rule, id_scope, no_process) VALUES (1486, 'Rgaa40-7-3-2', '', '7.3.2', 127, 1.0, 'rgaa40', 'org.asqatasun.rules.rgaa40.Rgaa40Rule070302', 'https://doc.asqatasun.org/v5/en/Business-rules/RGAA-v4/07.Scripts/Rule-7-3-2/', 514, NULL, 1, NULL, 1, false);
INSERT INTO test (id_test, cd_test, description, label, rank, weight, rule_archive_name, rule_class_name, rule_design_url, id_criterion, id_decision_level, id_level, id_rule, id_scope, no_process) VALUES (1487, 'Rgaa40-7-4-1', '', '7.4.1', 128, 1.0, 'rgaa40', 'org.asqatasun.rules.rgaa40.Rgaa40Rule070401', 'https://doc.asqatasun.org/v5/en/Business-rules/RGAA-v4/07.Scripts/Rule-7-4-1/', 515, NULL, 1, NULL, 1, false);
INSERT INTO test (id_test, cd_test, description, label, rank, weight, rule_archive_name, rule_class_name, rule_design_url, id_criterion, id_decision_level, id_level, id_rule, id_scope, no_process) VALUES (1488, 'Rgaa40-7-5-1', '', '7.5.1', 129, 1.0, 'rgaa40', 'org.asqatasun.rules.rgaa40.Rgaa40Rule070501', 'https://doc.asqatasun.org/v5/en/Business-rules/RGAA-v4/07.Scripts/Rule-7-5-1/', 516, NULL, 2, NULL, 1, false);
INSERT INTO test (id_test, cd_test, description, label, rank, weight, rule_archive_name, rule_class_name, rule_design_url, id_criterion, id_decision_level, id_level, id_rule, id_scope, no_process) VALUES (1489, 'Rgaa40-7-5-2', '', '7.5.2', 130, 1.0, 'rgaa40', 'org.asqatasun.rules.rgaa40.Rgaa40Rule070502', 'https://doc.asqatasun.org/v5/en/Business-rules/RGAA-v4/07.Scripts/Rule-7-5-2/', 516, NULL, 2, NULL, 1, false);
INSERT INTO test (id_test, cd_test, description, label, rank, weight, rule_archive_name, rule_class_name, rule_design_url, id_criterion, id_decision_level, id_level, id_rule, id_scope, no_process) VALUES (1490, 'Rgaa40-7-5-3', '', '7.5.3', 131, 1.0, 'rgaa40', 'org.asqatasun.rules.rgaa40.Rgaa40Rule070503', 'https://doc.asqatasun.org/v5/en/Business-rules/RGAA-v4/07.Scripts/Rule-7-5-3/', 516, NULL, 2, NULL, 1, false);
INSERT INTO test (id_test, cd_test, description, label, rank, weight, rule_archive_name, rule_class_name, rule_design_url, id_criterion, id_decision_level, id_level, id_rule, id_scope, no_process) VALUES (1491, 'Rgaa40-8-1-1', '', '8.1.1', 132, 1.0, 'rgaa40', 'org.asqatasun.rules.rgaa40.Rgaa40Rule080101', 'https://doc.asqatasun.org/v5/en/Business-rules/RGAA-v4/08.Mandatory_elements/Rule-8-1-1/', 517, NULL, 1, NULL, 1, false);
INSERT INTO test (id_test, cd_test, description, label, rank, weight, rule_archive_name, rule_class_name, rule_design_url, id_criterion, id_decision_level, id_level, id_rule, id_scope, no_process) VALUES (1492, 'Rgaa40-8-1-2', '', '8.1.2', 133, 1.0, 'rgaa40', 'org.asqatasun.rules.rgaa40.Rgaa40Rule080102', 'https://doc.asqatasun.org/v5/en/Business-rules/RGAA-v4/08.Mandatory_elements/Rule-8-1-2/', 517, NULL, 1, NULL, 1, false);
INSERT INTO test (id_test, cd_test, description, label, rank, weight, rule_archive_name, rule_class_name, rule_design_url, id_criterion, id_decision_level, id_level, id_rule, id_scope, no_process) VALUES (1493, 'Rgaa40-8-1-3', '', '8.1.3', 134, 1.0, 'rgaa40', 'org.asqatasun.rules.rgaa40.Rgaa40Rule080103', 'https://doc.asqatasun.org/v5/en/Business-rules/RGAA-v4/08.Mandatory_elements/Rule-8-1-3/', 517, NULL, 1, NULL, 1, false);
INSERT INTO test (id_test, cd_test, description, label, rank, weight, rule_archive_name, rule_class_name, rule_design_url, id_criterion, id_decision_level, id_level, id_rule, id_scope, no_process) VALUES (1494, 'Rgaa40-8-2-1', '', '8.2.1', 135, 1.0, 'rgaa40', 'org.asqatasun.rules.rgaa40.Rgaa40Rule080201', 'https://doc.asqatasun.org/v5/en/Business-rules/RGAA-v4/08.Mandatory_elements/Rule-8-2-1/', 518, NULL, 1, NULL, 1, false);
INSERT INTO test (id_test, cd_test, description, label, rank, weight, rule_archive_name, rule_class_name, rule_design_url, id_criterion, id_decision_level, id_level, id_rule, id_scope, no_process) VALUES (1495, 'Rgaa40-8-3-1', '', '8.3.1', 136, 1.0, 'rgaa40', 'org.asqatasun.rules.rgaa40.Rgaa40Rule080301', 'https://doc.asqatasun.org/v5/en/Business-rules/RGAA-v4/08.Mandatory_elements/Rule-8-3-1/', 519, NULL, 1, NULL, 1, false);
INSERT INTO test (id_test, cd_test, description, label, rank, weight, rule_archive_name, rule_class_name, rule_design_url, id_criterion, id_decision_level, id_level, id_rule, id_scope, no_process) VALUES (1496, 'Rgaa40-8-4-1', '', '8.4.1', 137, 1.0, 'rgaa40', 'org.asqatasun.rules.rgaa40.Rgaa40Rule080401', 'https://doc.asqatasun.org/v5/en/Business-rules/RGAA-v4/08.Mandatory_elements/Rule-8-4-1/', 520, NULL, 1, NULL, 1, false);
INSERT INTO test (id_test, cd_test, description, label, rank, weight, rule_archive_name, rule_class_name, rule_design_url, id_criterion, id_decision_level, id_level, id_rule, id_scope, no_process) VALUES (1497, 'Rgaa40-8-5-1', '', '8.5.1', 138, 1.0, 'rgaa40', 'org.asqatasun.rules.rgaa40.Rgaa40Rule080501', 'https://doc.asqatasun.org/v5/en/Business-rules/RGAA-v4/08.Mandatory_elements/Rule-8-5-1/', 521, NULL, 1, NULL, 1, false);
INSERT INTO test (id_test, cd_test, description, label, rank, weight, rule_archive_name, rule_class_name, rule_design_url, id_criterion, id_decision_level, id_level, id_rule, id_scope, no_process) VALUES (1498, 'Rgaa40-8-6-1', '', '8.6.1', 139, 1.0, 'rgaa40', 'org.asqatasun.rules.rgaa40.Rgaa40Rule080601', 'https://doc.asqatasun.org/v5/en/Business-rules/RGAA-v4/08.Mandatory_elements/Rule-8-6-1/', 522, NULL, 1, NULL, 1, false);
INSERT INTO test (id_test, cd_test, description, label, rank, weight, rule_archive_name, rule_class_name, rule_design_url, id_criterion, id_decision_level, id_level, id_rule, id_scope, no_process) VALUES (1499, 'Rgaa40-8-7-1', '', '8.7.1', 140, 1.0, 'rgaa40', 'org.asqatasun.rules.rgaa40.Rgaa40Rule080701', 'https://doc.asqatasun.org/v5/en/Business-rules/RGAA-v4/08.Mandatory_elements/Rule-8-7-1/', 523, NULL, 2, NULL, 1, false);
INSERT INTO test (id_test, cd_test, description, label, rank, weight, rule_archive_name, rule_class_name, rule_design_url, id_criterion, id_decision_level, id_level, id_rule, id_scope, no_process) VALUES (1500, 'Rgaa40-8-8-1', '', '8.8.1', 141, 1.0, 'rgaa40', 'org.asqatasun.rules.rgaa40.Rgaa40Rule080801', 'https://doc.asqatasun.org/v5/en/Business-rules/RGAA-v4/08.Mandatory_elements/Rule-8-8-1/', 524, NULL, 2, NULL, 1, false);
INSERT INTO test (id_test, cd_test, description, label, rank, weight, rule_archive_name, rule_class_name, rule_design_url, id_criterion, id_decision_level, id_level, id_rule, id_scope, no_process) VALUES (1501, 'Rgaa40-8-9-1', '', '8.9.1', 142, 1.0, 'rgaa40', 'org.asqatasun.rules.rgaa40.Rgaa40Rule080901', 'https://doc.asqatasun.org/v5/en/Business-rules/RGAA-v4/08.Mandatory_elements/Rule-8-9-1/', 525, NULL, 1, NULL, 1, false);
INSERT INTO test (id_test, cd_test, description, label, rank, weight, rule_archive_name, rule_class_name, rule_design_url, id_criterion, id_decision_level, id_level, id_rule, id_scope, no_process) VALUES (1502, 'Rgaa40-8-10-1', '', '8.10.1', 143, 1.0, 'rgaa40', 'org.asqatasun.rules.rgaa40.Rgaa40Rule081001', 'https://doc.asqatasun.org/v5/en/Business-rules/RGAA-v4/08.Mandatory_elements/Rule-8-10-1/', 526, NULL, 1, NULL, 1, false);
INSERT INTO test (id_test, cd_test, description, label, rank, weight, rule_archive_name, rule_class_name, rule_design_url, id_criterion, id_decision_level, id_level, id_rule, id_scope, no_process) VALUES (1503, 'Rgaa40-8-10-2', '', '8.10.2', 144, 1.0, 'rgaa40', 'org.asqatasun.rules.rgaa40.Rgaa40Rule081002', 'https://doc.asqatasun.org/v5/en/Business-rules/RGAA-v4/08.Mandatory_elements/Rule-8-10-2/', 526, NULL, 1, NULL, 1, false);
INSERT INTO test (id_test, cd_test, description, label, rank, weight, rule_archive_name, rule_class_name, rule_design_url, id_criterion, id_decision_level, id_level, id_rule, id_scope, no_process) VALUES (1504, 'Rgaa40-9-1-1', '', '9.1.1', 145, 1.0, 'rgaa40', 'org.asqatasun.rules.rgaa40.Rgaa40Rule090101', 'https://doc.asqatasun.org/v5/en/Business-rules/RGAA-v4/09.Structure_of_information/Rule-9-1-1/', 527, NULL, 1, NULL, 1, false);
INSERT INTO test (id_test, cd_test, description, label, rank, weight, rule_archive_name, rule_class_name, rule_design_url, id_criterion, id_decision_level, id_level, id_rule, id_scope, no_process) VALUES (1505, 'Rgaa40-9-1-2', '', '9.1.2', 146, 1.0, 'rgaa40', 'org.asqatasun.rules.rgaa40.Rgaa40Rule090102', 'https://doc.asqatasun.org/v5/en/Business-rules/RGAA-v4/09.Structure_of_information/Rule-9-1-2/', 527, NULL, 1, NULL, 1, false);
INSERT INTO test (id_test, cd_test, description, label, rank, weight, rule_archive_name, rule_class_name, rule_design_url, id_criterion, id_decision_level, id_level, id_rule, id_scope, no_process) VALUES (1506, 'Rgaa40-9-1-3', '', '9.1.3', 147, 1.0, 'rgaa40', 'org.asqatasun.rules.rgaa40.Rgaa40Rule090103', 'https://doc.asqatasun.org/v5/en/Business-rules/RGAA-v4/09.Structure_of_information/Rule-9-1-3/', 527, NULL, 1, NULL, 1, false);
INSERT INTO test (id_test, cd_test, description, label, rank, weight, rule_archive_name, rule_class_name, rule_design_url, id_criterion, id_decision_level, id_level, id_rule, id_scope, no_process) VALUES (1507, 'Rgaa40-9-2-1', '', '9.2.1', 148, 1.0, 'rgaa40', 'org.asqatasun.rules.rgaa40.Rgaa40Rule090201', 'https://doc.asqatasun.org/v5/en/Business-rules/RGAA-v4/09.Structure_of_information/Rule-9-2-1/', 528, NULL, 1, NULL, 1, false);
INSERT INTO test (id_test, cd_test, description, label, rank, weight, rule_archive_name, rule_class_name, rule_design_url, id_criterion, id_decision_level, id_level, id_rule, id_scope, no_process) VALUES (1508, 'Rgaa40-9-3-1', '', '9.3.1', 149, 1.0, 'rgaa40', 'org.asqatasun.rules.rgaa40.Rgaa40Rule090301', 'https://doc.asqatasun.org/v5/en/Business-rules/RGAA-v4/09.Structure_of_information/Rule-9-3-1/', 529, NULL, 1, NULL, 1, false);
INSERT INTO test (id_test, cd_test, description, label, rank, weight, rule_archive_name, rule_class_name, rule_design_url, id_criterion, id_decision_level, id_level, id_rule, id_scope, no_process) VALUES (1509, 'Rgaa40-9-3-2', '', '9.3.2', 150, 1.0, 'rgaa40', 'org.asqatasun.rules.rgaa40.Rgaa40Rule090302', 'https://doc.asqatasun.org/v5/en/Business-rules/RGAA-v4/09.Structure_of_information/Rule-9-3-2/', 529, NULL, 1, NULL, 1, false);
INSERT INTO test (id_test, cd_test, description, label, rank, weight, rule_archive_name, rule_class_name, rule_design_url, id_criterion, id_decision_level, id_level, id_rule, id_scope, no_process) VALUES (1510, 'Rgaa40-9-3-3', '', '9.3.3', 151, 1.0, 'rgaa40', 'org.asqatasun.rules.rgaa40.Rgaa40Rule090303', 'https://doc.asqatasun.org/v5/en/Business-rules/RGAA-v4/09.Structure_of_information/Rule-9-3-3/', 529, NULL, 1, NULL, 1, false);
INSERT INTO test (id_test, cd_test, description, label, rank, weight, rule_archive_name, rule_class_name, rule_design_url, id_criterion, id_decision_level, id_level, id_rule, id_scope, no_process) VALUES (1511, 'Rgaa40-9-4-1', '', '9.4.1', 152, 1.0, 'rgaa40', 'org.asqatasun.rules.rgaa40.Rgaa40Rule090401', 'https://doc.asqatasun.org/v5/en/Business-rules/RGAA-v4/09.Structure_of_information/Rule-9-4-1/', 530, NULL, 1, NULL, 1, false);
INSERT INTO test (id_test, cd_test, description, label, rank, weight, rule_archive_name, rule_class_name, rule_design_url, id_criterion, id_decision_level, id_level, id_rule, id_scope, no_process) VALUES (1512, 'Rgaa40-9-4-2', '', '9.4.2', 153, 1.0, 'rgaa40', 'org.asqatasun.rules.rgaa40.Rgaa40Rule090402', 'https://doc.asqatasun.org/v5/en/Business-rules/RGAA-v4/09.Structure_of_information/Rule-9-4-2/', 530, NULL, 1, NULL, 1, false);
INSERT INTO test (id_test, cd_test, description, label, rank, weight, rule_archive_name, rule_class_name, rule_design_url, id_criterion, id_decision_level, id_level, id_rule, id_scope, no_process) VALUES (1513, 'Rgaa40-10-1-1', '', '10.1.1', 154, 1.0, 'rgaa40', 'org.asqatasun.rules.rgaa40.Rgaa40Rule100101', 'https://doc.asqatasun.org/v5/en/Business-rules/RGAA-v4/10.Presentation_of_information/Rule-10-1-1/', 531, NULL, 1, NULL, 1, false);
INSERT INTO test (id_test, cd_test, description, label, rank, weight, rule_archive_name, rule_class_name, rule_design_url, id_criterion, id_decision_level, id_level, id_rule, id_scope, no_process) VALUES (1514, 'Rgaa40-10-1-2', '', '10.1.2', 155, 1.0, 'rgaa40', 'org.asqatasun.rules.rgaa40.Rgaa40Rule100102', 'https://doc.asqatasun.org/v5/en/Business-rules/RGAA-v4/10.Presentation_of_information/Rule-10-1-2/', 531, NULL, 1, NULL, 1, false);
INSERT INTO test (id_test, cd_test, description, label, rank, weight, rule_archive_name, rule_class_name, rule_design_url, id_criterion, id_decision_level, id_level, id_rule, id_scope, no_process) VALUES (1515, 'Rgaa40-10-1-3', '', '10.1.3', 156, 1.0, 'rgaa40', 'org.asqatasun.rules.rgaa40.Rgaa40Rule100103', 'https://doc.asqatasun.org/v5/en/Business-rules/RGAA-v4/10.Presentation_of_information/Rule-10-1-3/', 531, NULL, 1, NULL, 1, false);
INSERT INTO test (id_test, cd_test, description, label, rank, weight, rule_archive_name, rule_class_name, rule_design_url, id_criterion, id_decision_level, id_level, id_rule, id_scope, no_process) VALUES (1516, 'Rgaa40-10-2-1', '', '10.2.1', 157, 1.0, 'rgaa40', 'org.asqatasun.rules.rgaa40.Rgaa40Rule100201', 'https://doc.asqatasun.org/v5/en/Business-rules/RGAA-v4/10.Presentation_of_information/Rule-10-2-1/', 532, NULL, 1, NULL, 1, false);
INSERT INTO test (id_test, cd_test, description, label, rank, weight, rule_archive_name, rule_class_name, rule_design_url, id_criterion, id_decision_level, id_level, id_rule, id_scope, no_process) VALUES (1517, 'Rgaa40-10-3-1', '', '10.3.1', 158, 1.0, 'rgaa40', 'org.asqatasun.rules.rgaa40.Rgaa40Rule100301', 'https://doc.asqatasun.org/v5/en/Business-rules/RGAA-v4/10.Presentation_of_information/Rule-10-3-1/', 533, NULL, 1, NULL, 1, false);
INSERT INTO test (id_test, cd_test, description, label, rank, weight, rule_archive_name, rule_class_name, rule_design_url, id_criterion, id_decision_level, id_level, id_rule, id_scope, no_process) VALUES (1518, 'Rgaa40-10-4-1', '', '10.4.1', 159, 1.0, 'rgaa40', 'org.asqatasun.rules.rgaa40.Rgaa40Rule100401', 'https://doc.asqatasun.org/v5/en/Business-rules/RGAA-v4/10.Presentation_of_information/Rule-10-4-1/', 534, NULL, 2, NULL, 1, false);
INSERT INTO test (id_test, cd_test, description, label, rank, weight, rule_archive_name, rule_class_name, rule_design_url, id_criterion, id_decision_level, id_level, id_rule, id_scope, no_process) VALUES (1519, 'Rgaa40-10-4-2', '', '10.4.2', 160, 1.0, 'rgaa40', 'org.asqatasun.rules.rgaa40.Rgaa40Rule100402', 'https://doc.asqatasun.org/v5/en/Business-rules/RGAA-v4/10.Presentation_of_information/Rule-10-4-2/', 534, NULL, 2, NULL, 1, false);
INSERT INTO test (id_test, cd_test, description, label, rank, weight, rule_archive_name, rule_class_name, rule_design_url, id_criterion, id_decision_level, id_level, id_rule, id_scope, no_process) VALUES (1520, 'Rgaa40-10-4-3', '', '10.4.3', 161, 1.0, 'rgaa40', 'org.asqatasun.rules.rgaa40.Rgaa40Rule100403', 'https://doc.asqatasun.org/v5/en/Business-rules/RGAA-v4/10.Presentation_of_information/Rule-10-4-3/', 534, NULL, 2, NULL, 1, false);
INSERT INTO test (id_test, cd_test, description, label, rank, weight, rule_archive_name, rule_class_name, rule_design_url, id_criterion, id_decision_level, id_level, id_rule, id_scope, no_process) VALUES (1521, 'Rgaa40-10-5-1', '', '10.5.1', 162, 1.0, 'rgaa40', 'org.asqatasun.rules.rgaa40.Rgaa40Rule100501', 'https://doc.asqatasun.org/v5/en/Business-rules/RGAA-v4/10.Presentation_of_information/Rule-10-5-1/', 535, NULL, 2, NULL, 1, false);
INSERT INTO test (id_test, cd_test, description, label, rank, weight, rule_archive_name, rule_class_name, rule_design_url, id_criterion, id_decision_level, id_level, id_rule, id_scope, no_process) VALUES (1522, 'Rgaa40-10-5-2', '', '10.5.2', 163, 1.0, 'rgaa40', 'org.asqatasun.rules.rgaa40.Rgaa40Rule100502', 'https://doc.asqatasun.org/v5/en/Business-rules/RGAA-v4/10.Presentation_of_information/Rule-10-5-2/', 535, NULL, 2, NULL, 1, false);
INSERT INTO test (id_test, cd_test, description, label, rank, weight, rule_archive_name, rule_class_name, rule_design_url, id_criterion, id_decision_level, id_level, id_rule, id_scope, no_process) VALUES (1523, 'Rgaa40-10-5-3', '', '10.5.3', 164, 1.0, 'rgaa40', 'org.asqatasun.rules.rgaa40.Rgaa40Rule100503', 'https://doc.asqatasun.org/v5/en/Business-rules/RGAA-v4/10.Presentation_of_information/Rule-10-5-3/', 535, NULL, 2, NULL, 1, false);
INSERT INTO test (id_test, cd_test, description, label, rank, weight, rule_archive_name, rule_class_name, rule_design_url, id_criterion, id_decision_level, id_level, id_rule, id_scope, no_process) VALUES (1524, 'Rgaa40-10-6-1', '', '10.6.1', 165, 1.0, 'rgaa40', 'org.asqatasun.rules.rgaa40.Rgaa40Rule100601', 'https://doc.asqatasun.org/v5/en/Business-rules/RGAA-v4/10.Presentation_of_information/Rule-10-6-1/', 536, NULL, 1, NULL, 1, false);
INSERT INTO test (id_test, cd_test, description, label, rank, weight, rule_archive_name, rule_class_name, rule_design_url, id_criterion, id_decision_level, id_level, id_rule, id_scope, no_process) VALUES (1525, 'Rgaa40-10-7-1', '', '10.7.1', 166, 1.0, 'rgaa40', 'org.asqatasun.rules.rgaa40.Rgaa40Rule100701', 'https://doc.asqatasun.org/v5/en/Business-rules/RGAA-v4/10.Presentation_of_information/Rule-10-7-1/', 537, NULL, 1, NULL, 1, false);
INSERT INTO test (id_test, cd_test, description, label, rank, weight, rule_archive_name, rule_class_name, rule_design_url, id_criterion, id_decision_level, id_level, id_rule, id_scope, no_process) VALUES (1526, 'Rgaa40-10-8-1', '', '10.8.1', 167, 1.0, 'rgaa40', 'org.asqatasun.rules.rgaa40.Rgaa40Rule100801', 'https://doc.asqatasun.org/v5/en/Business-rules/RGAA-v4/10.Presentation_of_information/Rule-10-8-1/', 538, NULL, 1, NULL, 1, false);
INSERT INTO test (id_test, cd_test, description, label, rank, weight, rule_archive_name, rule_class_name, rule_design_url, id_criterion, id_decision_level, id_level, id_rule, id_scope, no_process) VALUES (1527, 'Rgaa40-10-9-1', '', '10.9.1', 168, 1.0, 'rgaa40', 'org.asqatasun.rules.rgaa40.Rgaa40Rule100901', 'https://doc.asqatasun.org/v5/en/Business-rules/RGAA-v4/10.Presentation_of_information/Rule-10-9-1/', 539, NULL, 1, NULL, 1, false);
INSERT INTO test (id_test, cd_test, description, label, rank, weight, rule_archive_name, rule_class_name, rule_design_url, id_criterion, id_decision_level, id_level, id_rule, id_scope, no_process) VALUES (1528, 'Rgaa40-10-9-2', '', '10.9.2', 169, 1.0, 'rgaa40', 'org.asqatasun.rules.rgaa40.Rgaa40Rule100902', 'https://doc.asqatasun.org/v5/en/Business-rules/RGAA-v4/10.Presentation_of_information/Rule-10-9-2/', 539, NULL, 1, NULL, 1, false);
INSERT INTO test (id_test, cd_test, description, label, rank, weight, rule_archive_name, rule_class_name, rule_design_url, id_criterion, id_decision_level, id_level, id_rule, id_scope, no_process) VALUES (1529, 'Rgaa40-10-9-3', '', '10.9.3', 170, 1.0, 'rgaa40', 'org.asqatasun.rules.rgaa40.Rgaa40Rule100903', 'https://doc.asqatasun.org/v5/en/Business-rules/RGAA-v4/10.Presentation_of_information/Rule-10-9-3/', 539, NULL, 1, NULL, 1, false);
INSERT INTO test (id_test, cd_test, description, label, rank, weight, rule_archive_name, rule_class_name, rule_design_url, id_criterion, id_decision_level, id_level, id_rule, id_scope, no_process) VALUES (1530, 'Rgaa40-10-9-4', '', '10.9.4', 171, 1.0, 'rgaa40', 'org.asqatasun.rules.rgaa40.Rgaa40Rule100904', 'https://doc.asqatasun.org/v5/en/Business-rules/RGAA-v4/10.Presentation_of_information/Rule-10-9-4/', 539, NULL, 1, NULL, 1, false);
INSERT INTO test (id_test, cd_test, description, label, rank, weight, rule_archive_name, rule_class_name, rule_design_url, id_criterion, id_decision_level, id_level, id_rule, id_scope, no_process) VALUES (1531, 'Rgaa40-10-10-1', '', '10.10.1', 172, 1.0, 'rgaa40', 'org.asqatasun.rules.rgaa40.Rgaa40Rule101001', 'https://doc.asqatasun.org/v5/en/Business-rules/RGAA-v4/10.Presentation_of_information/Rule-10-10-1/', 540, NULL, 1, NULL, 1, false);
INSERT INTO test (id_test, cd_test, description, label, rank, weight, rule_archive_name, rule_class_name, rule_design_url, id_criterion, id_decision_level, id_level, id_rule, id_scope, no_process) VALUES (1532, 'Rgaa40-10-10-2', '', '10.10.2', 173, 1.0, 'rgaa40', 'org.asqatasun.rules.rgaa40.Rgaa40Rule101002', 'https://doc.asqatasun.org/v5/en/Business-rules/RGAA-v4/10.Presentation_of_information/Rule-10-10-2/', 540, NULL, 1, NULL, 1, false);
INSERT INTO test (id_test, cd_test, description, label, rank, weight, rule_archive_name, rule_class_name, rule_design_url, id_criterion, id_decision_level, id_level, id_rule, id_scope, no_process) VALUES (1533, 'Rgaa40-10-10-3', '', '10.10.3', 174, 1.0, 'rgaa40', 'org.asqatasun.rules.rgaa40.Rgaa40Rule101003', 'https://doc.asqatasun.org/v5/en/Business-rules/RGAA-v4/10.Presentation_of_information/Rule-10-10-3/', 540, NULL, 1, NULL, 1, false);
INSERT INTO test (id_test, cd_test, description, label, rank, weight, rule_archive_name, rule_class_name, rule_design_url, id_criterion, id_decision_level, id_level, id_rule, id_scope, no_process) VALUES (1534, 'Rgaa40-10-10-4', '', '10.10.4', 175, 1.0, 'rgaa40', 'org.asqatasun.rules.rgaa40.Rgaa40Rule101004', 'https://doc.asqatasun.org/v5/en/Business-rules/RGAA-v4/10.Presentation_of_information/Rule-10-10-4/', 540, NULL, 1, NULL, 1, false);
INSERT INTO test (id_test, cd_test, description, label, rank, weight, rule_archive_name, rule_class_name, rule_design_url, id_criterion, id_decision_level, id_level, id_rule, id_scope, no_process) VALUES (1535, 'Rgaa40-10-11-1', '', '10.11.1', 176, 1.0, 'rgaa40', 'org.asqatasun.rules.rgaa40.Rgaa40Rule101101', 'https://doc.asqatasun.org/v5/en/Business-rules/RGAA-v4/10.Presentation_of_information/Rule-10-11-1/', 541, NULL, 2, NULL, 1, false);
INSERT INTO test (id_test, cd_test, description, label, rank, weight, rule_archive_name, rule_class_name, rule_design_url, id_criterion, id_decision_level, id_level, id_rule, id_scope, no_process) VALUES (1536, 'Rgaa40-10-11-2', '', '10.11.2', 177, 1.0, 'rgaa40', 'org.asqatasun.rules.rgaa40.Rgaa40Rule101102', 'https://doc.asqatasun.org/v5/en/Business-rules/RGAA-v4/10.Presentation_of_information/Rule-10-11-2/', 541, NULL, 2, NULL, 1, false);
INSERT INTO test (id_test, cd_test, description, label, rank, weight, rule_archive_name, rule_class_name, rule_design_url, id_criterion, id_decision_level, id_level, id_rule, id_scope, no_process) VALUES (1537, 'Rgaa40-10-12-1', '', '10.12.1', 178, 1.0, 'rgaa40', 'org.asqatasun.rules.rgaa40.Rgaa40Rule101201', 'https://doc.asqatasun.org/v5/en/Business-rules/RGAA-v4/10.Presentation_of_information/Rule-10-12-1/', 542, NULL, 2, NULL, 1, false);
INSERT INTO test (id_test, cd_test, description, label, rank, weight, rule_archive_name, rule_class_name, rule_design_url, id_criterion, id_decision_level, id_level, id_rule, id_scope, no_process) VALUES (1538, 'Rgaa40-10-13-1', '', '10.13.1', 179, 1.0, 'rgaa40', 'org.asqatasun.rules.rgaa40.Rgaa40Rule101301', 'https://doc.asqatasun.org/v5/en/Business-rules/RGAA-v4/10.Presentation_of_information/Rule-10-13-1/', 543, NULL, 2, NULL, 1, false);
INSERT INTO test (id_test, cd_test, description, label, rank, weight, rule_archive_name, rule_class_name, rule_design_url, id_criterion, id_decision_level, id_level, id_rule, id_scope, no_process) VALUES (1539, 'Rgaa40-10-13-2', '', '10.13.2', 180, 1.0, 'rgaa40', 'org.asqatasun.rules.rgaa40.Rgaa40Rule101302', 'https://doc.asqatasun.org/v5/en/Business-rules/RGAA-v4/10.Presentation_of_information/Rule-10-13-2/', 543, NULL, 2, NULL, 1, false);
INSERT INTO test (id_test, cd_test, description, label, rank, weight, rule_archive_name, rule_class_name, rule_design_url, id_criterion, id_decision_level, id_level, id_rule, id_scope, no_process) VALUES (1540, 'Rgaa40-10-13-3', '', '10.13.3', 181, 1.0, 'rgaa40', 'org.asqatasun.rules.rgaa40.Rgaa40Rule101303', 'https://doc.asqatasun.org/v5/en/Business-rules/RGAA-v4/10.Presentation_of_information/Rule-10-13-3/', 543, NULL, 2, NULL, 1, false);
INSERT INTO test (id_test, cd_test, description, label, rank, weight, rule_archive_name, rule_class_name, rule_design_url, id_criterion, id_decision_level, id_level, id_rule, id_scope, no_process) VALUES (1541, 'Rgaa40-10-14-1', '', '10.14.1', 182, 1.0, 'rgaa40', 'org.asqatasun.rules.rgaa40.Rgaa40Rule101401', 'https://doc.asqatasun.org/v5/en/Business-rules/RGAA-v4/10.Presentation_of_information/Rule-10-14-1/', 544, NULL, 1, NULL, 1, false);
INSERT INTO test (id_test, cd_test, description, label, rank, weight, rule_archive_name, rule_class_name, rule_design_url, id_criterion, id_decision_level, id_level, id_rule, id_scope, no_process) VALUES (1542, 'Rgaa40-10-14-2', '', '10.14.2', 183, 1.0, 'rgaa40', 'org.asqatasun.rules.rgaa40.Rgaa40Rule101402', 'https://doc.asqatasun.org/v5/en/Business-rules/RGAA-v4/10.Presentation_of_information/Rule-10-14-2/', 544, NULL, 1, NULL, 1, false);
INSERT INTO test (id_test, cd_test, description, label, rank, weight, rule_archive_name, rule_class_name, rule_design_url, id_criterion, id_decision_level, id_level, id_rule, id_scope, no_process) VALUES (1543, 'Rgaa40-11-1-1', '', '11.1.1', 184, 1.0, 'rgaa40', 'org.asqatasun.rules.rgaa40.Rgaa40Rule110101', 'https://doc.asqatasun.org/v5/en/Business-rules/RGAA-v4/11.Forms/Rule-11-1-1/', 545, NULL, 1, NULL, 1, false);
INSERT INTO test (id_test, cd_test, description, label, rank, weight, rule_archive_name, rule_class_name, rule_design_url, id_criterion, id_decision_level, id_level, id_rule, id_scope, no_process) VALUES (1544, 'Rgaa40-11-1-2', '', '11.1.2', 185, 1.0, 'rgaa40', 'org.asqatasun.rules.rgaa40.Rgaa40Rule110102', 'https://doc.asqatasun.org/v5/en/Business-rules/RGAA-v4/11.Forms/Rule-11-1-2/', 545, NULL, 1, NULL, 1, false);
INSERT INTO test (id_test, cd_test, description, label, rank, weight, rule_archive_name, rule_class_name, rule_design_url, id_criterion, id_decision_level, id_level, id_rule, id_scope, no_process) VALUES (1545, 'Rgaa40-11-1-3', '', '11.1.3', 186, 1.0, 'rgaa40', 'org.asqatasun.rules.rgaa40.Rgaa40Rule110103', 'https://doc.asqatasun.org/v5/en/Business-rules/RGAA-v4/11.Forms/Rule-11-1-3/', 545, NULL, 1, NULL, 1, false);
INSERT INTO test (id_test, cd_test, description, label, rank, weight, rule_archive_name, rule_class_name, rule_design_url, id_criterion, id_decision_level, id_level, id_rule, id_scope, no_process) VALUES (1546, 'Rgaa40-11-2-1', '', '11.2.1', 187, 1.0, 'rgaa40', 'org.asqatasun.rules.rgaa40.Rgaa40Rule110201', 'https://doc.asqatasun.org/v5/en/Business-rules/RGAA-v4/11.Forms/Rule-11-2-1/', 546, NULL, 1, NULL, 1, false);
INSERT INTO test (id_test, cd_test, description, label, rank, weight, rule_archive_name, rule_class_name, rule_design_url, id_criterion, id_decision_level, id_level, id_rule, id_scope, no_process) VALUES (1547, 'Rgaa40-11-2-2', '', '11.2.2', 188, 1.0, 'rgaa40', 'org.asqatasun.rules.rgaa40.Rgaa40Rule110202', 'https://doc.asqatasun.org/v5/en/Business-rules/RGAA-v4/11.Forms/Rule-11-2-2/', 546, NULL, 1, NULL, 1, false);
INSERT INTO test (id_test, cd_test, description, label, rank, weight, rule_archive_name, rule_class_name, rule_design_url, id_criterion, id_decision_level, id_level, id_rule, id_scope, no_process) VALUES (1548, 'Rgaa40-11-2-3', '', '11.2.3', 189, 1.0, 'rgaa40', 'org.asqatasun.rules.rgaa40.Rgaa40Rule110203', 'https://doc.asqatasun.org/v5/en/Business-rules/RGAA-v4/11.Forms/Rule-11-2-3/', 546, NULL, 1, NULL, 1, false);
INSERT INTO test (id_test, cd_test, description, label, rank, weight, rule_archive_name, rule_class_name, rule_design_url, id_criterion, id_decision_level, id_level, id_rule, id_scope, no_process) VALUES (1549, 'Rgaa40-11-2-4', '', '11.2.4', 190, 1.0, 'rgaa40', 'org.asqatasun.rules.rgaa40.Rgaa40Rule110204', 'https://doc.asqatasun.org/v5/en/Business-rules/RGAA-v4/11.Forms/Rule-11-2-4/', 546, NULL, 1, NULL, 1, false);
INSERT INTO test (id_test, cd_test, description, label, rank, weight, rule_archive_name, rule_class_name, rule_design_url, id_criterion, id_decision_level, id_level, id_rule, id_scope, no_process) VALUES (1550, 'Rgaa40-11-2-5', '', '11.2.5', 191, 1.0, 'rgaa40', 'org.asqatasun.rules.rgaa40.Rgaa40Rule110205', 'https://doc.asqatasun.org/v5/en/Business-rules/RGAA-v4/11.Forms/Rule-11-2-5/', 546, NULL, 1, NULL, 1, false);
INSERT INTO test (id_test, cd_test, description, label, rank, weight, rule_archive_name, rule_class_name, rule_design_url, id_criterion, id_decision_level, id_level, id_rule, id_scope, no_process) VALUES (1551, 'Rgaa40-11-2-6', '', '11.2.6', 192, 1.0, 'rgaa40', 'org.asqatasun.rules.rgaa40.Rgaa40Rule110206', 'https://doc.asqatasun.org/v5/en/Business-rules/RGAA-v4/11.Forms/Rule-11-2-6/', 546, NULL, 1, NULL, 1, false);
INSERT INTO test (id_test, cd_test, description, label, rank, weight, rule_archive_name, rule_class_name, rule_design_url, id_criterion, id_decision_level, id_level, id_rule, id_scope, no_process) VALUES (1552, 'Rgaa40-11-3-1', '', '11.3.1', 193, 1.0, 'rgaa40', 'org.asqatasun.rules.rgaa40.Rgaa40Rule110301', 'https://doc.asqatasun.org/v5/en/Business-rules/RGAA-v4/11.Forms/Rule-11-3-1/', 547, NULL, 2, NULL, 1, false);
INSERT INTO test (id_test, cd_test, description, label, rank, weight, rule_archive_name, rule_class_name, rule_design_url, id_criterion, id_decision_level, id_level, id_rule, id_scope, no_process) VALUES (1553, 'Rgaa40-11-3-2', '', '11.3.2', 194, 1.0, 'rgaa40', 'org.asqatasun.rules.rgaa40.Rgaa40Rule110302', 'https://doc.asqatasun.org/v5/en/Business-rules/RGAA-v4/11.Forms/Rule-11-3-2/', 547, NULL, 2, NULL, 1, false);
INSERT INTO test (id_test, cd_test, description, label, rank, weight, rule_archive_name, rule_class_name, rule_design_url, id_criterion, id_decision_level, id_level, id_rule, id_scope, no_process) VALUES (1554, 'Rgaa40-11-4-1', '', '11.4.1', 195, 1.0, 'rgaa40', 'org.asqatasun.rules.rgaa40.Rgaa40Rule110401', 'https://doc.asqatasun.org/v5/en/Business-rules/RGAA-v4/11.Forms/Rule-11-4-1/', 548, NULL, 2, NULL, 1, false);
INSERT INTO test (id_test, cd_test, description, label, rank, weight, rule_archive_name, rule_class_name, rule_design_url, id_criterion, id_decision_level, id_level, id_rule, id_scope, no_process) VALUES (1555, 'Rgaa40-11-4-2', '', '11.4.2', 196, 1.0, 'rgaa40', 'org.asqatasun.rules.rgaa40.Rgaa40Rule110402', 'https://doc.asqatasun.org/v5/en/Business-rules/RGAA-v4/11.Forms/Rule-11-4-2/', 548, NULL, 2, NULL, 1, false);
INSERT INTO test (id_test, cd_test, description, label, rank, weight, rule_archive_name, rule_class_name, rule_design_url, id_criterion, id_decision_level, id_level, id_rule, id_scope, no_process) VALUES (1556, 'Rgaa40-11-4-3', '', '11.4.3', 197, 1.0, 'rgaa40', 'org.asqatasun.rules.rgaa40.Rgaa40Rule110403', 'https://doc.asqatasun.org/v5/en/Business-rules/RGAA-v4/11.Forms/Rule-11-4-3/', 548, NULL, 2, NULL, 1, false);
INSERT INTO test (id_test, cd_test, description, label, rank, weight, rule_archive_name, rule_class_name, rule_design_url, id_criterion, id_decision_level, id_level, id_rule, id_scope, no_process) VALUES (1557, 'Rgaa40-11-5-1', '', '11.5.1', 198, 1.0, 'rgaa40', 'org.asqatasun.rules.rgaa40.Rgaa40Rule110501', 'https://doc.asqatasun.org/v5/en/Business-rules/RGAA-v4/11.Forms/Rule-11-5-1/', 549, NULL, 1, NULL, 1, false);
INSERT INTO test (id_test, cd_test, description, label, rank, weight, rule_archive_name, rule_class_name, rule_design_url, id_criterion, id_decision_level, id_level, id_rule, id_scope, no_process) VALUES (1558, 'Rgaa40-11-6-1', '', '11.6.1', 199, 1.0, 'rgaa40', 'org.asqatasun.rules.rgaa40.Rgaa40Rule110601', 'https://doc.asqatasun.org/v5/en/Business-rules/RGAA-v4/11.Forms/Rule-11-6-1/', 550, NULL, 1, NULL, 1, false);
INSERT INTO test (id_test, cd_test, description, label, rank, weight, rule_archive_name, rule_class_name, rule_design_url, id_criterion, id_decision_level, id_level, id_rule, id_scope, no_process) VALUES (1559, 'Rgaa40-11-7-1', '', '11.7.1', 200, 1.0, 'rgaa40', 'org.asqatasun.rules.rgaa40.Rgaa40Rule110701', 'https://doc.asqatasun.org/v5/en/Business-rules/RGAA-v4/11.Forms/Rule-11-7-1/', 551, NULL, 1, NULL, 1, false);
INSERT INTO test (id_test, cd_test, description, label, rank, weight, rule_archive_name, rule_class_name, rule_design_url, id_criterion, id_decision_level, id_level, id_rule, id_scope, no_process) VALUES (1560, 'Rgaa40-11-8-1', '', '11.8.1', 201, 1.0, 'rgaa40', 'org.asqatasun.rules.rgaa40.Rgaa40Rule110801', 'https://doc.asqatasun.org/v5/en/Business-rules/RGAA-v4/11.Forms/Rule-11-8-1/', 552, NULL, 1, NULL, 1, false);
INSERT INTO test (id_test, cd_test, description, label, rank, weight, rule_archive_name, rule_class_name, rule_design_url, id_criterion, id_decision_level, id_level, id_rule, id_scope, no_process) VALUES (1561, 'Rgaa40-11-8-2', '', '11.8.2', 202, 1.0, 'rgaa40', 'org.asqatasun.rules.rgaa40.Rgaa40Rule110802', 'https://doc.asqatasun.org/v5/en/Business-rules/RGAA-v4/11.Forms/Rule-11-8-2/', 552, NULL, 1, NULL, 1, false);
INSERT INTO test (id_test, cd_test, description, label, rank, weight, rule_archive_name, rule_class_name, rule_design_url, id_criterion, id_decision_level, id_level, id_rule, id_scope, no_process) VALUES (1562, 'Rgaa40-11-8-3', '', '11.8.3', 203, 1.0, 'rgaa40', 'org.asqatasun.rules.rgaa40.Rgaa40Rule110803', 'https://doc.asqatasun.org/v5/en/Business-rules/RGAA-v4/11.Forms/Rule-11-8-3/', 552, NULL, 1, NULL, 1, false);
INSERT INTO test (id_test, cd_test, description, label, rank, weight, rule_archive_name, rule_class_name, rule_design_url, id_criterion, id_decision_level, id_level, id_rule, id_scope, no_process) VALUES (1563, 'Rgaa40-11-9-1', '', '11.9.1', 204, 1.0, 'rgaa40', 'org.asqatasun.rules.rgaa40.Rgaa40Rule110901', 'https://doc.asqatasun.org/v5/en/Business-rules/RGAA-v4/11.Forms/Rule-11-9-1/', 553, NULL, 1, NULL, 1, false);
INSERT INTO test (id_test, cd_test, description, label, rank, weight, rule_archive_name, rule_class_name, rule_design_url, id_criterion, id_decision_level, id_level, id_rule, id_scope, no_process) VALUES (1564, 'Rgaa40-11-9-2', '', '11.9.2', 205, 1.0, 'rgaa40', 'org.asqatasun.rules.rgaa40.Rgaa40Rule110902', 'https://doc.asqatasun.org/v5/en/Business-rules/RGAA-v4/11.Forms/Rule-11-9-2/', 553, NULL, 1, NULL, 1, false);
INSERT INTO test (id_test, cd_test, description, label, rank, weight, rule_archive_name, rule_class_name, rule_design_url, id_criterion, id_decision_level, id_level, id_rule, id_scope, no_process) VALUES (1565, 'Rgaa40-11-10-1', '', '11.10.1', 206, 1.0, 'rgaa40', 'org.asqatasun.rules.rgaa40.Rgaa40Rule111001', 'https://doc.asqatasun.org/v5/en/Business-rules/RGAA-v4/11.Forms/Rule-11-10-1/', 554, NULL, 1, NULL, 1, false);
INSERT INTO test (id_test, cd_test, description, label, rank, weight, rule_archive_name, rule_class_name, rule_design_url, id_criterion, id_decision_level, id_level, id_rule, id_scope, no_process) VALUES (1566, 'Rgaa40-11-10-2', '', '11.10.2', 207, 1.0, 'rgaa40', 'org.asqatasun.rules.rgaa40.Rgaa40Rule111002', 'https://doc.asqatasun.org/v5/en/Business-rules/RGAA-v4/11.Forms/Rule-11-10-2/', 554, NULL, 1, NULL, 1, false);
INSERT INTO test (id_test, cd_test, description, label, rank, weight, rule_archive_name, rule_class_name, rule_design_url, id_criterion, id_decision_level, id_level, id_rule, id_scope, no_process) VALUES (1567, 'Rgaa40-11-10-3', '', '11.10.3', 208, 1.0, 'rgaa40', 'org.asqatasun.rules.rgaa40.Rgaa40Rule111003', 'https://doc.asqatasun.org/v5/en/Business-rules/RGAA-v4/11.Forms/Rule-11-10-3/', 554, NULL, 1, NULL, 1, false);
INSERT INTO test (id_test, cd_test, description, label, rank, weight, rule_archive_name, rule_class_name, rule_design_url, id_criterion, id_decision_level, id_level, id_rule, id_scope, no_process) VALUES (1568, 'Rgaa40-11-10-4', '', '11.10.4', 209, 1.0, 'rgaa40', 'org.asqatasun.rules.rgaa40.Rgaa40Rule111004', 'https://doc.asqatasun.org/v5/en/Business-rules/RGAA-v4/11.Forms/Rule-11-10-4/', 554, NULL, 1, NULL, 1, false);
INSERT INTO test (id_test, cd_test, description, label, rank, weight, rule_archive_name, rule_class_name, rule_design_url, id_criterion, id_decision_level, id_level, id_rule, id_scope, no_process) VALUES (1569, 'Rgaa40-11-10-5', '', '11.10.5', 210, 1.0, 'rgaa40', 'org.asqatasun.rules.rgaa40.Rgaa40Rule111005', 'https://doc.asqatasun.org/v5/en/Business-rules/RGAA-v4/11.Forms/Rule-11-10-5/', 554, NULL, 1, NULL, 1, false);
INSERT INTO test (id_test, cd_test, description, label, rank, weight, rule_archive_name, rule_class_name, rule_design_url, id_criterion, id_decision_level, id_level, id_rule, id_scope, no_process) VALUES (1570, 'Rgaa40-11-10-6', '', '11.10.6', 211, 1.0, 'rgaa40', 'org.asqatasun.rules.rgaa40.Rgaa40Rule111006', 'https://doc.asqatasun.org/v5/en/Business-rules/RGAA-v4/11.Forms/Rule-11-10-6/', 554, NULL, 1, NULL, 1, false);
INSERT INTO test (id_test, cd_test, description, label, rank, weight, rule_archive_name, rule_class_name, rule_design_url, id_criterion, id_decision_level, id_level, id_rule, id_scope, no_process) VALUES (1571, 'Rgaa40-11-10-7', '', '11.10.7', 212, 1.0, 'rgaa40', 'org.asqatasun.rules.rgaa40.Rgaa40Rule111007', 'https://doc.asqatasun.org/v5/en/Business-rules/RGAA-v4/11.Forms/Rule-11-10-7/', 554, NULL, 1, NULL, 1, false);
INSERT INTO test (id_test, cd_test, description, label, rank, weight, rule_archive_name, rule_class_name, rule_design_url, id_criterion, id_decision_level, id_level, id_rule, id_scope, no_process) VALUES (1572, 'Rgaa40-11-11-1', '', '11.11.1', 213, 1.0, 'rgaa40', 'org.asqatasun.rules.rgaa40.Rgaa40Rule111101', 'https://doc.asqatasun.org/v5/en/Business-rules/RGAA-v4/11.Forms/Rule-11-11-1/', 555, NULL, 2, NULL, 1, false);
INSERT INTO test (id_test, cd_test, description, label, rank, weight, rule_archive_name, rule_class_name, rule_design_url, id_criterion, id_decision_level, id_level, id_rule, id_scope, no_process) VALUES (1573, 'Rgaa40-11-11-2', '', '11.11.2', 214, 1.0, 'rgaa40', 'org.asqatasun.rules.rgaa40.Rgaa40Rule111102', 'https://doc.asqatasun.org/v5/en/Business-rules/RGAA-v4/11.Forms/Rule-11-11-2/', 555, NULL, 2, NULL, 1, false);
INSERT INTO test (id_test, cd_test, description, label, rank, weight, rule_archive_name, rule_class_name, rule_design_url, id_criterion, id_decision_level, id_level, id_rule, id_scope, no_process) VALUES (1574, 'Rgaa40-11-12-1', '', '11.12.1', 215, 1.0, 'rgaa40', 'org.asqatasun.rules.rgaa40.Rgaa40Rule111201', 'https://doc.asqatasun.org/v5/en/Business-rules/RGAA-v4/11.Forms/Rule-11-12-1/', 556, NULL, 2, NULL, 1, false);
INSERT INTO test (id_test, cd_test, description, label, rank, weight, rule_archive_name, rule_class_name, rule_design_url, id_criterion, id_decision_level, id_level, id_rule, id_scope, no_process) VALUES (1575, 'Rgaa40-11-12-2', '', '11.12.2', 216, 1.0, 'rgaa40', 'org.asqatasun.rules.rgaa40.Rgaa40Rule111202', 'https://doc.asqatasun.org/v5/en/Business-rules/RGAA-v4/11.Forms/Rule-11-12-2/', 556, NULL, 2, NULL, 1, false);
INSERT INTO test (id_test, cd_test, description, label, rank, weight, rule_archive_name, rule_class_name, rule_design_url, id_criterion, id_decision_level, id_level, id_rule, id_scope, no_process) VALUES (1576, 'Rgaa40-11-13-1', '', '11.13.1', 217, 1.0, 'rgaa40', 'org.asqatasun.rules.rgaa40.Rgaa40Rule111301', 'https://doc.asqatasun.org/v5/en/Business-rules/RGAA-v4/11.Forms/Rule-11-13-1/', 557, NULL, 2, NULL, 1, false);
INSERT INTO test (id_test, cd_test, description, label, rank, weight, rule_archive_name, rule_class_name, rule_design_url, id_criterion, id_decision_level, id_level, id_rule, id_scope, no_process) VALUES (1577, 'Rgaa40-12-1-1', '', '12.1.1', 218, 1.0, 'rgaa40', 'org.asqatasun.rules.rgaa40.Rgaa40Rule120101', 'https://doc.asqatasun.org/v5/en/Business-rules/RGAA-v4/12.Navigation/Rule-12-1-1/', 558, NULL, 2, NULL, 1, false);
INSERT INTO test (id_test, cd_test, description, label, rank, weight, rule_archive_name, rule_class_name, rule_design_url, id_criterion, id_decision_level, id_level, id_rule, id_scope, no_process) VALUES (1578, 'Rgaa40-12-2-1', '', '12.2.1', 219, 1.0, 'rgaa40', 'org.asqatasun.rules.rgaa40.Rgaa40Rule120201', 'https://doc.asqatasun.org/v5/en/Business-rules/RGAA-v4/12.Navigation/Rule-12-2-1/', 559, NULL, 2, NULL, 1, false);
INSERT INTO test (id_test, cd_test, description, label, rank, weight, rule_archive_name, rule_class_name, rule_design_url, id_criterion, id_decision_level, id_level, id_rule, id_scope, no_process) VALUES (1579, 'Rgaa40-12-3-1', '', '12.3.1', 220, 1.0, 'rgaa40', 'org.asqatasun.rules.rgaa40.Rgaa40Rule120301', 'https://doc.asqatasun.org/v5/en/Business-rules/RGAA-v4/12.Navigation/Rule-12-3-1/', 560, NULL, 2, NULL, 1, false);
INSERT INTO test (id_test, cd_test, description, label, rank, weight, rule_archive_name, rule_class_name, rule_design_url, id_criterion, id_decision_level, id_level, id_rule, id_scope, no_process) VALUES (1580, 'Rgaa40-12-3-2', '', '12.3.2', 221, 1.0, 'rgaa40', 'org.asqatasun.rules.rgaa40.Rgaa40Rule120302', 'https://doc.asqatasun.org/v5/en/Business-rules/RGAA-v4/12.Navigation/Rule-12-3-2/', 560, NULL, 2, NULL, 1, false);
INSERT INTO test (id_test, cd_test, description, label, rank, weight, rule_archive_name, rule_class_name, rule_design_url, id_criterion, id_decision_level, id_level, id_rule, id_scope, no_process) VALUES (1581, 'Rgaa40-12-3-3', '', '12.3.3', 222, 1.0, 'rgaa40', 'org.asqatasun.rules.rgaa40.Rgaa40Rule120303', 'https://doc.asqatasun.org/v5/en/Business-rules/RGAA-v4/12.Navigation/Rule-12-3-3/', 560, NULL, 2, NULL, 1, false);
INSERT INTO test (id_test, cd_test, description, label, rank, weight, rule_archive_name, rule_class_name, rule_design_url, id_criterion, id_decision_level, id_level, id_rule, id_scope, no_process) VALUES (1582, 'Rgaa40-12-4-1', '', '12.4.1', 223, 1.0, 'rgaa40', 'org.asqatasun.rules.rgaa40.Rgaa40Rule120401', 'https://doc.asqatasun.org/v5/en/Business-rules/RGAA-v4/12.Navigation/Rule-12-4-1/', 561, NULL, 2, NULL, 1, false);
INSERT INTO test (id_test, cd_test, description, label, rank, weight, rule_archive_name, rule_class_name, rule_design_url, id_criterion, id_decision_level, id_level, id_rule, id_scope, no_process) VALUES (1583, 'Rgaa40-12-4-2', '', '12.4.2', 224, 1.0, 'rgaa40', 'org.asqatasun.rules.rgaa40.Rgaa40Rule120402', 'https://doc.asqatasun.org/v5/en/Business-rules/RGAA-v4/12.Navigation/Rule-12-4-2/', 561, NULL, 2, NULL, 1, false);
INSERT INTO test (id_test, cd_test, description, label, rank, weight, rule_archive_name, rule_class_name, rule_design_url, id_criterion, id_decision_level, id_level, id_rule, id_scope, no_process) VALUES (1584, 'Rgaa40-12-4-3', '', '12.4.3', 225, 1.0, 'rgaa40', 'org.asqatasun.rules.rgaa40.Rgaa40Rule120403', 'https://doc.asqatasun.org/v5/en/Business-rules/RGAA-v4/12.Navigation/Rule-12-4-3/', 561, NULL, 2, NULL, 1, false);
INSERT INTO test (id_test, cd_test, description, label, rank, weight, rule_archive_name, rule_class_name, rule_design_url, id_criterion, id_decision_level, id_level, id_rule, id_scope, no_process) VALUES (1585, 'Rgaa40-12-5-1', '', '12.5.1', 226, 1.0, 'rgaa40', 'org.asqatasun.rules.rgaa40.Rgaa40Rule120501', 'https://doc.asqatasun.org/v5/en/Business-rules/RGAA-v4/12.Navigation/Rule-12-5-1/', 562, NULL, 2, NULL, 1, false);
INSERT INTO test (id_test, cd_test, description, label, rank, weight, rule_archive_name, rule_class_name, rule_design_url, id_criterion, id_decision_level, id_level, id_rule, id_scope, no_process) VALUES (1586, 'Rgaa40-12-5-2', '', '12.5.2', 227, 1.0, 'rgaa40', 'org.asqatasun.rules.rgaa40.Rgaa40Rule120502', 'https://doc.asqatasun.org/v5/en/Business-rules/RGAA-v4/12.Navigation/Rule-12-5-2/', 562, NULL, 2, NULL, 1, false);
INSERT INTO test (id_test, cd_test, description, label, rank, weight, rule_archive_name, rule_class_name, rule_design_url, id_criterion, id_decision_level, id_level, id_rule, id_scope, no_process) VALUES (1587, 'Rgaa40-12-5-3', '', '12.5.3', 228, 1.0, 'rgaa40', 'org.asqatasun.rules.rgaa40.Rgaa40Rule120503', 'https://doc.asqatasun.org/v5/en/Business-rules/RGAA-v4/12.Navigation/Rule-12-5-3/', 562, NULL, 2, NULL, 1, false);
INSERT INTO test (id_test, cd_test, description, label, rank, weight, rule_archive_name, rule_class_name, rule_design_url, id_criterion, id_decision_level, id_level, id_rule, id_scope, no_process) VALUES (1588, 'Rgaa40-12-6-1', '', '12.6.1', 229, 1.0, 'rgaa40', 'org.asqatasun.rules.rgaa40.Rgaa40Rule120601', 'https://doc.asqatasun.org/v5/en/Business-rules/RGAA-v4/12.Navigation/Rule-12-6-1/', 563, NULL, 1, NULL, 1, false);
INSERT INTO test (id_test, cd_test, description, label, rank, weight, rule_archive_name, rule_class_name, rule_design_url, id_criterion, id_decision_level, id_level, id_rule, id_scope, no_process) VALUES (1589, 'Rgaa40-12-7-1', '', '12.7.1', 230, 1.0, 'rgaa40', 'org.asqatasun.rules.rgaa40.Rgaa40Rule120701', 'https://doc.asqatasun.org/v5/en/Business-rules/RGAA-v4/12.Navigation/Rule-12-7-1/', 564, NULL, 1, NULL, 1, false);
INSERT INTO test (id_test, cd_test, description, label, rank, weight, rule_archive_name, rule_class_name, rule_design_url, id_criterion, id_decision_level, id_level, id_rule, id_scope, no_process) VALUES (1590, 'Rgaa40-12-7-2', '', '12.7.2', 231, 1.0, 'rgaa40', 'org.asqatasun.rules.rgaa40.Rgaa40Rule120702', 'https://doc.asqatasun.org/v5/en/Business-rules/RGAA-v4/12.Navigation/Rule-12-7-2/', 564, NULL, 1, NULL, 1, false);
INSERT INTO test (id_test, cd_test, description, label, rank, weight, rule_archive_name, rule_class_name, rule_design_url, id_criterion, id_decision_level, id_level, id_rule, id_scope, no_process) VALUES (1591, 'Rgaa40-12-8-1', '', '12.8.1', 232, 1.0, 'rgaa40', 'org.asqatasun.rules.rgaa40.Rgaa40Rule120801', 'https://doc.asqatasun.org/v5/en/Business-rules/RGAA-v4/12.Navigation/Rule-12-8-1/', 565, NULL, 1, NULL, 1, false);
INSERT INTO test (id_test, cd_test, description, label, rank, weight, rule_archive_name, rule_class_name, rule_design_url, id_criterion, id_decision_level, id_level, id_rule, id_scope, no_process) VALUES (1592, 'Rgaa40-12-8-2', '', '12.8.2', 233, 1.0, 'rgaa40', 'org.asqatasun.rules.rgaa40.Rgaa40Rule120802', 'https://doc.asqatasun.org/v5/en/Business-rules/RGAA-v4/12.Navigation/Rule-12-8-2/', 565, NULL, 1, NULL, 1, false);
INSERT INTO test (id_test, cd_test, description, label, rank, weight, rule_archive_name, rule_class_name, rule_design_url, id_criterion, id_decision_level, id_level, id_rule, id_scope, no_process) VALUES (1593, 'Rgaa40-12-9-1', '', '12.9.1', 234, 1.0, 'rgaa40', 'org.asqatasun.rules.rgaa40.Rgaa40Rule120901', 'https://doc.asqatasun.org/v5/en/Business-rules/RGAA-v4/12.Navigation/Rule-12-9-1/', 566, NULL, 1, NULL, 1, false);
INSERT INTO test (id_test, cd_test, description, label, rank, weight, rule_archive_name, rule_class_name, rule_design_url, id_criterion, id_decision_level, id_level, id_rule, id_scope, no_process) VALUES (1594, 'Rgaa40-12-10-1', '', '12.10.1', 235, 1.0, 'rgaa40', 'org.asqatasun.rules.rgaa40.Rgaa40Rule121001', 'https://doc.asqatasun.org/v5/en/Business-rules/RGAA-v4/12.Navigation/Rule-12-10-1/', 567, NULL, 1, NULL, 1, false);
INSERT INTO test (id_test, cd_test, description, label, rank, weight, rule_archive_name, rule_class_name, rule_design_url, id_criterion, id_decision_level, id_level, id_rule, id_scope, no_process) VALUES (1595, 'Rgaa40-12-11-1', '', '12.11.1', 236, 1.0, 'rgaa40', 'org.asqatasun.rules.rgaa40.Rgaa40Rule121101', 'https://doc.asqatasun.org/v5/en/Business-rules/RGAA-v4/12.Navigation/Rule-12-11-1/', 568, NULL, 1, NULL, 1, false);
INSERT INTO test (id_test, cd_test, description, label, rank, weight, rule_archive_name, rule_class_name, rule_design_url, id_criterion, id_decision_level, id_level, id_rule, id_scope, no_process) VALUES (1596, 'Rgaa40-13-1-1', '', '13.1.1', 237, 1.0, 'rgaa40', 'org.asqatasun.rules.rgaa40.Rgaa40Rule130101', 'https://doc.asqatasun.org/v5/en/Business-rules/RGAA-v4/13.Consultation/Rule-13-1-1/', 569, NULL, 1, NULL, 1, false);
INSERT INTO test (id_test, cd_test, description, label, rank, weight, rule_archive_name, rule_class_name, rule_design_url, id_criterion, id_decision_level, id_level, id_rule, id_scope, no_process) VALUES (1597, 'Rgaa40-13-1-2', '', '13.1.2', 238, 1.0, 'rgaa40', 'org.asqatasun.rules.rgaa40.Rgaa40Rule130102', 'https://doc.asqatasun.org/v5/en/Business-rules/RGAA-v4/13.Consultation/Rule-13-1-2/', 569, NULL, 1, NULL, 1, false);
INSERT INTO test (id_test, cd_test, description, label, rank, weight, rule_archive_name, rule_class_name, rule_design_url, id_criterion, id_decision_level, id_level, id_rule, id_scope, no_process) VALUES (1598, 'Rgaa40-13-1-3', '', '13.1.3', 239, 1.0, 'rgaa40', 'org.asqatasun.rules.rgaa40.Rgaa40Rule130103', 'https://doc.asqatasun.org/v5/en/Business-rules/RGAA-v4/13.Consultation/Rule-13-1-3/', 569, NULL, 1, NULL, 1, false);
INSERT INTO test (id_test, cd_test, description, label, rank, weight, rule_archive_name, rule_class_name, rule_design_url, id_criterion, id_decision_level, id_level, id_rule, id_scope, no_process) VALUES (1599, 'Rgaa40-13-1-4', '', '13.1.4', 240, 1.0, 'rgaa40', 'org.asqatasun.rules.rgaa40.Rgaa40Rule130104', 'https://doc.asqatasun.org/v5/en/Business-rules/RGAA-v4/13.Consultation/Rule-13-1-4/', 569, NULL, 1, NULL, 1, false);
INSERT INTO test (id_test, cd_test, description, label, rank, weight, rule_archive_name, rule_class_name, rule_design_url, id_criterion, id_decision_level, id_level, id_rule, id_scope, no_process) VALUES (1600, 'Rgaa40-13-2-1', '', '13.2.1', 241, 1.0, 'rgaa40', 'org.asqatasun.rules.rgaa40.Rgaa40Rule130201', 'https://doc.asqatasun.org/v5/en/Business-rules/RGAA-v4/13.Consultation/Rule-13-2-1/', 570, NULL, 1, NULL, 1, false);
INSERT INTO test (id_test, cd_test, description, label, rank, weight, rule_archive_name, rule_class_name, rule_design_url, id_criterion, id_decision_level, id_level, id_rule, id_scope, no_process) VALUES (1601, 'Rgaa40-13-3-1', '', '13.3.1', 242, 1.0, 'rgaa40', 'org.asqatasun.rules.rgaa40.Rgaa40Rule130301', 'https://doc.asqatasun.org/v5/en/Business-rules/RGAA-v4/13.Consultation/Rule-13-3-1/', 571, NULL, 1, NULL, 1, false);
INSERT INTO test (id_test, cd_test, description, label, rank, weight, rule_archive_name, rule_class_name, rule_design_url, id_criterion, id_decision_level, id_level, id_rule, id_scope, no_process) VALUES (1602, 'Rgaa40-13-4-1', '', '13.4.1', 243, 1.0, 'rgaa40', 'org.asqatasun.rules.rgaa40.Rgaa40Rule130401', 'https://doc.asqatasun.org/v5/en/Business-rules/RGAA-v4/13.Consultation/Rule-13-4-1/', 572, NULL, 1, NULL, 1, false);
INSERT INTO test (id_test, cd_test, description, label, rank, weight, rule_archive_name, rule_class_name, rule_design_url, id_criterion, id_decision_level, id_level, id_rule, id_scope, no_process) VALUES (1603, 'Rgaa40-13-5-1', '', '13.5.1', 244, 1.0, 'rgaa40', 'org.asqatasun.rules.rgaa40.Rgaa40Rule130501', 'https://doc.asqatasun.org/v5/en/Business-rules/RGAA-v4/13.Consultation/Rule-13-5-1/', 573, NULL, 1, NULL, 1, false);
INSERT INTO test (id_test, cd_test, description, label, rank, weight, rule_archive_name, rule_class_name, rule_design_url, id_criterion, id_decision_level, id_level, id_rule, id_scope, no_process) VALUES (1604, 'Rgaa40-13-6-1', '', '13.6.1', 245, 1.0, 'rgaa40', 'org.asqatasun.rules.rgaa40.Rgaa40Rule130601', 'https://doc.asqatasun.org/v5/en/Business-rules/RGAA-v4/13.Consultation/Rule-13-6-1/', 574, NULL, 1, NULL, 1, false);
INSERT INTO test (id_test, cd_test, description, label, rank, weight, rule_archive_name, rule_class_name, rule_design_url, id_criterion, id_decision_level, id_level, id_rule, id_scope, no_process) VALUES (1605, 'Rgaa40-13-7-1', '', '13.7.1', 246, 1.0, 'rgaa40', 'org.asqatasun.rules.rgaa40.Rgaa40Rule130701', 'https://doc.asqatasun.org/v5/en/Business-rules/RGAA-v4/13.Consultation/Rule-13-7-1/', 575, NULL, 1, NULL, 1, false);
INSERT INTO test (id_test, cd_test, description, label, rank, weight, rule_archive_name, rule_class_name, rule_design_url, id_criterion, id_decision_level, id_level, id_rule, id_scope, no_process) VALUES (1606, 'Rgaa40-13-7-2', '', '13.7.2', 247, 1.0, 'rgaa40', 'org.asqatasun.rules.rgaa40.Rgaa40Rule130702', 'https://doc.asqatasun.org/v5/en/Business-rules/RGAA-v4/13.Consultation/Rule-13-7-2/', 575, NULL, 1, NULL, 1, false);
INSERT INTO test (id_test, cd_test, description, label, rank, weight, rule_archive_name, rule_class_name, rule_design_url, id_criterion, id_decision_level, id_level, id_rule, id_scope, no_process) VALUES (1607, 'Rgaa40-13-7-3', '', '13.7.3', 248, 1.0, 'rgaa40', 'org.asqatasun.rules.rgaa40.Rgaa40Rule130703', 'https://doc.asqatasun.org/v5/en/Business-rules/RGAA-v4/13.Consultation/Rule-13-7-3/', 575, NULL, 1, NULL, 1, false);
INSERT INTO test (id_test, cd_test, description, label, rank, weight, rule_archive_name, rule_class_name, rule_design_url, id_criterion, id_decision_level, id_level, id_rule, id_scope, no_process) VALUES (1608, 'Rgaa40-13-8-1', '', '13.8.1', 249, 1.0, 'rgaa40', 'org.asqatasun.rules.rgaa40.Rgaa40Rule130801', 'https://doc.asqatasun.org/v5/en/Business-rules/RGAA-v4/13.Consultation/Rule-13-8-1/', 576, NULL, 1, NULL, 1, false);
INSERT INTO test (id_test, cd_test, description, label, rank, weight, rule_archive_name, rule_class_name, rule_design_url, id_criterion, id_decision_level, id_level, id_rule, id_scope, no_process) VALUES (1609, 'Rgaa40-13-8-2', '', '13.8.2', 250, 1.0, 'rgaa40', 'org.asqatasun.rules.rgaa40.Rgaa40Rule130802', 'https://doc.asqatasun.org/v5/en/Business-rules/RGAA-v4/13.Consultation/Rule-13-8-2/', 576, NULL, 1, NULL, 1, false);
INSERT INTO test (id_test, cd_test, description, label, rank, weight, rule_archive_name, rule_class_name, rule_design_url, id_criterion, id_decision_level, id_level, id_rule, id_scope, no_process) VALUES (1610, 'Rgaa40-13-9-1', '', '13.9.1', 251, 1.0, 'rgaa40', 'org.asqatasun.rules.rgaa40.Rgaa40Rule130901', 'https://doc.asqatasun.org/v5/en/Business-rules/RGAA-v4/13.Consultation/Rule-13-9-1/', 577, NULL, 2, NULL, 1, false);
INSERT INTO test (id_test, cd_test, description, label, rank, weight, rule_archive_name, rule_class_name, rule_design_url, id_criterion, id_decision_level, id_level, id_rule, id_scope, no_process) VALUES (1611, 'Rgaa40-13-10-1', '', '13.10.1', 252, 1.0, 'rgaa40', 'org.asqatasun.rules.rgaa40.Rgaa40Rule131001', 'https://doc.asqatasun.org/v5/en/Business-rules/RGAA-v4/13.Consultation/Rule-13-10-1/', 578, NULL, 1, NULL, 1, false);
INSERT INTO test (id_test, cd_test, description, label, rank, weight, rule_archive_name, rule_class_name, rule_design_url, id_criterion, id_decision_level, id_level, id_rule, id_scope, no_process) VALUES (1612, 'Rgaa40-13-10-2', '', '13.10.2', 253, 1.0, 'rgaa40', 'org.asqatasun.rules.rgaa40.Rgaa40Rule131002', 'https://doc.asqatasun.org/v5/en/Business-rules/RGAA-v4/13.Consultation/Rule-13-10-2/', 578, NULL, 1, NULL, 1, false);
INSERT INTO test (id_test, cd_test, description, label, rank, weight, rule_archive_name, rule_class_name, rule_design_url, id_criterion, id_decision_level, id_level, id_rule, id_scope, no_process) VALUES (1613, 'Rgaa40-13-11-1', '', '13.11.1', 254, 1.0, 'rgaa40', 'org.asqatasun.rules.rgaa40.Rgaa40Rule131101', 'https://doc.asqatasun.org/v5/en/Business-rules/RGAA-v4/13.Consultation/Rule-13-11-1/', 579, NULL, 1, NULL, 1, false);
INSERT INTO test (id_test, cd_test, description, label, rank, weight, rule_archive_name, rule_class_name, rule_design_url, id_criterion, id_decision_level, id_level, id_rule, id_scope, no_process) VALUES (1614, 'Rgaa40-13-12-1', '', '13.12.1', 255, 1.0, 'rgaa40', 'org.asqatasun.rules.rgaa40.Rgaa40Rule131201', 'https://doc.asqatasun.org/v5/en/Business-rules/RGAA-v4/13.Consultation/Rule-13-12-1/', 580, NULL, 1, NULL, 1, false);
INSERT INTO test (id_test, cd_test, description, label, rank, weight, rule_archive_name, rule_class_name, rule_design_url, id_criterion, id_decision_level, id_level, id_rule, id_scope, no_process) VALUES (1615, 'Rgaa40-13-12-2', '', '13.12.2', 256, 1.0, 'rgaa40', 'org.asqatasun.rules.rgaa40.Rgaa40Rule131202', 'https://doc.asqatasun.org/v5/en/Business-rules/RGAA-v4/13.Consultation/Rule-13-12-2/', 580, NULL, 1, NULL, 1, false);
INSERT INTO test (id_test, cd_test, description, label, rank, weight, rule_archive_name, rule_class_name, rule_design_url, id_criterion, id_decision_level, id_level, id_rule, id_scope, no_process) VALUES (1616, 'Rgaa40-13-12-3', '', '13.12.3', 257, 1.0, 'rgaa40', 'org.asqatasun.rules.rgaa40.Rgaa40Rule131203', 'https://doc.asqatasun.org/v5/en/Business-rules/RGAA-v4/13.Consultation/Rule-13-12-3/', 580, NULL, 1, NULL, 1, false);

SELECT setval('test_id_test_seq', (SELECT MAX(id_test) FROM test));

INSERT INTO parameter (id_parameter, parameter_value, id_parameter_element, is_default) VALUES (31, 'Seo;LEVEL_3', 5, false);
INSERT INTO parameter (id_parameter, parameter_value, id_parameter_element, is_default) VALUES (32, 'Seo;LEVEL_2', 5, false);
INSERT INTO parameter (id_parameter, parameter_value, id_parameter_element, is_default) VALUES (33, 'Seo;LEVEL_1', 5, false);
INSERT INTO parameter (id_parameter, parameter_value, id_parameter_element, is_default) VALUES (34, 'Rgaa40;LEVEL_1', 5, false);
INSERT INTO parameter (id_parameter, parameter_value, id_parameter_element, is_default) VALUES (35, 'Rgaa40;LEVEL_2', 5, true);
INSERT INTO parameter (id_parameter, parameter_value, id_parameter_element, is_default) VALUES (36, 'Rgaa40;LEVEL_3', 5, false);
INSERT INTO parameter (id_parameter, parameter_value, id_parameter_element, is_default) VALUES (37, 'true', 47, true);
INSERT INTO parameter (id_parameter, parameter_value, id_parameter_element, is_default) VALUES (38, 'false', 47, false);

SELECT setval('parameter_id_parameter_seq', (SELECT MAX(id_parameter) FROM parameter));
