-- Converted by db_converter

START TRANSACTION;
SET standard_conforming_strings=off;
SET escape_string_warning=off;
SET CONSTRAINTS ALL DEFERRED;


CREATE TABLE "audit" (
    "id_audit" bigserial NOT NULL,
    "comment" varchar(510) DEFAULT NULL,
    "dt_creation" timestamp with time zone DEFAULT NULL,
    "status" varchar(510) DEFAULT NULL,
    PRIMARY KEY ("id_audit")
);

CREATE TABLE "audit_parameter" (
    "id_audit" bigint NOT NULL,
    "id_parameter" bigint NOT NULL
);

CREATE TABLE "audit_test" (
    "id_audit" bigint NOT NULL,
    "id_test" bigint NOT NULL
);

CREATE TABLE "content" (
    "id_content" bigserial NOT NULL,
    "dt_loading" timestamp with time zone DEFAULT NULL,
    "http_status_code" integer NOT NULL,
    "uri" varchar(4096) NOT NULL,
    "binary_content" BYTEA ,
    "adapted_content" text ,
    "source" text ,
    "charset" varchar(510) DEFAULT NULL,
    "doctype" varchar(1024) DEFAULT NULL,
    "id_audit" bigint DEFAULT NULL,
    "id_page" bigint DEFAULT NULL,
    "dtype" varchar(62) NOT NULL,
    PRIMARY KEY ("id_content")
);

CREATE TABLE "content_relationship" (
    "id_content_child" bigint NOT NULL,
    "id_content_parent" bigint NOT NULL,
    PRIMARY KEY ("id_content_child","id_content_parent")
);

CREATE TABLE "criterion" (
    "id_criterion" bigserial NOT NULL,
    "cd_criterion" varchar(510) DEFAULT NULL,
    "description" varchar(510) DEFAULT NULL,
    "label" varchar(510) DEFAULT NULL,
    "rank" integer DEFAULT NULL,
    "url" varchar(510) DEFAULT NULL,
    "reference_id_reference" bigint DEFAULT NULL,
    "theme_id_theme" bigint DEFAULT NULL,
    PRIMARY KEY ("id_criterion")
);

INSERT INTO "criterion" VALUES (1,'AW21-0101','Chaque image a-t-elle une alternative textuelle ?','1.1',1,'http://www.braillenet.org/accessibilite/referentiel-aw21/index.php#crit-1-1 ',1,1),(2,'AW21-0102','Pour chaque image de décoration ayant une alternative textuelle,  cette alternative est-elle vide ?','1.2',2,'http://www.braillenet.org/accessibilite/referentiel-aw21/index.php#crit-1-2',1,1),(3,'AW21-0103','Pour chaque image porteuse d''information ayant une alternative textuelle,  cette alternative est-elle pertinente (hors cas particuliers) ?','1.3',3,'http://www.braillenet.org/accessibilite/referentiel-aw21/index.php#crit-1-3 ',1,1),(4,'AW21-0104','Pour chaque image utilisée comme CAPTCHA ou comme image-test,  ayant une alternative textuelle,  cette alternative permet-elle d''identifier la nature et la fonction de l''image ?','1.4',4,'http://www.braillenet.org/accessibilite/referentiel-aw21/index.php#crit-1-4 ',1,1),(5,'AW21-0105','Pour chaque image utilisée comme CAPTCHA,  une solution d''accès alternatif au contenu ou à la fonction du CAPTCHA est-elle présente ?','1.5',5,'http://www.braillenet.org/accessibilite/referentiel-aw21/index.php#crit-1-5 ',1,1),(6,'AW21-0106','Chaque image porteuse d''information a-t-elle,  si nécessaire,  une description détaillée ?','1.6',6,'http://www.braillenet.org/accessibilite/referentiel-aw21/index.php#crit-1-6 ',1,1),(7,'AW21-0107','Pour chaque image porteuse d''information ayant une description détaillée,  cette description est-elle pertinente ?','1.7',7,'http://www.braillenet.org/accessibilite/referentiel-aw21/index.php#crit-1-7 ',1,1),(8,'AW21-0108','Chaque image texte,  en l''absence d''un mécanisme de remplacement,  doit si possible être remplacée par du texte stylé. Cette règle est-elle respectée (hors cas particuliers) ?','1.8',8,'http://www.braillenet.org/accessibilite/referentiel-aw21/index.php#crit-1-8 ',1,1),(9,'AW21-0109','Chaque image texte doit si possible être remplacée par du texte stylé. Cette règle est-elle respectée ?','1.9',9,'http://www.braillenet.org/accessibilite/referentiel-aw21/index.php#crit-1-9 ',1,1),(10,'AW21-0201','Chaque cadre et chaque cadre en ligne a-t-il un titre de cadre ?','2.1',10,'http://www.braillenet.org/accessibilite/referentiel-aw21/index.php#crit-2-1 ',1,2),(11,'AW21-0202','Pour chaque cadre et chaque cadre en ligne ayant un titre de cadre,  ce titre de cadre est-il pertinent ?','2.2',11,'http://www.braillenet.org/accessibilite/referentiel-aw21/index.php#crit-2-2 ',1,2),(12,'AW21-0301','Dans chaque page web,  l'' information ne doit pas être donnée uniquement par la couleur. Cette règle est-elle respectée ?','3.1',12,'http://www.braillenet.org/accessibilite/referentiel-aw21/index.php#crit-3-1 ',1,3),(13,'AW21-0302','Dans chaque page web,  l'' information ne doit pas être donnée uniquement par la couleur. Cette règle est-elle implémentée de façon pertinente ?','3.2',13,'http://www.braillenet.org/accessibilite/referentiel-aw21/index.php#crit-3-2 ',1,3),(14,'AW21-0303','Dans chaque page web,  le contraste entre la couleur du texte et la couleur de son arrière-plan est-il suffisamment élevé (hors cas particuliers) ?','3.3',14,'http://www.braillenet.org/accessibilite/referentiel-aw21/index.php#crit-3-3 ',1,3),(15,'AW21-0304','Dans chaque page web,  le contraste entre la couleur du texte et la couleur de son arrière-plan est-il amélioré (hors cas particuliers) ?','3.4',15,'http://www.braillenet.org/accessibilite/referentiel-aw21/index.php#crit-3-4 ',1,3),(16,'AW21-0401','Chaque média temporel pré-enregistré a-t-il,  si nécessaire,  une transcription textuelle ou une audio-description (hors cas particuliers) ?','4.1',16,'http://www.braillenet.org/accessibilite/referentiel-aw21/index.php#crit-4-1 ',1,4),(17,'AW21-0402','Pour chaque média temporel pré-enregistré ayant une transcription textuelle ou une audio-description synchronisée,  celles-ci sont-elles pertinentes (hors cas particuliers) ?','4.2',19,'http://www.braillenet.org/accessibilite/referentiel-aw21/index.php#crit-4-2 ',1,4),(18,'AW21-0403','Chaque média temporel synchronisé pré-enregistré a-t-il,  si nécessaire,  des sous-titres synchronisés (hors cas particuliers) ?','4.3',18,'http://www.braillenet.org/accessibilite/referentiel-aw21/index.php#crit-4-3 ',1,4),(19,'AW21-0404','Pour chaque média temporel synchronisé pré-enregistré ayant des sous-titres synchronisés,  ces sous-titres sont-ils pertinents ?','4.4',19,'http://www.braillenet.org/accessibilite/referentiel-aw21/index.php#crit-4-4 ',1,4),(20,'AW21-0405','Chaque média temporel en direct a-t-il,  si nécessaire,  des sous-titres synchronisés ou une transcription textuelle (hors cas particuliers) ?','4.5',20,'http://www.braillenet.org/accessibilite/referentiel-aw21/index.php#crit-4-5 ',1,4),(21,'AW21-0406','Pour chaque média temporel en direct ayant des sous-titres synchronisés ou une transcription textuelle,  ceux-ci sont-ils pertinents ?','4.6',21,'http://www.braillenet.org/accessibilite/referentiel-aw21/index.php#crit-4-6 ',1,4),(22,'AW21-0407','Chaque média temporel synchronisé pré-enregistré a-t-il,  si nécessaire,  une audio-description synchronisée ?','4.7',22,'http://www.braillenet.org/accessibilite/referentiel-aw21/index.php#crit-4-7 ',1,4),(23,'AW21-0408','Pour chaque média temporel pré-enregistré ayant une audio-description synchronisée,  celle-ci est-elle pertinente ?','4.8',23,'http://www.braillenet.org/accessibilite/referentiel-aw21/index.php#crit-4-8 ',1,4),(24,'AW21-0409','Chaque média temporel pré-enregistré a-t-il,  si nécessaire,  une interprétation en langue des signes (hors cas particuliers) ?','4.9',24,'http://www.braillenet.org/accessibilite/referentiel-aw21/index.php#crit-4-9 ',1,4),(25,'AW21-0410','Pour chaque média temporel pré-enregistré ayant une interprétation en langue des signes,  celle-ci est-elle pertinente ?','4.10',25,'http://www.braillenet.org/accessibilite/referentiel-aw21/index.php#crit-4-10 ',1,4),(26,'AW21-0411','Chaque média temporel pré-enregistré a-t-il,  si nécessaire,  une audio-description étendue synchronisée (hors cas particuliers) ?','4.11',26,'http://www.braillenet.org/accessibilite/referentiel-aw21/index.php#crit-4-11 ',1,4),(27,'AW21-0412','Pour chaque média temporel pré-enregistré ayant une audio-description étendue synchronisée,  celle-ci est-elle pertinente ?','4.12',27,'http://www.braillenet.org/accessibilite/referentiel-aw21/index.php#crit-4-12 ',1,4),(28,'AW21-0413','Chaque média temporel synchronisé ou seulement vidéo a-t-il,  si nécessaire,  une transcription textuelle (hors cas particuliers ) ?','4.13',28,'http://www.braillenet.org/accessibilite/referentiel-aw21/index.php#crit-4-13 ',1,4),(29,'AW21-0414','Pour chaque média temporel synchronisé ou seulement vidéo,  ayant une transcription textuelle,  celle-ci est-elle pertinente ?','4.14',29,'http://www.braillenet.org/accessibilite/referentiel-aw21/index.php#crit-4-14 ',1,4),(30,'AW21-0415','Chaque média temporel est-il clairement identifiable (hors cas particuliers) ?','4.15',30,'http://www.braillenet.org/accessibilite/referentiel-aw21/index.php#crit-4-15 ',1,4),(31,'AW21-0416','Chaque média non temporel a-t-il,  si nécessaire,  une alternative (hors cas particuliers) ?','4.16',31,'http://www.braillenet.org/accessibilite/referentiel-aw21/index.php#crit-4-16 ',1,4),(32,'AW21-0417','Pour chaque média non temporel ayant une alternative,  cette alternative est-elle pertinente ?','4.17',32,'http://www.braillenet.org/accessibilite/referentiel-aw21/index.php#crit-4-17 ',1,4),(33,'AW21-0418','Chaque son déclenché automatiquement est-il contrôlable par l''utilisateur ?','4.18',33,'http://www.braillenet.org/accessibilite/referentiel-aw21/index.php#crit-4-18 ',1,4),(34,'AW21-0419','Pour chaque média temporel seulement audio pré-enregistré,  les dialogues sont-ils suffisamment audibles ?','4.19',34,'http://www.braillenet.org/accessibilite/referentiel-aw21/index.php#crit-4-19 ',1,4),(35,'AW21-0420','La consultation de chaque média temporel est-elle contrôlable par le clavier et la souris ?','4.20',35,'http://www.braillenet.org/accessibilite/referentiel-aw21/index.php#crit-4-20 ',1,4),(36,'AW21-0421','La consultation de chaque média non temporel est-elle contrôlable par le clavier et la souris ?','4.21',36,'http://www.braillenet.org/accessibilite/referentiel-aw21/index.php#crit-4-21 ',1,4),(37,'AW21-0422','Chaque média temporel et non temporel est-il compatible avec les technologies d''assistance ?','4.22',37,'http://www.braillenet.org/accessibilite/referentiel-aw21/index.php#crit-4-22 ',1,4),(38,'AW21-0501','Chaque tableau de données a-t-il un résumé ?','5.1',38,'http://www.braillenet.org/accessibilite/referentiel-aw21/index.php#crit-5-1 ',1,5),(39,'AW21-0502','Pour chaque tableau ayant un résumé,  celui-ci est-il pertinent ?','5.2',39,'http://www.braillenet.org/accessibilite/referentiel-aw21/index.php#crit-5-2 ',1,5),(40,'AW21-0503','Pour chaque tableau de mise en forme,  le contenu linéarisé reste-t-il compréhensible ?','5.3',40,'http://www.braillenet.org/accessibilite/referentiel-aw21/index.php#crit-5-3 ',1,5),(41,'AW21-0504','Chaque tableau de données a-t-il un titre ?','5.4',41,'http://www.braillenet.org/accessibilite/referentiel-aw21/index.php#crit-5-4 ',1,5),(42,'AW21-0505','Pour chaque tableau de données ayant un titre,  celui-ci est-il pertinent ?','5.5',42,'http://www.braillenet.org/accessibilite/referentiel-aw21/index.php#crit-5-5 ',1,5),(43,'AW21-0506','Pour chaque tableau de données,  chaque en-tête de colonnes et chaque en-tête de lignes sont-ils correctement déclarés ?','5.6',43,'http://www.braillenet.org/accessibilite/referentiel-aw21/index.php#crit-5-6 ',1,5),(44,'AW21-0507','Pour chaque tableau de données,  la technique appropriée permettant d''associer chaque cellule avec ses en-têtes est-elle utilisée ?','5.7',44,'http://www.braillenet.org/accessibilite/referentiel-aw21/index.php#crit-5-7 ',1,5),(45,'AW21-0508','Chaque tableau de mise en forme ne doit pas utiliser d''éléments propres aux tableaux de données. Cette règle est-elle respectée ?','5.8',45,'http://www.braillenet.org/accessibilite/referentiel-aw21/index.php#crit-5-8 ',1,5),(46,'AW21-0601','Chaque lien est-il explicite (hors cas particuliers ) ?','6.1',46,'http://www.braillenet.org/accessibilite/referentiel-aw21/index.php#crit-6-1 ',1,6),(47,'AW21-0602','Pour chaque lien ayant un titre de lien,  celui-ci est-il pertinent ?','6.2',47,'http://www.braillenet.org/accessibilite/referentiel-aw21/index.php#crit-6-2 ',1,6),(48,'AW21-0603','Chaque intitulé de lien seul est-il explicite hors contexte (hors cas particuliers) ?','6.3',48,'http://www.braillenet.org/accessibilite/referentiel-aw21/index.php#crit-6-3 ',1,6),(49,'AW21-0604','Chaque lien identique a-t-il les mêmes fonction et destination ?','6.4',49,'http://www.braillenet.org/accessibilite/referentiel-aw21/index.php#crit-6-4 ',1,6),(50,'AW21-0605','Chaque zone cliquable d''une image réactive côté serveur est-elle doublée d''un lien dans la page ?','6.5',50,'http://www.braillenet.org/accessibilite/referentiel-aw21/index.php#crit-6-5 ',1,6),(51,'AW21-0606','Dans chaque page web,  chaque lien,  à l''exception des ancres nommées,  a-t-il un intitulé ?','6.6',51,'http://www.braillenet.org/accessibilite/referentiel-aw21/index.php#crit-6-6 ',1,6),(52,'AW21-0701','Chaque script a-t-il,  si nécessaire,  une alternative (hors cas particuliers) ?','7.1',52,'http://www.braillenet.org/accessibilite/referentiel-aw21/index.php#crit-7-1 ',1,7),(53,'AW21-0702','Pour chaque script ayant une alternative,  cette alternative est-elle pertinente ?','7.2',53,'http://www.braillenet.org/accessibilite/referentiel-aw21/index.php#crit-7-2 ',1,7),(54,'AW21-0703','Chaque script est-il contrôlable par le clavier et la souris (hors cas particuliers) ?','7.3',54,'http://www.braillenet.org/accessibilite/referentiel-aw21/index.php#crit-7-3 ',1,7),(55,'AW21-0704','Chaque script est-il,  si nécessaire,  compatible avec les technologies d''assistance ?','7.4',55,'http://www.braillenet.org/accessibilite/referentiel-aw21/index.php#crit-7-4 ',1,7),(56,'AW21-0705','Pour chaque script qui initie un changement de contexte,  l''utilisateur est-il averti ou en a-t-il le contrôle ?','7.5',56,'http://www.braillenet.org/accessibilite/referentiel-aw21/index.php#crit-7-5 ',1,7),(57,'AW21-0706','Chaque script qui provoque une alerte non sollicitée est-il contrôlable par l''utilisateur (hors cas particuliers ) ?','7.6',57,'http://www.braillenet.org/accessibilite/referentiel-aw21/index.php#crit-7-6 ',1,7),(58,'AW21-0801','Chaque page web est-elle définie par un type de document ?','8.1',58,'http://www.braillenet.org/accessibilite/referentiel-aw21/index.php#crit-8-1 ',1,8),(59,'AW21-0802','Pour chaque page web,  le code source est-il valide selon le type de document spécifié ?','8.2',59,'http://www.braillenet.org/accessibilite/referentiel-aw21/index.php#crit-8-2 ',1,8),(60,'AW21-0803','Dans chaque page web,  la langue par défaut est-elle présente ?','8.3',60,'http://www.braillenet.org/accessibilite/referentiel-aw21/index.php#crit-8-3 ',1,8),(61,'AW21-0804','Pour chaque page web ayant une langue par défaut,  le code de langue est-il pertinent ?','8.4',61,'http://www.braillenet.org/accessibilite/referentiel-aw21/index.php#crit-8-4 ',1,8),(62,'AW21-0805','Chaque page web a-t-elle un titre de page ?','8.5',62,'http://www.braillenet.org/accessibilite/referentiel-aw21/index.php#crit-8-5 ',1,8),(63,'AW21-0806','Pour chaque page web ayant un titre de page,  ce titre est-il pertinent ?','8.6',63,'http://www.braillenet.org/accessibilite/referentiel-aw21/index.php#crit-8-6 ',1,8),(64,'AW21-0807','Dans chaque page web,  chaque changement de langue est-il indiqué dans le code source (hors cas particuliers) ?','8.7',64,'http://www.braillenet.org/accessibilite/referentiel-aw21/index.php#crit-8-7 ',1,8),(65,'AW21-0808','Dans chaque page web,  chaque changement de langue est-il pertinent ?','8.8',65,'http://www.braillenet.org/accessibilite/referentiel-aw21/index.php#crit-8-8 ',1,8),(66,'AW21-0809','Dans chaque page web,  les balises ne doivent pas être utilisées uniquement à des fins de présentation. Cette règle est-elle respectée ?','8.9',66,'http://www.braillenet.org/accessibilite/referentiel-aw21/index.php#crit-8-9 ',1,8),(67,'AW21-0810','Dans chaque page web,  les changements du sens de lecture sont-ils signalés ?','8.10',67,'http://www.braillenet.org/accessibilite/referentiel-aw21/index.php#crit-8-10 ',1,8),(68,'AW21-0901','Dans chaque page web,  l''information est-elle structurée par l''utilisation appropriée de titres ?','9.1',68,'http://www.braillenet.org/accessibilite/referentiel-aw21/index.php#crit-9-1 ',1,9),(69,'AW21-0902','Dans chaque page web,  chaque liste est-elle structurée avec les balises appropriées ?','9.2',69,'http://www.braillenet.org/accessibilite/referentiel-aw21/index.php#crit-9-2 ',1,9),(70,'AW21-0903','Dans chaque page web,  la première occurrence de chaque abréviation permet-elle d''en connaître la signification ?','9.3',70,'http://www.braillenet.org/accessibilite/referentiel-aw21/index.php#crit-9-3 ',1,9),(71,'AW21-0904','Dans chaque page web,  la signification de chaque abréviation est-elle pertinente ?','9.4',71,'http://www.braillenet.org/accessibilite/referentiel-aw21/index.php#crit-9-4 ',1,9),(72,'AW21-0905','Dans chaque page web,  chaque citation est-elle correctement indiquée ?','9.5',72,'http://www.braillenet.org/accessibilite/referentiel-aw21/index.php#crit-9-5 ',1,9),(73,'AW21-1001','Dans le site web,  des feuilles de styles sont-elles utilisées pour contrôler la présentation de l''information ?','10.1',73,'http://www.braillenet.org/accessibilite/referentiel-aw21/index.php#crit-10-1 ',1,10),(74,'AW21-1002','Dans chaque page web,  le contenu visible reste-t-il présent lorsque les feuilles de styles ou les images sont désactivées ?','10.2',74,'http://www.braillenet.org/accessibilite/referentiel-aw21/index.php#crit-10-2 ',1,10),(75,'AW21-1003','Dans chaque page web,  l''information reste-t-elle compréhensible lorsque les feuilles de styles sont désactivées ?','10.3',75,'http://www.braillenet.org/accessibilite/referentiel-aw21/index.php#crit-10-3 ',1,10),(76,'AW21-1004','Dans chaque page web,  le texte reste-t-il lisible lorsque la taille des caractères est augmentée jusqu''à 200%,  au moins ?','10.4',76,'http://www.braillenet.org/accessibilite/referentiel-aw21/index.php#crit-10-4 ',1,10),(77,'AW21-1005','Dans chaque page web,  les déclarations CSS de couleurs de fond d''élément et de police sont-elles correctement utilisées?','10.5',77,'http://www.braillenet.org/accessibilite/referentiel-aw21/index.php#crit-10-5 ',1,10),(78,'AW21-1006','Dans chaque page web,  chaque lien dont la nature n''est pas évidente est-il visible par rapport au texte environnant ?','10.6',78,'http://www.braillenet.org/accessibilite/referentiel-aw21/index.php#crit-10-6 ',1,10),(79,'AW21-1007','Dans chaque page web,  pour chaque élément recevant le focus,  la prise de focus est-elle visible ?','10.7',79,'http://www.braillenet.org/accessibilite/referentiel-aw21/index.php#crit-10-7 ',1,10),(80,'AW21-1008','Dans chaque page web,  le choix de la couleur de fond et de police du texte est-elle contrôlable par l''utilisateur ?','10.8',80,'http://www.braillenet.org/accessibilite/referentiel-aw21/index.php#crit-10-8 ',1,10),(81,'AW21-1009','Pour chaque page web,  le texte ne doit pas être justifié. Cette règle est-elle respectée ?','10.9',81,'http://www.braillenet.org/accessibilite/referentiel-aw21/index.php#crit-10-9 ',1,10),(82,'AW21-1010','Pour chaque page web,  en affichage plein écran et avec une taille de police à 200%,  chaque bloc de texte reste-t-il lisible sans l''utilisation de la barre de défilement horizontal ?','10.10',82,'http://www.braillenet.org/accessibilite/referentiel-aw21/index.php#crit-10-10 ',1,10),(83,'AW21-1011','Pour chaque page web,  les blocs de texte ont-ils une largeur inférieure ou égale à 80 caractères (hors cas particuliers) ?','10.11',83,'http://www.braillenet.org/accessibilite/referentiel-aw21/index.php#crit-10-11 ',1,10),(84,'AW21-1012','Pour chaque page web,  l''espace entre les lignes et les paragraphes est-il suffisant ?','10.12',84,'http://www.braillenet.org/accessibilite/referentiel-aw21/index.php#crit-10-12 ',1,10),(85,'AW21-1013','Pour chaque page web,  les textes cachés sont-t-ils correctement restitués par les technologies d''assistance ?','10.13',85,'http://www.braillenet.org/accessibilite/referentiel-aw21/index.php#crit-10-13 ',1,10),(86,'AW21-1014','Dans chaque page web,  l''information ne doit pas être donnée uniquement par la forme ou la position. Cette règle est-elle respectée ?','10.14',86,'http://www.braillenet.org/accessibilite/referentiel-aw21/index.php#crit-10-14 ',1,10),(87,'AW21-1015','Dans chaque page web,  l''information ne doit pas être donnée par la forme ou la position uniquement. Cette règle est-elle implémentée de façon pertinente ?','10.15',87,'http://www.braillenet.org/accessibilite/referentiel-aw21/index.php#crit-10-15 ',1,10),(88,'AW21-1101','Chaque champ de formulaire a-t-il une étiquette ?','11.1',88,'http://www.braillenet.org/accessibilite/referentiel-aw21/index.php#crit-11-1 ',1,11),(89,'AW21-1102','Chaque étiquette associée à un champ de formulaire est-elle pertinente ?','11.2',89,'http://www.braillenet.org/accessibilite/referentiel-aw21/index.php#crit-11-2 ',1,11),(90,'AW21-1103','Dans chaque formulaire,  chaque étiquette associée à un champ de formulaire ayant la même fonction et répétés plusieurs fois dans une même page ou dans un ensemble de page est-elle cohérente ?','11.3',90,'http://www.braillenet.org/accessibilite/referentiel-aw21/index.php#crit-11-3 ',1,11),(91,'AW21-1104','Dans chaque formulaire,  chaque étiquette de champ et son champ associé sont-ils accolés ?','11.4',91,'http://www.braillenet.org/accessibilite/referentiel-aw21/index.php#crit-11-4 ',1,11),(92,'AW21-1105','Dans chaque formulaire,  les informations de même nature sont-elles regroupées,  si nécessaire ?','11.5',92,'http://www.braillenet.org/accessibilite/referentiel-aw21/index.php#crit-11-5 ',1,11),(93,'AW21-1106','Dans chaque formulaire,  chaque regroupement de champs de formulaire a-t-il une légende ?','11.6',93,'http://www.braillenet.org/accessibilite/referentiel-aw21/index.php#crit-11-6 ',1,11),(94,'AW21-1107','Dans chaque formulaire,  chaque légende associée à un groupement de champs de formulaire est-elle pertinente ?','11.7',94,'http://www.braillenet.org/accessibilite/referentiel-aw21/index.php#crit-11-7 ',1,11),(95,'AW21-1108','Dans chaque formulaire,  chaque liste de choix est-elle structurée de manière pertinente ?','11.8',95,'http://www.braillenet.org/accessibilite/referentiel-aw21/index.php#crit-11-8 ',1,11),(96,'AW21-1109','Dans chaque formulaire,  l''intitulé de chaque bouton est-il pertinent ?','11.9',96,'http://www.braillenet.org/accessibilite/referentiel-aw21/index.php#crit-11-9 ',1,11),(97,'AW21-1110','Dans chaque formulaire,  le contrôle de saisie est-il utilisé de manière pertinente ?','11.10',97,'http://www.braillenet.org/accessibilite/referentiel-aw21/index.php#crit-11-10 ',1,11),(98,'AW21-1111','Dans chaque formulaire,  le contrôle de saisie est-il accompagné,  si possible,  de suggestions facilitant la correction des erreurs de saisie ?','11.11',98,'http://www.braillenet.org/accessibilite/referentiel-aw21/index.php#crit-11-11 ',1,11),(99,'AW21-1112','Pour chaque formulaire,  les données à caractère financier,  juridique ou personnel peuvent-elles être modifiées,  mise à jour ou récupérées par l''utilisateur ?','11.12',99,'http://www.braillenet.org/accessibilite/referentiel-aw21/index.php#crit-11-12 ',1,11),(100,'AW21-1113','Pour chaque formulaire,  toutes les données peuvent-elles être modifiées,  mises à jour ou récupérées par l''utilisateur ?','11.13',100,'http://www.braillenet.org/accessibilite/referentiel-aw21/index.php#crit-11-13 ',1,11),(101,'AW21-1114','Pour chaque formulaire,  des aides à la saisie sont-elles présentes ?','11.14',101,'http://www.braillenet.org/accessibilite/referentiel-aw21/index.php#crit-11-14 ',1,11),(102,'AW21-1115','Pour chaque formulaire,  chaque aide à la saisie est-elle pertinente ?','11.15',102,'http://www.braillenet.org/accessibilite/referentiel-aw21/index.php#crit-11-15 ',1,11),(103,'AW21-1201','Chaque ensemble de pages dispose-t-il de deux systèmes de navigation différents,  au moins (hors cas particuliers) ?','12.1',103,'http://www.braillenet.org/accessibilite/referentiel-aw21/index.php#crit-12-1 ',1,12),(104,'AW21-1202','Dans chaque ensemble de pages,  le menu ou les barres de navigation sont-ils toujours à la même place (hors cas particuliers) ?','12.2',104,'http://www.braillenet.org/accessibilite/referentiel-aw21/index.php#crit-12-2 ',1,12),(105,'AW21-1203','Dans chaque ensemble de pages,  le menu et les barres de navigation ont-ils une présentation cohérente (hors cas particuliers) ?','12.3',105,'http://www.braillenet.org/accessibilite/referentiel-aw21/index.php#crit-12-3 ',1,12),(106,'AW21-1204','La page \"plan du site\" est-elle pertinente ?','12.4',106,'http://www.braillenet.org/accessibilite/referentiel-aw21/index.php#crit-12-4 ',1,12),(107,'AW21-1205','Dans chaque ensemble de pages,  la page \"plan du site\" est-elle atteignable de manière identique ?','12.5',107,'http://www.braillenet.org/accessibilite/referentiel-aw21/index.php#crit-12-5 ',1,12),(108,'AW21-1206','Dans chaque ensemble de pages,  le moteur de recherche est-il atteignable de manière identique ?','12.6',108,'http://www.braillenet.org/accessibilite/referentiel-aw21/index.php#crit-12-6 ',1,12),(109,'AW21-1207','Dans chaque page d''une collection de pages,  des liens facilitant la navigation sont-ils présents ?','12.7',109,'http://www.braillenet.org/accessibilite/referentiel-aw21/index.php#crit-12-7 ',1,12),(110,'AW21-1208','Dans chaque page web,  un fil d''Ariane est-il présent ?','12.8',110,'http://www.braillenet.org/accessibilite/referentiel-aw21/index.php#crit-12-8 ',1,12),(111,'AW21-1209','Dans chaque page web,  le fil d''Ariane est-il pertinent ?','12.9',111,'http://www.braillenet.org/accessibilite/referentiel-aw21/index.php#crit-12-9 ',1,12),(112,'AW21-1210','Dans chaque page web,  les groupes de liens importants (menu,  barre de navigation...) et la zone de contenu sont-ils identifiés ?','12.10',112,'http://www.braillenet.org/accessibilite/referentiel-aw21/index.php#crit-12-10 ',1,12),(113,'AW21-1211','Dans chaque page web,  des liens d''évitements ou d''accès rapide aux groupes de liens importants et à la zone de contenu sont-ils présents ?','12.11',113,'http://www.braillenet.org/accessibilite/referentiel-aw21/index.php#crit-12-11 ',1,12),(114,'AW21-1212','Dans chaque page web,  la page en cours de consultation est-elle indiquée dans le menu de navigation ?','12.12',114,'http://www.braillenet.org/accessibilite/referentiel-aw21/index.php#crit-12-12 ',1,12),(115,'AW21-1213','Dans chaque page web,  l''ordre de tabulation est-il cohérent ?','12.13',115,'http://www.braillenet.org/accessibilite/referentiel-aw21/index.php#crit-12-13 ',1,12),(116,'AW21-1214','Dans chaque page web,  la navigation ne doit pas contenir de piège au clavier. Cette règle est-elle respectée ?','12.14',116,'http://www.braillenet.org/accessibilite/referentiel-aw21/index.php#crit-12-14 ',1,12),(117,'AW21-1301','Pour chaque page web,  l''utilisateur a-t-il le contrôle de chaque limite de temps modifiant le contenu (hors cas particuliers) ?','13.1',119,'http://www.braillenet.org/accessibilite/referentiel-aw21/index.php#crit-13-1 ',1,13),(118,'AW21-1302','Dans chaque page web,  pour chaque ouverture de nouvelle fenêtre,  l''utilisateur est-il averti ?','13.2',118,'http://www.braillenet.org/accessibilite/referentiel-aw21/index.php#crit-13-2 ',1,13),(119,'AW21-1303','Dans chaque page web,  l''ouverture d''une nouvelle fenêtre ne doit pas être déclenchée sans action de l''utilisateur. Cette règle est-elle respectée ?','13.3',119,'http://www.braillenet.org/accessibilite/referentiel-aw21/index.php#crit-13-3 ',1,13),(120,'AW21-1304','Dans chaque page web,  une tâche ne doit pas requérir de limite de temps pour être réalisée,  sauf si elle se déroule en temps réel ou si cette limite de temps est essentielle. Cette règle est-elle respectée ?','13.4',120,'http://www.braillenet.org/accessibilite/referentiel-aw21/index.php#crit-13-4 ',1,13),(121,'AW21-1305','Dans chaque page web,  lors d''une interruption de session authentifiée,  les données saisies par l''utilisateur sont-elles récupérées après ré-authentification ?','13.5',121,'http://www.braillenet.org/accessibilite/referentiel-aw21/index.php#crit-13-5 ',1,13),(122,'AW21-1306','Dans chaque page web,  pour chaque fichier en téléchargement,  des informations relatives à sa consultation sont-elles présentes ?','13.6',122,'http://www.braillenet.org/accessibilite/referentiel-aw21/index.php#crit-13-6 ',1,13),(123,'AW21-1307','Dans chaque page web,  chaque document bureautique en téléchargement possède-t-il,  si nécessaire,  une version accessible (hors cas particuliers) ?','13.7',123,'http://www.braillenet.org/accessibilite/referentiel-aw21/index.php#crit-13-7 ',1,13),(124,'AW21-1308','Pour chaque document bureautique ayant une version accessible,  cette version offre-t-elle la même information ?','13.8',124,'http://www.braillenet.org/accessibilite/referentiel-aw21/index.php#crit-13-8 ',1,13),(125,'AW21-1309','Dans chaque page web,  les expressions inhabituelles,  les expressions idiomatiques ou le jargon sont-ils explicités ?','13.9',125,'http://www.braillenet.org/accessibilite/referentiel-aw21/index.php#crit-13-9 ',1,13),(126,'AW21-1310','Dans chaque page web,  pour chaque expression inhabituelle ou limitée,  idiomatique ou de jargon ayant une définition,  cette définition est-elle pertinente ?','13.10',126,'http://www.braillenet.org/accessibilite/referentiel-aw21/index.php#crit-13-10 ',1,13),(127,'AW21-1311','Dans chaque page web,  chaque contenu cryptique (art ascii,  émoticon,  syntaxe cryptique) a-t-il une alternative ?','13.11',127,'http://www.braillenet.org/accessibilite/referentiel-aw21/index.php#crit-13-11 ',1,13),(128,'AW21-1312','Dans chaque page web,  pour chaque contenu cryptique (art ascii,  émoticon,  syntaxe cryptique) ayant une alternative,  cette alternative est-elle pertinente ?','13.12',128,'http://www.braillenet.org/accessibilite/referentiel-aw21/index.php#crit-13-12 ',1,13),(129,'AW21-1313','Dans chaque page web,  pour chaque mot dont le sens ne peut être compris sans en connaître la prononciation,  celle-ci est-elle indiquée ?','13.13',129,'http://www.braillenet.org/accessibilite/referentiel-aw21/index.php#crit-13-13 ',1,13),(130,'AW21-1314','Dans chaque page web,  chaque texte qui nécessite un niveau de lecture plus avancé que le premier cycle de l''enseignement secondaire a-t-il une version alternative ?','13.14',130,'http://www.braillenet.org/accessibilite/referentiel-aw21/index.php#crit-13-14 ',1,13),(131,'AW21-1315','Dans chaque page web,  les changements brusques de luminosité ou les effets de flash sont-ils correctement utilisés ?','13.15',131,'http://www.braillenet.org/accessibilite/referentiel-aw21/index.php#crit-13-15 ',1,13),(132,'AW21-1316','Dans chaque page web,  les changements brusques de luminosité ou les effets de flash ont-ils une fréquence inférieure ou égale à 3 par seconde ?','13.16',132,'http://www.braillenet.org/accessibilite/referentiel-aw21/index.php#crit-13-16 ',1,13),(133,'AW21-1317','Dans chaque page web,  chaque contenu en mouvement ou clignotant est-il contrôlable par l''utilisateur ?','13.17',133,'http://www.braillenet.org/accessibilite/referentiel-aw21/index.php#crit-13-17 ',1,13),(201,'AW22-0101','','1.1',201,'http://www.accessiweb.org/index.php/accessiweb_2.2_liste_generale.html#crit-1-1 ',4,31),(202,'AW22-0102','','1.2',202,'http://www.accessiweb.org/index.php/accessiweb_2.2_liste_generale.html#crit-1-2 ',4,31),(203,'AW22-0103','','1.3',203,'http://www.accessiweb.org/index.php/accessiweb_2.2_liste_generale.html#crit-1-3 ',4,31),(204,'AW22-0104','','1.4',204,'http://www.accessiweb.org/index.php/accessiweb_2.2_liste_generale.html#crit-1-4 ',4,31),(205,'AW22-0105','','1.5',205,'http://www.accessiweb.org/index.php/accessiweb_2.2_liste_generale.html#crit-1-5 ',4,31),(206,'AW22-0106','','1.6',206,'http://www.accessiweb.org/index.php/accessiweb_2.2_liste_generale.html#crit-1-6 ',4,31),(207,'AW22-0107','','1.7',207,'http://www.accessiweb.org/index.php/accessiweb_2.2_liste_generale.html#crit-1-7 ',4,31),(208,'AW22-0108','','1.8',208,'http://www.accessiweb.org/index.php/accessiweb_2.2_liste_generale.html#crit-1-8 ',4,31),(209,'AW22-0109','','1.9',209,'http://www.accessiweb.org/index.php/accessiweb_2.2_liste_generale.html#crit-1-9 ',4,31),(210,'AW22-0201','','2.1',210,'http://www.accessiweb.org/index.php/accessiweb_2.2_liste_generale.html#crit-2-1 ',4,32),(211,'AW22-0202','','2.2',211,'http://www.accessiweb.org/index.php/accessiweb_2.2_liste_generale.html#crit-2-2 ',4,32),(212,'AW22-0301','','3.1',212,'http://www.accessiweb.org/index.php/accessiweb_2.2_liste_generale.html#crit-3-1 ',4,33),(213,'AW22-0302','','3.2',213,'http://www.accessiweb.org/index.php/accessiweb_2.2_liste_generale.html#crit-3-2 ',4,33),(214,'AW22-0303','','3.3',214,'http://www.accessiweb.org/index.php/accessiweb_2.2_liste_generale.html#crit-3-3 ',4,33),(215,'AW22-0304','','3.4',215,'http://www.accessiweb.org/index.php/accessiweb_2.2_liste_generale.html#crit-3-4 ',4,33),(216,'AW22-0401','','4.1',216,'http://www.accessiweb.org/index.php/accessiweb_2.2_liste_generale.html#crit-4-1 ',4,34),(217,'AW22-0402','','4.2',219,'http://www.accessiweb.org/index.php/accessiweb_2.2_liste_generale.html#crit-4-2 ',4,34),(218,'AW22-0403','','4.3',218,'http://www.accessiweb.org/index.php/accessiweb_2.2_liste_generale.html#crit-4-3 ',4,34),(219,'AW22-0404','','4.4',219,'http://www.accessiweb.org/index.php/accessiweb_2.2_liste_generale.html#crit-4-4 ',4,34),(220,'AW22-0405','','4.5',220,'http://www.accessiweb.org/index.php/accessiweb_2.2_liste_generale.html#crit-4-5 ',4,34),(221,'AW22-0406','','4.6',221,'http://www.accessiweb.org/index.php/accessiweb_2.2_liste_generale.html#crit-4-6 ',4,34),(222,'AW22-0407','','4.7',222,'http://www.accessiweb.org/index.php/accessiweb_2.2_liste_generale.html#crit-4-7 ',4,34),(223,'AW22-0408','','4.8',223,'http://www.accessiweb.org/index.php/accessiweb_2.2_liste_generale.html#crit-4-8 ',4,34),(224,'AW22-0409','','4.9',224,'http://www.accessiweb.org/index.php/accessiweb_2.2_liste_generale.html#crit-4-9 ',4,34),(225,'AW22-0410','','4.10',225,'http://www.accessiweb.org/index.php/accessiweb_2.2_liste_generale.html#crit-4-10 ',4,34),(226,'AW22-0411','','4.11',226,'http://www.accessiweb.org/index.php/accessiweb_2.2_liste_generale.html#crit-4-11 ',4,34),(227,'AW22-0412','','4.12',227,'http://www.accessiweb.org/index.php/accessiweb_2.2_liste_generale.html#crit-4-12 ',4,34),(228,'AW22-0413','','4.13',228,'http://www.accessiweb.org/index.php/accessiweb_2.2_liste_generale.html#crit-4-13 ',4,34),(229,'AW22-0414','','4.14',229,'http://www.accessiweb.org/index.php/accessiweb_2.2_liste_generale.html#crit-4-14 ',4,34),(230,'AW22-0415','','4.15',230,'http://www.accessiweb.org/index.php/accessiweb_2.2_liste_generale.html#crit-4-15 ',4,34),(231,'AW22-0416','','4.16',231,'http://www.accessiweb.org/index.php/accessiweb_2.2_liste_generale.html#crit-4-16 ',4,34),(232,'AW22-0417','','4.17',232,'http://www.accessiweb.org/index.php/accessiweb_2.2_liste_generale.html#crit-4-17 ',4,34),(233,'AW22-0418','','4.18',233,'http://www.accessiweb.org/index.php/accessiweb_2.2_liste_generale.html#crit-4-18 ',4,34),(234,'AW22-0419','','4.19',234,'http://www.accessiweb.org/index.php/accessiweb_2.2_liste_generale.html#crit-4-19 ',4,34),(235,'AW22-0420','','4.20',235,'http://www.accessiweb.org/index.php/accessiweb_2.2_liste_generale.html#crit-4-20 ',4,34),(236,'AW22-0421','','4.21',236,'http://www.accessiweb.org/index.php/accessiweb_2.2_liste_generale.html#crit-4-21 ',4,34),(237,'AW22-0422','','4.22',237,'http://www.accessiweb.org/index.php/accessiweb_2.2_liste_generale.html#crit-4-22 ',4,34),(238,'AW22-0501','','5.1',238,'http://www.accessiweb.org/index.php/accessiweb_2.2_liste_generale.html#crit-5-1 ',4,35),(239,'AW22-0502','','5.2',239,'http://www.accessiweb.org/index.php/accessiweb_2.2_liste_generale.html#crit-5-2 ',4,35),(240,'AW22-0503','','5.3',240,'http://www.accessiweb.org/index.php/accessiweb_2.2_liste_generale.html#crit-5-3 ',4,35),(241,'AW22-0504','','5.4',241,'http://www.accessiweb.org/index.php/accessiweb_2.2_liste_generale.html#crit-5-4 ',4,35),(242,'AW22-0505','','5.5',242,'http://www.accessiweb.org/index.php/accessiweb_2.2_liste_generale.html#crit-5-5 ',4,35),(243,'AW22-0506','','5.6',243,'http://www.accessiweb.org/index.php/accessiweb_2.2_liste_generale.html#crit-5-6 ',4,35),(244,'AW22-0507','','5.7',244,'http://www.accessiweb.org/index.php/accessiweb_2.2_liste_generale.html#crit-5-7 ',4,35),(245,'AW22-0508','','5.8',245,'http://www.accessiweb.org/index.php/accessiweb_2.2_liste_generale.html#crit-5-8 ',4,35),(246,'AW22-0601','','6.1',246,'http://www.accessiweb.org/index.php/accessiweb_2.2_liste_generale.html#crit-6-1 ',4,36),(247,'AW22-0602','','6.2',247,'http://www.accessiweb.org/index.php/accessiweb_2.2_liste_generale.html#crit-6-2 ',4,36),(248,'AW22-0603','','6.3',248,'http://www.accessiweb.org/index.php/accessiweb_2.2_liste_generale.html#crit-6-3 ',4,36),(249,'AW22-0604','','6.4',249,'http://www.accessiweb.org/index.php/accessiweb_2.2_liste_generale.html#crit-6-4 ',4,36),(250,'AW22-0605','','6.5',250,'http://www.accessiweb.org/index.php/accessiweb_2.2_liste_generale.html#crit-6-5 ',4,36),(251,'AW22-0606','','6.6',251,'http://www.accessiweb.org/index.php/accessiweb_2.2_liste_generale.html#crit-6-6 ',4,36),(252,'AW22-0701','','7.1',252,'http://www.accessiweb.org/index.php/accessiweb_2.2_liste_generale.html#crit-7-1 ',4,37),(253,'AW22-0702','','7.2',253,'http://www.accessiweb.org/index.php/accessiweb_2.2_liste_generale.html#crit-7-2 ',4,37),(254,'AW22-0703','','7.3',254,'http://www.accessiweb.org/index.php/accessiweb_2.2_liste_generale.html#crit-7-3 ',4,37),(255,'AW22-0704','','7.4',255,'http://www.accessiweb.org/index.php/accessiweb_2.2_liste_generale.html#crit-7-4 ',4,37),(256,'AW22-0705','','7.5',256,'http://www.accessiweb.org/index.php/accessiweb_2.2_liste_generale.html#crit-7-5 ',4,37),(257,'AW22-0706','','7.6',257,'http://www.accessiweb.org/index.php/accessiweb_2.2_liste_generale.html#crit-7-6 ',4,37),(258,'AW22-0801','','8.1',258,'http://www.accessiweb.org/index.php/accessiweb_2.2_liste_generale.html#crit-8-1 ',4,38),(259,'AW22-0802','','8.2',259,'http://www.accessiweb.org/index.php/accessiweb_2.2_liste_generale.html#crit-8-2 ',4,38),(260,'AW22-0803','','8.3',260,'http://www.accessiweb.org/index.php/accessiweb_2.2_liste_generale.html#crit-8-3 ',4,38),(261,'AW22-0804','','8.4',261,'http://www.accessiweb.org/index.php/accessiweb_2.2_liste_generale.html#crit-8-4 ',4,38),(262,'AW22-0805','','8.5',262,'http://www.accessiweb.org/index.php/accessiweb_2.2_liste_generale.html#crit-8-5 ',4,38),(263,'AW22-0806','','8.6',263,'http://www.accessiweb.org/index.php/accessiweb_2.2_liste_generale.html#crit-8-6 ',4,38),(264,'AW22-0807','','8.7',264,'http://www.accessiweb.org/index.php/accessiweb_2.2_liste_generale.html#crit-8-7 ',4,38),(265,'AW22-0808','','8.8',265,'http://www.accessiweb.org/index.php/accessiweb_2.2_liste_generale.html#crit-8-8 ',4,38),(266,'AW22-0809','','8.9',266,'http://www.accessiweb.org/index.php/accessiweb_2.2_liste_generale.html#crit-8-9 ',4,38),(267,'AW22-0810','','8.10',267,'http://www.accessiweb.org/index.php/accessiweb_2.2_liste_generale.html#crit-8-10 ',4,38),(268,'AW22-0901','','9.1',268,'http://www.accessiweb.org/index.php/accessiweb_2.2_liste_generale.html#crit-9-1 ',4,39),(269,'AW22-0902','','9.2',269,'http://www.accessiweb.org/index.php/accessiweb_2.2_liste_generale.html#crit-9-2 ',4,39),(270,'AW22-0903','','9.3',270,'http://www.accessiweb.org/index.php/accessiweb_2.2_liste_generale.html#crit-9-3 ',4,39),(271,'AW22-0904','','9.4',271,'http://www.accessiweb.org/index.php/accessiweb_2.2_liste_generale.html#crit-9-4 ',4,39),(272,'AW22-0905','','9.5',272,'http://www.accessiweb.org/index.php/accessiweb_2.2_liste_generale.html#crit-9-5 ',4,39),(273,'AW22-1001','','10.1',273,'http://www.accessiweb.org/index.php/accessiweb_2.2_liste_generale.html#crit-10-1 ',4,40),(274,'AW22-1002','','10.2',274,'http://www.accessiweb.org/index.php/accessiweb_2.2_liste_generale.html#crit-10-2 ',4,40),(275,'AW22-1003','','10.3',275,'http://www.accessiweb.org/index.php/accessiweb_2.2_liste_generale.html#crit-10-3 ',4,40),(276,'AW22-1004','','10.4',276,'http://www.accessiweb.org/index.php/accessiweb_2.2_liste_generale.html#crit-10-4 ',4,40),(277,'AW22-1005','','10.5',277,'http://www.accessiweb.org/index.php/accessiweb_2.2_liste_generale.html#crit-10-5 ',4,40),(278,'AW22-1006','','10.6',278,'http://www.accessiweb.org/index.php/accessiweb_2.2_liste_generale.html#crit-10-6 ',4,40),(279,'AW22-1007','','10.7',279,'http://www.accessiweb.org/index.php/accessiweb_2.2_liste_generale.html#crit-10-7 ',4,40),(280,'AW22-1008','','10.8',280,'http://www.accessiweb.org/index.php/accessiweb_2.2_liste_generale.html#crit-10-8 ',4,40),(281,'AW22-1009','','10.9',281,'http://www.accessiweb.org/index.php/accessiweb_2.2_liste_generale.html#crit-10-9 ',4,40),(282,'AW22-1010','','10.10',282,'http://www.accessiweb.org/index.php/accessiweb_2.2_liste_generale.html#crit-10-10 ',4,40),(283,'AW22-1011','','10.11',283,'http://www.accessiweb.org/index.php/accessiweb_2.2_liste_generale.html#crit-10-11 ',4,40),(284,'AW22-1012','','10.12',284,'http://www.accessiweb.org/index.php/accessiweb_2.2_liste_generale.html#crit-10-12 ',4,40),(285,'AW22-1013','','10.13',285,'http://www.accessiweb.org/index.php/accessiweb_2.2_liste_generale.html#crit-10-13 ',4,40),(286,'AW22-1014','','10.14',286,'http://www.accessiweb.org/index.php/accessiweb_2.2_liste_generale.html#crit-10-14 ',4,40),(287,'AW22-1015','','10.15',287,'http://www.accessiweb.org/index.php/accessiweb_2.2_liste_generale.html#crit-10-15 ',4,40),(288,'AW22-1101','','11.1',288,'http://www.accessiweb.org/index.php/accessiweb_2.2_liste_generale.html#crit-11-1 ',4,41),(289,'AW22-1102','','11.2',289,'http://www.accessiweb.org/index.php/accessiweb_2.2_liste_generale.html#crit-11-2 ',4,41),(290,'AW22-1103','','11.3',290,'http://www.accessiweb.org/index.php/accessiweb_2.2_liste_generale.html#crit-11-3 ',4,41),(291,'AW22-1104','','11.4',291,'http://www.accessiweb.org/index.php/accessiweb_2.2_liste_generale.html#crit-11-4 ',4,41),(292,'AW22-1105','','11.5',292,'http://www.accessiweb.org/index.php/accessiweb_2.2_liste_generale.html#crit-11-5 ',4,41),(293,'AW22-1106','','11.6',293,'http://www.accessiweb.org/index.php/accessiweb_2.2_liste_generale.html#crit-11-6 ',4,41),(294,'AW22-1107','','11.7',294,'http://www.accessiweb.org/index.php/accessiweb_2.2_liste_generale.html#crit-11-7 ',4,41),(295,'AW22-1108','','11.8',295,'http://www.accessiweb.org/index.php/accessiweb_2.2_liste_generale.html#crit-11-8 ',4,41),(296,'AW22-1109','','11.9',296,'http://www.accessiweb.org/index.php/accessiweb_2.2_liste_generale.html#crit-11-9 ',4,41),(297,'AW22-1110','','11.10',297,'http://www.accessiweb.org/index.php/accessiweb_2.2_liste_generale.html#crit-11-10 ',4,41),(298,'AW22-1111','','11.11',298,'http://www.accessiweb.org/index.php/accessiweb_2.2_liste_generale.html#crit-11-11 ',4,41),(299,'AW22-1112','','11.12',299,'http://www.accessiweb.org/index.php/accessiweb_2.2_liste_generale.html#crit-11-12 ',4,41),(300,'AW22-1113','','11.13',300,'http://www.accessiweb.org/index.php/accessiweb_2.2_liste_generale.html#crit-11-13 ',4,41),(301,'AW22-1114','','11.14',301,'http://www.accessiweb.org/index.php/accessiweb_2.2_liste_generale.html#crit-11-14 ',4,41),(302,'AW22-1115','','11.15',302,'http://www.accessiweb.org/index.php/accessiweb_2.2_liste_generale.html#crit-11-15 ',4,41),(303,'AW22-1201','','12.1',303,'http://www.accessiweb.org/index.php/accessiweb_2.2_liste_generale.html#crit-12-1 ',4,42),(304,'AW22-1202','','12.2',304,'http://www.accessiweb.org/index.php/accessiweb_2.2_liste_generale.html#crit-12-2 ',4,42),(305,'AW22-1203','','12.3',305,'http://www.accessiweb.org/index.php/accessiweb_2.2_liste_generale.html#crit-12-3 ',4,42),(306,'AW22-1204','','12.4',306,'http://www.accessiweb.org/index.php/accessiweb_2.2_liste_generale.html#crit-12-4 ',4,42),(307,'AW22-1205','','12.5',307,'http://www.accessiweb.org/index.php/accessiweb_2.2_liste_generale.html#crit-12-5 ',4,42),(308,'AW22-1206','','12.6',308,'http://www.accessiweb.org/index.php/accessiweb_2.2_liste_generale.html#crit-12-6 ',4,42),(309,'AW22-1207','','12.7',309,'http://www.accessiweb.org/index.php/accessiweb_2.2_liste_generale.html#crit-12-7 ',4,42),(310,'AW22-1208','','12.8',310,'http://www.accessiweb.org/index.php/accessiweb_2.2_liste_generale.html#crit-12-8 ',4,42),(311,'AW22-1209','','12.9',311,'http://www.accessiweb.org/index.php/accessiweb_2.2_liste_generale.html#crit-12-9 ',4,42),(312,'AW22-1210','','12.10',312,'http://www.accessiweb.org/index.php/accessiweb_2.2_liste_generale.html#crit-12-10 ',4,42),(313,'AW22-1211','','12.11',313,'http://www.accessiweb.org/index.php/accessiweb_2.2_liste_generale.html#crit-12-11 ',4,42),(314,'AW22-1212','','12.12',314,'http://www.accessiweb.org/index.php/accessiweb_2.2_liste_generale.html#crit-12-12 ',4,42),(315,'AW22-1213','','12.13',315,'http://www.accessiweb.org/index.php/accessiweb_2.2_liste_generale.html#crit-12-13 ',4,42),(316,'AW22-1214','','12.14',316,'http://www.accessiweb.org/index.php/accessiweb_2.2_liste_generale.html#crit-12-14 ',4,42),(317,'AW22-1301','','13.1',319,'http://www.accessiweb.org/index.php/accessiweb_2.2_liste_generale.html#crit-13-1 ',4,43),(318,'AW22-1302','','13.2',318,'http://www.accessiweb.org/index.php/accessiweb_2.2_liste_generale.html#crit-13-2 ',4,43),(319,'AW22-1303','','13.3',319,'http://www.accessiweb.org/index.php/accessiweb_2.2_liste_generale.html#crit-13-3 ',4,43),(320,'AW22-1304','','13.4',320,'http://www.accessiweb.org/index.php/accessiweb_2.2_liste_generale.html#crit-13-4 ',4,43),(321,'AW22-1305','','13.5',321,'http://www.accessiweb.org/index.php/accessiweb_2.2_liste_generale.html#crit-13-5 ',4,43),(322,'AW22-1306','','13.6',322,'http://www.accessiweb.org/index.php/accessiweb_2.2_liste_generale.html#crit-13-6 ',4,43),(323,'AW22-1307','','13.7',323,'http://www.accessiweb.org/index.php/accessiweb_2.2_liste_generale.html#crit-13-7 ',4,43),(324,'AW22-1308','','13.8',324,'http://www.accessiweb.org/index.php/accessiweb_2.2_liste_generale.html#crit-13-8 ',4,43),(325,'AW22-1309','','13.9',325,'http://www.accessiweb.org/index.php/accessiweb_2.2_liste_generale.html#crit-13-9 ',4,43),(326,'AW22-1310','','13.10',326,'http://www.accessiweb.org/index.php/accessiweb_2.2_liste_generale.html#crit-13-10 ',4,43),(327,'AW22-1311','','13.11',327,'http://www.accessiweb.org/index.php/accessiweb_2.2_liste_generale.html#crit-13-11 ',4,43),(328,'AW22-1312','','13.12',328,'http://www.accessiweb.org/index.php/accessiweb_2.2_liste_generale.html#crit-13-12 ',4,43),(329,'AW22-1313','','13.13',329,'http://www.accessiweb.org/index.php/accessiweb_2.2_liste_generale.html#crit-13-13 ',4,43),(330,'AW22-1314','','13.14',330,'http://www.accessiweb.org/index.php/accessiweb_2.2_liste_generale.html#crit-13-14 ',4,43),(331,'AW22-1315','','13.15',331,'http://www.accessiweb.org/index.php/accessiweb_2.2_liste_generale.html#crit-13-15 ',4,43),(332,'AW22-1316','','13.16',332,'http://www.accessiweb.org/index.php/accessiweb_2.2_liste_generale.html#crit-13-16 ',4,43),(333,'AW22-1317','','13.17',333,'http://www.accessiweb.org/index.php/accessiweb_2.2_liste_generale.html#crit-13-17 ',4,43),(1001,'Seo-0101','Chaque page web a-t-elle un meta description?','01.01',1001,' ',1000,1001),(1002,'Seo-0102','Dans chaque ensemble de page, la meta description de chaque page web est-elle unique?','01.02',1002,' ',1000,1001),(1003,'Seo-0103','Dans chaque page web, la longueur de l''URL est-elle inférieure ou égale à 255 caractères?','01.03',1003,' ',1000,1001),(1004,'Seo-0104','Dans chaque ensemble de pages, chaque code source HTML est-il unique ?','01.04',1004,' ',1000,1001),(1005,'Seo-0105','Le site web possède-t-il un fichier texte contenant des commandes à destination des robots d''indexation?','01.05',1005,' ',1000,1001),(1006,'Seo-0201','Chaque image a-t-elle une alternative textuelle ?','02.01',1006,' ',1000,1002),(1007,'Seo-0301','Chaque cadre et chaque cadre en ligne a-t-il un titre de cadre ?','03.01',1007,' ',1000,1003),(1008,'Seo-0401','Chaque tableau de données a-t-il un résumé ?','04.01',1008,' ',1000,1004),(1009,'Seo-0501','Chaque intitulé de lien seul est-il explicite hors contexte (hors cas particuliers) ?','05.01',1009,' ',1000,1005),(1010,'Seo-0601','Chaque page web a-t-elle un titre de page ?','06.01',1010,' ',1000,1006),(1011,'Seo-0602','Pour chaque page web ayant un titre de page,  ce titre est-il pertinent ?','06.02',1011,' ',1000,1006),(1012,'Seo-0603','Dans chaque page web, la longueur du titre est-elle inférieure ou égale à 70 caractères?','06.03',1012,' ',1000,1006),(1013,'Seo-0604','Dans chaque ensemble de page, le titre (balise title) est-il unique?','06.04',1013,' ',1000,1006),(1014,'Seo-0605','Chaque page web est-elle définie par un type de document ?','06.05',1014,' ',1000,1006),(1015,'Seo-0701','Dans chaque page web, l''information est-elle structurée par l''utilisation appropriée de titres?','07.01',1015,' ',1000,1007),(1016,'Seo-0702','Dans chaque page web, l''information est-elle optimisée par l''utilisation appropriée de titres ?','07.02',1016,' ',1000,1007),(1017,'Seo-0705','Dans chaque page web, le titre de niveau 1 (balise h1) est-il différent du titre de page (balise title) ?','07.05',1017,' ',1000,1007),(1018,'Seo-0706','Dans chaque ensemble de page, chaque titre de niveau 1 (balise H1) est-il unique?','07.06',1018,' ',1000,1007),(1020,'Seo-0106','Le site web possède-t-il un fichier décrivant le plan du site à destination des robots d''indexation?','01.05',1020,' ',1000,1001),(1021,'Seo-0801','Le site possède-t-il du contenu flash?','08.01',1021,' ',1000,1008),(2001,'Rgaa22-0101','','1.1',2010101,'http://rgaa.net/1-1-Absence-de-cadres-non-titres.html',2,101),(2002,'Rgaa22-0102','','1.2',2010201,'http://rgaa.net/Pertinence-des-titres-donnes-aux.html',2,101),(2003,'Rgaa22-0201','','2.1',2020101,'http://rgaa.net/presence-d-un-autre-moyen-que-la.html',2,102),(2004,'Rgaa22-0202','','2.2',2020201,'http://rgaa.net/presence-d-un-autre-moyen-que-la,4.html',2,102),(2005,'Rgaa22-0203','','2.3',2020301,'http://rgaa.net/presence-d-un-moyen-de.html',2,102),(2006,'Rgaa22-0204','','2.4',2020401,'http://rgaa.net/presence-d-un-moyen-de,6.html',2,102),(2007,'Rgaa22-0205','','2.5',2020501,'http://rgaa.net/Valeur-du-rapport-de-contraste-du.html',2,102),(2008,'Rgaa22-0206','','2.6',2020601,'http://rgaa.net/Valeur-du-rapport-de-contraste-du,8.html',2,102),(2009,'Rgaa22-0207','','2.7',2020701,'http://rgaa.net/Valeur-du-rapport-de-contraste-du,9.html',2,102),(2010,'Rgaa22-0208','','2.8',2020801,'http://rgaa.net/Valeur-du-rapport-de-contraste-du,10.html',2,102),(2011,'Rgaa22-0209','','2.9',2020901,'http://rgaa.net/Valeur-du-rapport-de-contraste-du,11.html',2,102),(2012,'Rgaa22-0210','','2.10',2021001,'http://rgaa.net/Valeur-du-rapport-de-contraste-du,12.html',2,102),(2013,'Rgaa22-0211','','2.11',2021101,'http://rgaa.net/Valeur-du-rapport-de-contraste-du,13.html',2,102),(2014,'Rgaa22-0212','','2.12',2021201,'http://rgaa.net/Valeur-du-rapport-de-contraste-du,14.html',2,102),(2015,'Rgaa22-0213','','2.13',2021301,'http://rgaa.net/Valeur-du-rapport-de-contraste-du,15.html',2,102),(2016,'Rgaa22-0214','','2.14',2021401,'http://rgaa.net/Valeur-du-rapport-de-contraste-du,16.html',2,102),(2017,'Rgaa22-0215','','2.15',2021501,'http://rgaa.net/Valeur-du-rapport-de-contraste-du,17.html',2,102),(2018,'Rgaa22-0216','','2.16',2021601,'http://rgaa.net/Valeur-du-rapport-de-contraste-du,18.html',2,102),(2019,'Rgaa22-0301','','3.1',2030101,'http://rgaa.net/Possibilite-d-identifier-les.html',2,103),(2020,'Rgaa22-0302','','3.2',2030201,'http://rgaa.net/presence-d-information-prealable.html',2,103),(2021,'Rgaa22-0303','','3.3',2030301,'http://rgaa.net/Positionnement-correct-des.html',2,103),(2022,'Rgaa22-0304','','3.4',2030401,'http://rgaa.net/Regroupement-d-elements-de.html',2,103),(2023,'Rgaa22-0305','','3.5',2030501,'http://rgaa.net/Absence-d-element-fieldset-sans.html',2,103),(2024,'Rgaa22-0306','','3.6',2030601,'http://rgaa.net/Pertinence-du-contenu-de-l-element.html',2,103),(2025,'Rgaa22-0307','','3.7',2030701,'http://rgaa.net/Regroupement-d-elements-option.html',2,103),(2026,'Rgaa22-0308','','3.8',2030801,'http://rgaa.net/presence-d-un-attribut-label-sur-l.html',2,103),(2027,'Rgaa22-0309','','3.9',2030901,'http://rgaa.net/Pertinence-du-contenu-de-l.html',2,103),(2028,'Rgaa22-0310','','3.10',2031001,'http://rgaa.net/Absence-d-element-de-formulaire.html',2,103),(2029,'Rgaa22-0311','','3.11',2031101,'http://rgaa.net/Absence-d-element-de-formulaire,29.html',2,103),(2030,'Rgaa22-0312','','3.12',2031201,'http://rgaa.net/Pertinence-des-etiquettes-d.html',2,103),(2031,'Rgaa22-0313','','3.13',2031301,'http://rgaa.net/presence-d-informations-ou-de.html',2,103),(2032,'Rgaa22-0314','','3.14',2031401,'http://rgaa.net/presence-de-mecanismes-permettant.html',2,103),(2033,'Rgaa22-0315','','3.15',2031501,'http://rgaa.net/presence-de-mecanismes-permettant,33.html',2,103),(2034,'Rgaa22-0316','','3.16',2031601,'http://rgaa.net/presence-d-une-page-d-aide-ou-d-un.html',2,103),(2035,'Rgaa22-0401','','4.1',2040101,'http://rgaa.net/presence-de-l-attribut-alt.html',2,104),(2036,'Rgaa22-0402','','4.2',2040201,'http://rgaa.net/Pertinence-de-l-alternative.html',2,104),(2037,'Rgaa22-0403','','4.3',2040301,'http://rgaa.net/Pertinence-de-l-alternative,37.html',2,104),(2038,'Rgaa22-0404','','4.4',2040401,'http://rgaa.net/Pertinence-de-l-alternative,38.html',2,104),(2039,'Rgaa22-0405','','4.5',2040501,'http://rgaa.net/Pertinence-de-l-alternative-vide.html',2,104),(2040,'Rgaa22-0406','','4.6',2040601,'http://rgaa.net/longueur-du-contenu-des.html',2,104),(2041,'Rgaa22-0407','','4.7',2040701,'http://rgaa.net/Existence-d-une-description-longue.html',2,104),(2042,'Rgaa22-0408','','4.8',2040801,'http://rgaa.net/Pertinence-de-la-description.html',2,104),(2043,'Rgaa22-0409','','4.9',2040901,'http://rgaa.net/presence-de-l-attribut-longdesc.html',2,104),(2044,'Rgaa22-0410','','4.10',2041001,'http://rgaa.net/presence-d-une-information-de.html',2,104),(2045,'Rgaa22-0411','','4.11',2041101,'http://rgaa.net/Coherence-dans-l-identification.html',2,104),(2046,'Rgaa22-0501','','5.1',2050101,'http://rgaa.net/Acces-a-une-information.html',2,105),(2047,'Rgaa22-0502','','5.2',2050201,'http://rgaa.net/presence-de-la-transcription.html',2,105),(2048,'Rgaa22-0503','','5.3',2050301,'http://rgaa.net/Pertinence-de-la-transcription.html',2,105),(2049,'Rgaa22-0504','','5.4',2050401,'http://rgaa.net/presence-d-une-description-audio.html',2,105),(2050,'Rgaa22-0505','','5.5',2050501,'http://rgaa.net/Pertinence-de-la-description-audio.html',2,105),(2051,'Rgaa22-0506','','5.6',2050601,'http://rgaa.net/Possibilite-de-controler-l.html',2,105),(2052,'Rgaa22-0507','','5.7',2050701,'http://rgaa.net/presence-d-une-description-audio,52.html',2,105),(2053,'Rgaa22-0508','','5.8',2050801,'http://rgaa.net/presence-d-une-description-audio,53.html',2,105),(2054,'Rgaa22-0509','','5.9',2050901,'http://rgaa.net/presence-du-sous-titrage.html',2,105),(2055,'Rgaa22-0510','','5.10',2051001,'http://rgaa.net/Pertinence-du-sous-titrage.html',2,105),(2056,'Rgaa22-0511','','5.11',2051101,'http://rgaa.net/presence-d-une-alternative-aux.html',2,105),(2057,'Rgaa22-0512','','5.12',2051201,'http://rgaa.net/presence-d-une-alternative-aux,57.html',2,105),(2058,'Rgaa22-0513','','5.13',2051301,'http://rgaa.net/Absence-d-elements-provoquant-des.html',2,105),(2059,'Rgaa22-0514','','5.14',2051401,'http://rgaa.net/Absence-de-code-javascript,59.html',2,105),(2060,'Rgaa22-0515','','5.15',2051501,'http://rgaa.net/Absence-de-mise-en-forme.html',2,105),(2061,'Rgaa22-0516','','5.16',2051601,'http://rgaa.net/Compatibilite-des-elements.html',2,105),(2062,'Rgaa22-0517','','5.17',2051701,'http://rgaa.net/Absence-totale-de-changements.html',2,105),(2063,'Rgaa22-0518','','5.18',2051801,'http://rgaa.net/presence-du-sous-titrage,63.html',2,105),(2064,'Rgaa22-0519','','5.19',2051901,'http://rgaa.net/Absence-de-l-element-blink.html',2,105),(2065,'Rgaa22-0520','','5.20',2052001,'http://rgaa.net/Absence-d-elements-provoquant-des,65.html',2,105),(2066,'Rgaa22-0521','','5.21',2052101,'http://rgaa.net/Absence-de-code-javascript,66.html',2,105),(2067,'Rgaa22-0522','','5.22',2052201,'http://rgaa.net/Absence-de-mise-en-forme,67.html',2,105),(2068,'Rgaa22-0523','','5.23',2052301,'http://rgaa.net/Absence-d-element-marquee.html',2,105),(2069,'Rgaa22-0524','','5.24',2052401,'http://rgaa.net/Absence-d-elements-affichant-des.html',2,105),(2070,'Rgaa22-0525','','5.25',2052501,'http://rgaa.net/Absence-de-code-javascript,70.html',2,105),(2071,'Rgaa22-0526','','5.26',2052601,'http://rgaa.net/Absence-de-mise-en-forme,71.html',2,105),(2072,'Rgaa22-0527','','5.27',2052701,'http://rgaa.net/Independance-du-peripherique-d.html',2,105),(2073,'Rgaa22-0528','','5.28',2052801,'http://rgaa.net/presence-d-une-alternative-aux,73.html',2,105),(2074,'Rgaa22-0529','','5.29',2052901,'http://rgaa.net/Absence-d-elements-declenchant-la.html',2,105),(2075,'Rgaa22-0530','','5.30',2053001,'http://rgaa.net/Absence-d-element-bgsound.html',2,105),(2076,'Rgaa22-0531','','5.31',2053101,'http://rgaa.net/presence-de-version-en-langue-des.html',2,105),(2077,'Rgaa22-0532','','5.32',2053201,'http://rgaa.net/Pertinence-de-la-version-en-langue.html',2,105),(2078,'Rgaa22-0533','','5.33',2053301,'http://rgaa.net/Niveau-sonore-de-la-piste-de.html',2,105),(2079,'Rgaa22-0534','','5.34',2053401,'http://rgaa.net/presence-d-un-mecanisme-pour.html',2,105),(2080,'Rgaa22-0601','','6.1',2060101,'http://rgaa.net/Acces-aux-ens-textuels-doublant.html',2,106),(2081,'Rgaa22-0602','','6.2',2060201,'http://rgaa.net/presence-d-un-avertissement.html',2,106),(2082,'Rgaa22-0603','','6.3',2060301,'http://rgaa.net/presence-d-un-avertissement,82.html',2,106),(2083,'Rgaa22-0604','','6.4',2060401,'http://rgaa.net/presence-d-un-avertissement,83.html',2,106),(2084,'Rgaa22-0605','','6.5',2060501,'http://rgaa.net/Absence-d-ouverture-de-nouvelles.html',2,106),(2085,'Rgaa22-0606','','6.6',2060601,'http://rgaa.net/Absence-de-piege-lors-de-la.html',2,106),(2086,'Rgaa22-0607','','6.7',2060701,'http://rgaa.net/Absence-d-element-meta-provoquant.html',2,106),(2087,'Rgaa22-0608','','6.8',2060801,'http://rgaa.net/Absence-de-code-javascript.html',2,106),(2088,'Rgaa22-0609','','6.9',2060901,'http://rgaa.net/Absence-d-elements-provoquant-un.html',2,106),(2089,'Rgaa22-0610','','6.10',2061001,'http://rgaa.net/Absence-d-element-meta-provoquant,89.html',2,106),(2090,'Rgaa22-0611','','6.11',2061101,'http://rgaa.net/Absence-de-code-javascript,90.html',2,106),(2091,'Rgaa22-0612','','6.12',2061201,'http://rgaa.net/Absence-d-elements-provoquant-une.html',2,106),(2092,'Rgaa22-0613','','6.13',2061301,'http://rgaa.net/Possibite-d-identifier-la.html',2,106),(2093,'Rgaa22-0614','','6.14',2061401,'http://rgaa.net/Possibite-d-identifier-la,93.html',2,106),(2094,'Rgaa22-0615','','6.15',2061501,'http://rgaa.net/Coherence-de-la-destination-ou-de.html',2,106),(2095,'Rgaa22-0616','','6.16',2061601,'http://rgaa.net/Absence-de-ens-sans-intitule.html',2,106),(2096,'Rgaa22-0617','','6.17',2061701,'http://rgaa.net/presence-d-une-page-contenant-le.html',2,106),(2097,'Rgaa22-0618','','6.18',2061801,'http://rgaa.net/Coherence-du-plan-du-site.html',2,106),(2098,'Rgaa22-0619','','6.19',2061901,'http://rgaa.net/presence-d-un-acces-a-la-page.html',2,106),(2099,'Rgaa22-0620','','6.20',2062001,'http://rgaa.net/presence-d-un-fil-d-ariane.html',2,106),(2100,'Rgaa22-0621','','6.21',2062101,'http://rgaa.net/presence-de-menus-ou-de-barres-de.html',2,106),(2101,'Rgaa22-0622','','6.22',2062201,'http://rgaa.net/Coherence-de-la-position-des-menus.html',2,106),(2102,'Rgaa22-0623','','6.23',2062301,'http://rgaa.net/Coherence-de-la-presentation-des.html',2,106),(2103,'Rgaa22-0624','','6.24',2062401,'http://rgaa.net/Navigation-au-clavier-dans-un.html',2,106),(2104,'Rgaa22-0625','','6.25',2062501,'http://rgaa.net/presence-d-un-avertissement,104.html',2,106),(2105,'Rgaa22-0626','','6.26',2062601,'http://rgaa.net/presence-des-informations-de.html',2,106),(2106,'Rgaa22-0627','','6.27',2062701,'http://rgaa.net/presence-des-informations-de-poids.html',2,106),(2107,'Rgaa22-0628','','6.28',2062801,'http://rgaa.net/presence-des-informations-de,107.html',2,106),(2108,'Rgaa22-0629','','6.29',2062901,'http://rgaa.net/presence-de-regroupement-pour-les.html',2,106),(2109,'Rgaa22-0630','','6.30',2063001,'http://rgaa.net/presence-d-un-basage-permettant.html',2,106),(2110,'Rgaa22-0631','','6.31',2063101,'http://rgaa.net/presence-de-ens-d-evitement-ou-d.html',2,106),(2111,'Rgaa22-0632','','6.32',2063201,'http://rgaa.net/Coherence-des-ens-d-evitement-ou.html',2,106),(2112,'Rgaa22-0633','','6.33',2063301,'http://rgaa.net/Ordre-des-liens-d-evitement-ou-d.html',2,106),(2113,'Rgaa22-0634','','6.34',2063401,'http://rgaa.net/presence-d-un-moteur-de-recherche.html',2,106),(2114,'Rgaa22-0635','','6.35',2063501,'http://rgaa.net/Possibilite-de-naviguer-facilement.html',2,106),(2115,'Rgaa22-0636','','6.36',2063601,'http://rgaa.net/presence-d-une-indication-de-la.html',2,106),(2116,'Rgaa22-0701','','7.1',2070101,'http://rgaa.net/Absence-de-generation-de-contenus.html',2,107),(2117,'Rgaa22-0702','','7.2',2070201,'http://rgaa.net/Absence-d-alteration-de-la.html',2,107),(2118,'Rgaa22-0703','','7.3',2070301,'http://rgaa.net/Lisibilite-des-informations.html',2,107),(2119,'Rgaa22-0704','','7.4',2070401,'http://rgaa.net/Absence-d-espaces-utilises-pour.html',2,107),(2120,'Rgaa22-0705','','7.5',2070501,'http://rgaa.net/Absence-de-definition-d-une.html',2,107),(2121,'Rgaa22-0706','','7.6',2070601,'http://rgaa.net/Possibilite-de-remplacer-les.html',2,107),(2122,'Rgaa22-0707','','7.7',2070701,'http://rgaa.net/Possibilite-de-remplacer-les,122.html',2,107),(2123,'Rgaa22-0708','','7.8',2070801,'http://rgaa.net/Absence-d-attributs-ou-d-elements.html',2,107),(2124,'Rgaa22-0709','','7.9',2070901,'http://rgaa.net/Absence-d-elements-HTML-utilises-a.html',2,107),(2125,'Rgaa22-0710','','7.10',2071001,'http://rgaa.net/Maintien-de-la-distinction.html',2,107),(2126,'Rgaa22-0711','','7.11',2071101,'http://rgaa.net/Absence-de-suppression-de-l-effet.html',2,107),(2127,'Rgaa22-0712','','7.12',2071201,'http://rgaa.net/Absence-de-justification-du-texte.html',2,107),(2128,'Rgaa22-0713','','7.13',2071301,'http://rgaa.net/Lisibilite-du-document-en-cas-d.html',2,107),(2129,'Rgaa22-0714','','7.14',2071401,'http://rgaa.net/Absence-d-unites-absolues-ou-de.html',2,107),(2130,'Rgaa22-0715','','7.15',2071501,'http://rgaa.net/Absence-d-apparition-de-barre-de.html',2,107),(2131,'Rgaa22-0716','','7.16',2071601,'http://rgaa.net/Largeur-des-blocs-de-textes.html',2,107),(2132,'Rgaa22-0717','','7.17',2071701,'http://rgaa.net/Valeur-de-l-espace-entre-les.html',2,107),(2133,'Rgaa22-0718','','7.18',2071801,'http://rgaa.net/Restitution-correcte-dans-les.html',2,107),(2134,'Rgaa22-0801','','8.1',2080101,'http://rgaa.net/Mise-a-jour-des-alternatives-aux.html',2,108),(2135,'Rgaa22-0802','','8.2',2080201,'http://rgaa.net/Universalite-du-gestionnaire-d.html',2,108),(2136,'Rgaa22-0803','','8.3',2080301,'http://rgaa.net/Universalite-des-gestionnaires-d.html',2,108),(2137,'Rgaa22-0804','','8.4',2080401,'http://rgaa.net/Possibilite-de-desactiver-toute.html',2,108),(2138,'Rgaa22-0805','','8.5',2080501,'http://rgaa.net/Absence-de-changements-de-contexte.html',2,108),(2139,'Rgaa22-0806','','8.6',2080601,'http://rgaa.net/Ordre-d-acces-au-clavier-aux.html',2,108),(2140,'Rgaa22-0807','','8.7',2080701,'http://rgaa.net/Utilisation-correcte-du-role-des.html',2,108),(2141,'Rgaa22-0808','','8.8',2080801,'http://rgaa.net/presence-d-une-alternative-au-code.html',2,108),(2142,'Rgaa22-0809','','8.9',2080901,'http://rgaa.net/Absence-de-suppression-du-focus.html',2,108),(2143,'Rgaa22-0810','','8.10',2080101,'http://rgaa.net/Absence-de-limite-de-temps-pour.html',2,108),(2144,'Rgaa22-0811','','8.11',2080111,'http://rgaa.net/Absence-de-perte-d-informations.html',2,108),(2145,'Rgaa22-0812','','8.12',2080121,'http://rgaa.net/presence-d-une-alternative-au-code,145.html',2,108),(2146,'Rgaa22-0813','','8.13',2080131,'http://rgaa.net/Accessibilite-des-contenus.html',2,108),(2147,'Rgaa22-0901','','9.1',2090101,'http://rgaa.net/presence-de-la-declaration-d.html',2,109),(2148,'Rgaa22-0902','','9.2',2090201,'http://rgaa.net/Conformite-de-la-position-de-la.html',2,109),(2149,'Rgaa22-0903','','9.3',2090301,'http://rgaa.net/Conformite-syntaxique-de-la.html',2,109),(2150,'Rgaa22-0904','','9.4',2090401,'http://rgaa.net/Validite-du-code-HTML-XHTML-au.html',2,109),(2151,'Rgaa22-0905','','9.5',2090501,'http://rgaa.net/Absence-de-composants-obsoletes.html',2,109),(2152,'Rgaa22-0906','','9.6',2090601,'http://rgaa.net/presence-d-un-titre-dans-la-page.html',2,109),(2153,'Rgaa22-0907','','9.7',2090701,'http://rgaa.net/Pertinence-du-titre-de-la-page.html',2,109),(2154,'Rgaa22-0908','','9.8',2090801,'http://rgaa.net/presence-d-une-langue-de.html',2,109),(2155,'Rgaa22-1001','','10.1',2100101,'http://rgaa.net/presence-d-au-moins-un-titre-de.html',2,110),(2156,'Rgaa22-1002','','10.2',2100201,'http://rgaa.net/Pertinence-du-contenu-des-titres.html',2,110),(2157,'Rgaa22-1003','','10.3',2100301,'http://rgaa.net/Absence-d-interruption-dans-la.html',2,110),(2158,'Rgaa22-1004','','10.4',2100401,'http://rgaa.net/presence-d-une-hierarchie-de.html',2,110),(2159,'Rgaa22-1005','','10.5',2100501,'http://rgaa.net/Absence-de-simulation-visuelle-de.html',2,110),(2160,'Rgaa22-1006','','10.6',2100601,'http://rgaa.net/Utilisation-systematique-de-listes.html',2,110),(2161,'Rgaa22-1007','','10.7',2100701,'http://rgaa.net/Balisage-correct-des-listes-de.html',2,110),(2162,'Rgaa22-1008','','10.8',2100801,'http://rgaa.net/Balisage-correct-des-citations.html',2,110),(2163,'Rgaa22-1009','','10.9',2100901,'http://rgaa.net/Balisage-correct-des-abreviations.html',2,110),(2164,'Rgaa22-1010','','10.10',2101001,'http://rgaa.net/Balisage-correct-des-acronymes.html',2,110),(2165,'Rgaa22-1011','','10.11',2101101,'http://rgaa.net/Pertinence-de-la-version-non.html',2,110),(2166,'Rgaa22-1012','','10.12',2101201,'http://rgaa.net/Pertinence-de-la-version-complete.html',2,110),(2167,'Rgaa22-1013','','10.13',2101301,'http://rgaa.net/Accessibilite-des-documents.html',2,110),(2168,'Rgaa22-1101','','11.1',2110101,'http://rgaa.net/presence-des-balises-th-pour.html',2,111),(2169,'Rgaa22-1102','','11.2',2110201,'http://rgaa.net/presence-d-une-relation-entre-les.html',2,111),(2170,'Rgaa22-1103','','11.3',2110301,'http://rgaa.net/presence-d-une-relation-entre-les,170.html',2,111),(2171,'Rgaa22-1104','','11.4',2110401,'http://rgaa.net/Absence-des-elements-propres-aux.html',2,111),(2172,'Rgaa22-1105','','11.5',2110501,'http://rgaa.net/Absence-de-tableaux-de-donnees-ou.html',2,111),(2173,'Rgaa22-1106','','11.6',2110601,'http://rgaa.net/Linearisation-correcte-des.html',2,111),(2174,'Rgaa22-1107','','11.7',2110701,'http://rgaa.net/presence-d-un-titre-pour-les.html',2,111),(2175,'Rgaa22-1108','','11.8',2110801,'http://rgaa.net/presence-d-un-resume-pour-les.html',2,111),(2176,'Rgaa22-1109','','11.9',2110901,'http://rgaa.net/Pertinence-du-titre-du-tableau-de.html',2,111),(2177,'Rgaa22-1110','','11.10',2111001,'http://rgaa.net/Pertinence-du-resume-du-tableau-de.html',2,111),(2178,'Rgaa22-1201','','12.1',2120101,'http://rgaa.net/presence-de-l-indication-des.html',2,112),(2179,'Rgaa22-1202','','12.2',2120201,'http://rgaa.net/presence-de-l-indication-des,179.html',2,112),(2180,'Rgaa22-1203','','12.3',2120301,'http://rgaa.net/Equivalence-de-l-information-mise.html',2,112),(2181,'Rgaa22-1204','','12.4',2120401,'http://rgaa.net/presence-de-liens-ou-de.html',2,112),(2182,'Rgaa22-1205','','12.5',2120501,'http://rgaa.net/Absence-de-syntaxes-cryptiques-par.html',2,112),(2183,'Rgaa22-1206','','12.6',2120601,'http://rgaa.net/presence-d-informations-sur-les.html',2,112),(2184,'Rgaa22-1207','','12.7',2120701,'http://rgaa.net/presence-d-un-moyen-de,184.html',2,112),(2185,'Rgaa22-1208','','12.8',2120801,'http://rgaa.net/presence-d-un-autre-moyen-que-la,185.html',2,112),(2186,'Rgaa22-1209','','12.9',2120901,'http://rgaa.net/presence-d-un-autre-moyen-que-la,186.html',2,112),(2187,'Rgaa22-1210','','12.10',2121001,'http://rgaa.net/Utilisation-d-un-style-de.html',2,112);
CREATE TABLE "criterion_statistics" (
    "id_criterion_statistics" bigserial NOT NULL,
    "nb_passed" integer DEFAULT NULL,
    "nb_failed" integer DEFAULT NULL,
    "nb_nmi" integer DEFAULT NULL,
    "nb_na" integer DEFAULT NULL,
    "nb_suspected" integer DEFAULT NULL,
    "nb_detected" integer DEFAULT NULL,
    "nb_not_tested" integer DEFAULT NULL,
    "criterion_result" varchar(510) DEFAULT NULL,
    "id_criterion" bigint DEFAULT NULL,
    "id_web_resource_statistics" bigint DEFAULT NULL,
    PRIMARY KEY ("id_criterion_statistics")
);

CREATE TABLE "decision_level" (
    "id_decision_level" bigserial NOT NULL,
    "cd_decision_level" varchar(510) DEFAULT NULL,
    "description" varchar(510) DEFAULT NULL,
    "label" varchar(510) NOT NULL,
    PRIMARY KEY ("id_decision_level")
);

CREATE TABLE "evidence" (
    "id_evidence" bigserial NOT NULL,
    "cd_evidence" varchar(510) DEFAULT NULL,
    "description" varchar(510) DEFAULT NULL,
    "long_label" varchar(510) DEFAULT NULL,
    PRIMARY KEY ("id_evidence")
);

INSERT INTO "evidence" VALUES (1,'Element-Name',NULL,NULL),(2,'src',NULL,NULL),(3,'Css-Selector',NULL,NULL),(4,'Previous-H-Tag-Index',NULL,NULL),(5,'First-H-Tag-Index',NULL,NULL),(6,'Node',NULL,NULL),(7,'href',NULL,NULL),(8,'Link-Title-Attribut',NULL,NULL),(9,'Link-Text',NULL,NULL),(10,'Link-Href-Attribut',NULL,NULL),(11,'Language',NULL,NULL),(12,'Detected-Language',NULL,NULL),(13,'Extracted-Text',NULL,NULL),(14,'Css-Filename',NULL,NULL),(15,'Snippet',NULL,NULL),(16,'title',NULL,NULL),(17,'text',NULL,NULL),(18,'label',NULL,NULL),(19,'precomputed-test-result',NULL,NULL),(20,'code',NULL,NULL),(21,'Foreground-Color',NULL,NULL),(22,'Background-Color',NULL,NULL),(23,'alt',NULL,NULL),(24,'data',NULL,NULL),(25,'longdesc',NULL,NULL),(26,'summary',NULL,NULL),(27,'Previous-H-Tag-Index2',NULL,NULL),(28,'First-H-Tag-Index2',NULL,NULL),(29,'Contrast',NULL,NULL),(30,'lang',NULL,NULL),(31,'xml-lang',NULL,NULL),(32,'content',NULL,NULL),(1000,'Url',NULL,NULL),(1002,'H1',NULL,NULL),(1003,'Metadescription',NULL,NULL);
CREATE TABLE "evidence_element" (
    "id_evidence_element" bigserial NOT NULL,
    "element_value" text NOT NULL,
    "evidence_id_evidence" bigint DEFAULT NULL,
    "process_remark_id_process_remark" bigint DEFAULT NULL,
    PRIMARY KEY ("id_evidence_element")
);

CREATE TABLE "level" (
    "id_level" bigserial NOT NULL,
    "cd_level" varchar(510) DEFAULT NULL,
    "description" varchar(510) DEFAULT NULL,
    "label" varchar(510) DEFAULT NULL,
    "rank" integer DEFAULT NULL,
    PRIMARY KEY ("id_level")
);

INSERT INTO "level" VALUES (1,'Bz',NULL,'Bronze',10),(2,'Ar',NULL,'Argent',20),(3,'Or',NULL,'Or',30),(4,'A',NULL,'Facile',40),(5,'AA',NULL,'Moyen',50),(6,'AAA',NULL,'Difficile',60);
CREATE TABLE "nomenclature" (
    "id_nomenclature" bigserial NOT NULL,
    "cd_nomenclature" varchar(510) DEFAULT NULL,
    "description" varchar(510) DEFAULT NULL,
    "long_label" varchar(510) DEFAULT NULL,
    "short_label" varchar(510) DEFAULT NULL,
    "id_nomenclature_parent" bigint DEFAULT NULL,
    PRIMARY KEY ("id_nomenclature")
);

INSERT INTO "nomenclature" VALUES (1,'FormsButtonTypes',NULL,NULL,NULL,NULL),(2,'JSWindowOpen',NULL,NULL,NULL,NULL),(3,'NotificationNewWindowWhitelist',NULL,NULL,NULL,NULL),(4,'FormsButtonWhitelist',NULL,NULL,NULL,NULL),(5,'FormsButtonblacklist',NULL,NULL,NULL,NULL),(6,'LinkTextWhitelist',NULL,NULL,NULL,NULL),(7,'LinkTextBlacklist',NULL,NULL,NULL,NULL),(8,'PossibleImageTags',NULL,NULL,NULL,NULL),(9,'RelativeCssUnits',NULL,NULL,NULL,NULL),(10,'ValidLanguageCode',NULL,NULL,NULL,NULL),(11,'DeprecatedRepresentationTags',NULL,NULL,NULL,NULL),(12,'UnexplicitPageTitle',NULL,NULL,NULL,NULL),(13,'ImageFileExtensions',NULL,NULL,NULL,NULL),(14,'MediaListNotAcceptingRelativeUnits',NULL,NULL,NULL,NULL),(15,'DeprecatedRepresentationAttributes',NULL,NULL,NULL,NULL),(16,'DeprecatedRepresentationAttributesWithExceptions',NULL,NULL,NULL,NULL),(17,'RecommendedDoctypeDeclarations',NULL,NULL,NULL,NULL),(18,'XhtmlDoctypeDeclarations',NULL,NULL,NULL,NULL),(19,'RecommendedCaseInsensitiveDoctypeDeclarations',NULL,NULL,NULL,NULL),(20,'DeprecatedRepresentationTagsV2',NULL,NULL,NULL,NULL),(21,'DeprecatedRepresentationAttributesV2',NULL,NULL,NULL,NULL),(22,'OfficeDocumentExtensions',NULL,NULL,NULL,NULL),(23,'BrowserReadableExtensions',NULL,NULL,NULL,NULL),(24,'DownloadableDocumentExtensions',NULL,NULL,NULL,NULL);
CREATE TABLE "nomenclature_element" (
    "id_nomenclature_element" bigserial NOT NULL,
    "label" varchar(510) NOT NULL,
    "shortvalue" integer DEFAULT NULL,
    "id_nomenclature" bigint DEFAULT NULL,
    "dtype" varchar(62) NOT NULL,
    PRIMARY KEY ("id_nomenclature_element")
);

INSERT INTO "nomenclature_element" VALUES (1,'reset',NULL,1,'NomenclatureElementImpl'),(2,'submit',NULL,1,'NomenclatureElementImpl'),(3,'button',NULL,1,'NomenclatureElementImpl'),(4,'window.open',NULL,2,'NomenclatureElementImpl'),(5,'javascript:window.open',NULL,2,'NomenclatureElementImpl'),(6,'new window',NULL,3,'NomenclatureElementImpl'),(7,'nouvelle fenêtre',NULL,3,'NomenclatureElementImpl'),(8,'s''inscrire',NULL,5,'NomenclatureElementImpl'),(9,'go',NULL,5,'NomenclatureElementImpl'),(10,'inscrire',NULL,5,'NomenclatureElementImpl'),(11,'valider',NULL,5,'NomenclatureElementImpl'),(12,'envoyer',NULL,5,'NomenclatureElementImpl'),(13,'submit',NULL,5,'NomenclatureElementImpl'),(14,'poster',NULL,5,'NomenclatureElementImpl'),(15,'retour à l''accueil',NULL,6,'NomenclatureElementImpl'),(16,'back home',NULL,6,'NomenclatureElementImpl'),(17,'here',NULL,7,'NomenclatureElementImpl'),(18,'this link',NULL,7,'NomenclatureElementImpl'),(19,'there',NULL,7,'NomenclatureElementImpl'),(20,'en savoir plus...',NULL,7,'NomenclatureElementImpl'),(21,'more',NULL,7,'NomenclatureElementImpl'),(22,'en savoir plus',NULL,7,'NomenclatureElementImpl'),(23,'ici',NULL,7,'NomenclatureElementImpl'),(24,'plus',NULL,7,'NomenclatureElementImpl'),(25,'là',NULL,7,'NomenclatureElementImpl'),(26,'cliquez ici',NULL,7,'NomenclatureElementImpl'),(27,'ce lien',NULL,7,'NomenclatureElementImpl'),(28,'post précédent',NULL,7,'NomenclatureElementImpl'),(29,'lire la suite',NULL,7,'NomenclatureElementImpl'),(30,'click here',NULL,7,'NomenclatureElementImpl'),(31,'object',NULL,8,'NomenclatureElementImpl'),(32,'img',NULL,8,'NomenclatureElementImpl'),(33,'pc',22,9,'NomenclatureCssUnitImpl'),(34,'cm',19,9,'NomenclatureCssUnitImpl'),(35,'in',18,9,'NomenclatureCssUnitImpl'),(36,'pt',21,9,'NomenclatureCssUnitImpl'),(37,'mm',20,9,'NomenclatureCssUnitImpl'),(38,'kk',NULL,10,'NomenclatureElementImpl'),(39,'th',NULL,10,'NomenclatureElementImpl'),(40,'cs',NULL,10,'NomenclatureElementImpl'),(41,'vi',NULL,10,'NomenclatureElementImpl'),(42,'hi',NULL,10,'NomenclatureElementImpl'),(43,'ur',NULL,10,'NomenclatureElementImpl'),(44,'af',NULL,10,'NomenclatureElementImpl'),(45,'tl',NULL,10,'NomenclatureElementImpl'),(46,'bh',NULL,10,'NomenclatureElementImpl'),(47,'ta',NULL,10,'NomenclatureElementImpl'),(48,'zh',NULL,10,'NomenclatureElementImpl'),(49,'wa',NULL,10,'NomenclatureElementImpl'),(50,'ae',NULL,10,'NomenclatureElementImpl'),(51,'fy',NULL,10,'NomenclatureElementImpl'),(52,'bn',NULL,10,'NomenclatureElementImpl'),(53,'sw',NULL,10,'NomenclatureElementImpl'),(54,'sd',NULL,10,'NomenclatureElementImpl'),(55,'mi',NULL,10,'NomenclatureElementImpl'),(56,'la',NULL,10,'NomenclatureElementImpl'),(57,'gv',NULL,10,'NomenclatureElementImpl'),(58,'no',NULL,10,'NomenclatureElementImpl'),(59,'or',NULL,10,'NomenclatureElementImpl'),(60,'tk',NULL,10,'NomenclatureElementImpl'),(61,'bs',NULL,10,'NomenclatureElementImpl'),(62,'ko',NULL,10,'NomenclatureElementImpl'),(63,'et',NULL,10,'NomenclatureElementImpl'),(64,'aa',NULL,10,'NomenclatureElementImpl'),(65,'ja',NULL,10,'NomenclatureElementImpl'),(66,'rm',NULL,10,'NomenclatureElementImpl'),(67,'ks',NULL,10,'NomenclatureElementImpl'),(68,'ca',NULL,10,'NomenclatureElementImpl'),(69,'sn',NULL,10,'NomenclatureElementImpl'),(70,'en',NULL,10,'NomenclatureElementImpl'),(71,'nl',NULL,10,'NomenclatureElementImpl'),(72,'ss',NULL,10,'NomenclatureElementImpl'),(73,'ab',NULL,10,'NomenclatureElementImpl'),(74,'tg',NULL,10,'NomenclatureElementImpl'),(75,'st',NULL,10,'NomenclatureElementImpl'),(76,'da',NULL,10,'NomenclatureElementImpl'),(77,'bo',NULL,10,'NomenclatureElementImpl'),(78,'sg',NULL,10,'NomenclatureElementImpl'),(79,'na',NULL,10,'NomenclatureElementImpl'),(80,'gl',NULL,10,'NomenclatureElementImpl'),(81,'si',NULL,10,'NomenclatureElementImpl'),(82,'rw',NULL,10,'NomenclatureElementImpl'),(83,'uz',NULL,10,'NomenclatureElementImpl'),(84,'te',NULL,10,'NomenclatureElementImpl'),(85,'kl',NULL,10,'NomenclatureElementImpl'),(86,'el',NULL,10,'NomenclatureElementImpl'),(87,'ba',NULL,10,'NomenclatureElementImpl'),(88,'tn',NULL,10,'NomenclatureElementImpl'),(89,'br',NULL,10,'NomenclatureElementImpl'),(90,'ky',NULL,10,'NomenclatureElementImpl'),(91,'ps',NULL,10,'NomenclatureElementImpl'),(92,'es',NULL,10,'NomenclatureElementImpl'),(93,'ch',NULL,10,'NomenclatureElementImpl'),(94,'sr',NULL,10,'NomenclatureElementImpl'),(95,'mk',NULL,10,'NomenclatureElementImpl'),(96,'qu',NULL,10,'NomenclatureElementImpl'),(97,'ka',NULL,10,'NomenclatureElementImpl'),(98,'fr',NULL,10,'NomenclatureElementImpl'),(99,'ne',NULL,10,'NomenclatureElementImpl'),(100,'he',NULL,10,'NomenclatureElementImpl'),(101,'co',NULL,10,'NomenclatureElementImpl'),(102,'uk',NULL,10,'NomenclatureElementImpl'),(103,'ga',NULL,10,'NomenclatureElementImpl'),(104,'tt',NULL,10,'NomenclatureElementImpl'),(105,'ms',NULL,10,'NomenclatureElementImpl'),(106,'pt',NULL,10,'NomenclatureElementImpl'),(107,'bg',NULL,10,'NomenclatureElementImpl'),(108,'ku',NULL,10,'NomenclatureElementImpl'),(109,'ny',NULL,10,'NomenclatureElementImpl'),(110,'so',NULL,10,'NomenclatureElementImpl'),(111,'ln',NULL,10,'NomenclatureElementImpl'),(112,'zu',NULL,10,'NomenclatureElementImpl'),(113,'fj',NULL,10,'NomenclatureElementImpl'),(114,'sk',NULL,10,'NomenclatureElementImpl'),(115,'is',NULL,10,'NomenclatureElementImpl'),(116,'ik',NULL,10,'NomenclatureElementImpl'),(117,'xh',NULL,10,'NomenclatureElementImpl'),(118,'ro',NULL,10,'NomenclatureElementImpl'),(119,'yi',NULL,10,'NomenclatureElementImpl'),(120,'be',NULL,10,'NomenclatureElementImpl'),(121,'ar',NULL,10,'NomenclatureElementImpl'),(122,'fi',NULL,10,'NomenclatureElementImpl'),(123,'my',NULL,10,'NomenclatureElementImpl'),(124,'gn',NULL,10,'NomenclatureElementImpl'),(125,'dz',NULL,10,'NomenclatureElementImpl'),(126,'su',NULL,10,'NomenclatureElementImpl'),(127,'hu',NULL,10,'NomenclatureElementImpl'),(128,'mt',NULL,10,'NomenclatureElementImpl'),(129,'lt',NULL,10,'NomenclatureElementImpl'),(130,'de',NULL,10,'NomenclatureElementImpl'),(131,'pl',NULL,10,'NomenclatureElementImpl'),(132,'tr',NULL,10,'NomenclatureElementImpl'),(133,'kn',NULL,10,'NomenclatureElementImpl'),(134,'cy',NULL,10,'NomenclatureElementImpl'),(135,'mg',NULL,10,'NomenclatureElementImpl'),(136,'tw',NULL,10,'NomenclatureElementImpl'),(137,'hr',NULL,10,'NomenclatureElementImpl'),(138,'hy',NULL,10,'NomenclatureElementImpl'),(139,'wo',NULL,10,'NomenclatureElementImpl'),(140,'kw',NULL,10,'NomenclatureElementImpl'),(141,'hz',NULL,10,'NomenclatureElementImpl'),(142,'eu',NULL,10,'NomenclatureElementImpl'),(143,'ia',NULL,10,'NomenclatureElementImpl'),(144,'sv',NULL,10,'NomenclatureElementImpl'),(145,'iu',NULL,10,'NomenclatureElementImpl'),(146,'gu',NULL,10,'NomenclatureElementImpl'),(147,'gd',NULL,10,'NomenclatureElementImpl'),(148,'oc',NULL,10,'NomenclatureElementImpl'),(149,'fo',NULL,10,'NomenclatureElementImpl'),(150,'lv',NULL,10,'NomenclatureElementImpl'),(151,'as',NULL,10,'NomenclatureElementImpl'),(152,'sm',NULL,10,'NomenclatureElementImpl'),(153,'ug',NULL,10,'NomenclatureElementImpl'),(154,'sa',NULL,10,'NomenclatureElementImpl'),(155,'sl',NULL,10,'NomenclatureElementImpl'),(156,'yo',NULL,10,'NomenclatureElementImpl'),(157,'mr',NULL,10,'NomenclatureElementImpl'),(158,'vo',NULL,10,'NomenclatureElementImpl'),(159,'sq',NULL,10,'NomenclatureElementImpl'),(160,'fa',NULL,10,'NomenclatureElementImpl'),(161,'id',NULL,10,'NomenclatureElementImpl'),(162,'ru',NULL,10,'NomenclatureElementImpl'),(163,'az',NULL,10,'NomenclatureElementImpl'),(164,'ts',NULL,10,'NomenclatureElementImpl'),(165,'km',NULL,10,'NomenclatureElementImpl'),(166,'rn',NULL,10,'NomenclatureElementImpl'),(167,'it',NULL,10,'NomenclatureElementImpl'),(168,'ml',NULL,10,'NomenclatureElementImpl'),(169,'mn',NULL,10,'NomenclatureElementImpl'),(170,'ha',NULL,10,'NomenclatureElementImpl'),(171,'om',NULL,10,'NomenclatureElementImpl'),(172,'am',NULL,10,'NomenclatureElementImpl'),(173,'bi',NULL,10,'NomenclatureElementImpl'),(174,'ki',NULL,10,'NomenclatureElementImpl'),(175,'kv',NULL,10,'NomenclatureElementImpl'),(176,'kj',NULL,10,'NomenclatureElementImpl'),(177,'ay',NULL,10,'NomenclatureElementImpl'),(178,'eo',NULL,10,'NomenclatureElementImpl'),(179,'pa',NULL,10,'NomenclatureElementImpl'),(180,'ie',NULL,10,'NomenclatureElementImpl'),(181,'lo',NULL,10,'NomenclatureElementImpl'),(182,'BASEFONT',NULL,11,'NomenclatureElementImpl'),(183,'CENTER',NULL,11,'NomenclatureElementImpl'),(184,'BLINK',NULL,11,'NomenclatureElementImpl'),(185,'FONT',NULL,11,'NomenclatureElementImpl'),(186,'MARQUEE',NULL,11,'NomenclatureElementImpl'),(187,'TT',NULL,11,'NomenclatureElementImpl'),(188,'S',NULL,11,'NomenclatureElementImpl'),(189,'STRIKE',NULL,11,'NomenclatureElementImpl'),(190,'U',NULL,11,'NomenclatureElementImpl'),(191,'',NULL,12,'NomenclatureElementImpl'),(192,'Bienvenue dans Adobe GoLive 6',NULL,12,'NomenclatureElementImpl'),(193,'page title',NULL,12,'NomenclatureElementImpl'),(194,'Titre de la page',NULL,12,'NomenclatureElementImpl'),(195,'jpg',NULL,13,'NomenclatureElementImpl'),(196,'gif',NULL,13,'NomenclatureElementImpl'),(197,'jpeg',NULL,13,'NomenclatureElementImpl'),(198,'png',NULL,13,'NomenclatureElementImpl'),(199,'bmp',NULL,13,'NomenclatureElementImpl'),(200,'all',NULL,14,'NomenclatureElementImpl'),(201,'screen',NULL,14,'NomenclatureElementImpl'),(202,'projection',NULL,14,'NomenclatureElementImpl'),(203,'handheld',NULL,14,'NomenclatureElementImpl'),(204,'tv',NULL,14,'NomenclatureElementImpl'),(205,'telecharger',NULL,7,'NomenclatureElementImpl'),(206,'télécharger',NULL,7,'NomenclatureElementImpl'),(207,'download',NULL,7,'NomenclatureElementImpl'),(208,'visiter',NULL,7,'NomenclatureElementImpl'),(209,'visit',NULL,7,'NomenclatureElementImpl'),(210,'ajouter',NULL,7,'NomenclatureElementImpl'),(211,'add',NULL,7,'NomenclatureElementImpl'),(212,'acheter',NULL,7,'NomenclatureElementImpl'),(213,'buy',NULL,7,'NomenclatureElementImpl'),(214,'ouvrir',NULL,7,'NomenclatureElementImpl'),(215,'open',NULL,7,'NomenclatureElementImpl'),(216,'valider',NULL,7,'NomenclatureElementImpl'),(217,'validate',NULL,7,'NomenclatureElementImpl'),(218,'envoyer',NULL,7,'NomenclatureElementImpl'),(219,'send',NULL,7,'NomenclatureElementImpl'),(220,'suivant',NULL,7,'NomenclatureElementImpl'),(221,'next',NULL,7,'NomenclatureElementImpl'),(222,'precedent',NULL,7,'NomenclatureElementImpl'),(223,'précédent',NULL,7,'NomenclatureElementImpl'),(224,'previous',NULL,7,'NomenclatureElementImpl'),(225,'align',NULL,15,'NomenclatureElementImpl'),(226,'alink',NULL,15,'NomenclatureElementImpl'),(227,'background',NULL,15,'NomenclatureElementImpl'),(228,'basefont',NULL,15,'NomenclatureElementImpl'),(229,'bgcolor',NULL,15,'NomenclatureElementImpl'),(230,'border',NULL,15,'NomenclatureElementImpl'),(231,'color',NULL,15,'NomenclatureElementImpl'),(232,'link',NULL,15,'NomenclatureElementImpl'),(233,'text',NULL,15,'NomenclatureElementImpl'),(234,'vlink',NULL,15,'NomenclatureElementImpl'),(235,'width',NULL,16,'NomenclatureElementImpl'),(236,'height',NULL,16,'NomenclatureElementImpl'),(237,'<!DOCTYPE HTML PUBLIC \"-//W3C//DTD HTML 4.01//EN\" \"http://www.w3.org/TR/html4/strict.dtd\">',NULL,19,'NomenclatureElementImpl'),(238,'<!DOCTYPE HTML PUBLIC \"-//W3C//DTD HTML 4.01 Transitional//EN\" \"http://www.w3.org/TR/html4/loose.dtd\">',NULL,19,'NomenclatureElementImpl'),(239,'<!DOCTYPE HTML PUBLIC \"-//W3C//DTD HTML 4.01 Frameset//EN\" \"http://www.w3.org/TR/html4/frameset.dtd\">',NULL,19,'NomenclatureElementImpl'),(240,'<!DOCTYPE html PUBLIC \"-//W3C//DTD XHTML 1.0 Strict//EN\" \"http://www.w3.org/TR/xhtml1/DTD/xhtml1-strict.dtd\">',NULL,19,'NomenclatureElementImpl'),(241,'<!DOCTYPE html PUBLIC \"-//W3C//DTD XHTML 1.0 Transitional//EN\" \"http://www.w3.org/TR/xhtml1/DTD/xhtml1-transitional.dtd\">',NULL,19,'NomenclatureElementImpl'),(242,'<!DOCTYPE html PUBLIC \"-//W3C//DTD XHTML 1.0 Frameset//EN\" \"http://www.w3.org/TR/xhtml1/DTD/xhtml1-frameset.dtd\">',NULL,19,'NomenclatureElementImpl'),(243,'<!DOCTYPE html PUBLIC \"-//W3C//DTD XHTML 1.1//EN\" \"http://www.w3.org/TR/xhtml11/DTD/xhtml11.dtd\">',NULL,19,'NomenclatureElementImpl'),(244,'<!DOCTYPE html PUBLIC \"-//W3C//DTD XHTML Basic 1.1//EN\" \"http://www.w3.org/TR/xhtml-basic/xhtml-basic11.dtd\">',NULL,19,'NomenclatureElementImpl'),(245,'<!DOCTYPE math PUBLIC \"-//W3C//DTD MathML 2.0//EN\" \"http://www.w3.org/TR/MathML2/dtd/mathml2.dtd\">',NULL,19,'NomenclatureElementImpl'),(246,'<!DOCTYPE math SYSTEM \"http://www.w3.org/Math/DTD/mathml1/mathml.dtd\">',NULL,19,'NomenclatureElementImpl'),(247,'<!DOCTYPE html PUBLIC \"-//W3C//DTD XHTML 1.1 plus MathML 2.0 plus SVG 1.1//EN\" \"http://www.w3.org/2002/04/xhtml-math-svg/xhtml-math-svg.dtd\">',NULL,19,'NomenclatureElementImpl'),(248,'<!DOCTYPE svg:svg PUBLIC \"-//W3C//DTD XHTML 1.1 plus MathML 2.0 plus SVG 1.1//EN\" \"http://www.w3.org/2002/04/xhtml-math-svg/xhtml-math-svg.dtd\">',NULL,19,'NomenclatureElementImpl'),(249,'<!DOCTYPE html PUBLIC \"-//IETF//DTD HTML 2.0//EN\">',NULL,19,'NomenclatureElementImpl'),(250,'<!DOCTYPE html PUBLIC \"-//W3C//DTD HTML 3.2 Final//EN\">',NULL,19,'NomenclatureElementImpl'),(251,'<!DOCTYPE html PUBLIC \"-//W3C//DTD XHTML Basic 1.0//EN\" \"http://www.w3.org/TR/xhtml-basic/xhtml-basic10.dtd\">',NULL,19,'NomenclatureElementImpl'),(252,'accueil',NULL,12,'NomenclatureElementImpl'),(253,'sommaire',NULL,12,'NomenclatureElementImpl'),(254,'bienvenue',NULL,12,'NomenclatureElementImpl'),(255,'welcome',NULL,12,'NomenclatureElementImpl'),(256,'homepage',NULL,12,'NomenclatureElementImpl'),(257,'home page',NULL,12,'NomenclatureElementImpl'),(258,'a propos',NULL,12,'NomenclatureElementImpl'),(259,'about',NULL,12,'NomenclatureElementImpl'),(260,'resultat de la recherche',NULL,12,'NomenclatureElementImpl'),(261,'search result',NULL,12,'NomenclatureElementImpl'),(262,'summary',NULL,12,'NomenclatureElementImpl'),(263,'index',NULL,12,'NomenclatureElementImpl'),(264,'home',NULL,12,'NomenclatureElementImpl'),(265,'<!DOCTYPE HTML>',NULL,19,'NomenclatureElementImpl'),(266,'learn more',NULL,7,'NomenclatureElementImpl'),(267,'learn more >>',NULL,7,'NomenclatureElementImpl'),(268,'more details',NULL,7,'NomenclatureElementImpl'),(269,'more details ...',NULL,7,'NomenclatureElementImpl'),(270,'imprimer',NULL,7,'NomenclatureElementImpl'),(271,'print',NULL,7,'NomenclatureElementImpl'),(272,'<!DOCTYPE html PUBLIC \"-//W3C//DTD XHTML 1.0 Strict//EN\" \"http://www.w3.org/TR/xhtml1/DTD/xhtml1-strict.dtd\">',NULL,18,'NomenclatureElementImpl'),(273,'<!DOCTYPE html PUBLIC \"-//W3C//DTD XHTML 1.0 Transitional//EN\" \"http://www.w3.org/TR/xhtml1/DTD/xhtml1-transitional.dtd\">',NULL,18,'NomenclatureElementImpl'),(274,'<!DOCTYPE html PUBLIC \"-//W3C//DTD XHTML 1.0 Frameset//EN\" \"http://www.w3.org/TR/xhtml1/DTD/xhtml1-frameset.dtd\">',NULL,18,'NomenclatureElementImpl'),(275,'<!DOCTYPE html PUBLIC \"-//W3C//DTD XHTML 1.1//EN\" \"http://www.w3.org/TR/xhtml11/DTD/xhtml11.dtd\">',NULL,18,'NomenclatureElementImpl'),(276,'<!DOCTYPE html PUBLIC \"-//W3C//DTD XHTML Basic 1.1//EN\" \"http://www.w3.org/TR/xhtml-basic/xhtml-basic11.dtd\">',NULL,18,'NomenclatureElementImpl'),(277,'<!DOCTYPE html PUBLIC \"-//W3C//DTD XHTML 1.1 plus MathML 2.0 plus SVG 1.1//EN\" \"http://www.w3.org/2002/04/xhtml-math-svg/xhtml-math-svg.dtd\">',NULL,18,'NomenclatureElementImpl'),(278,'<!DOCTYPE svg:svg PUBLIC \"-//W3C//DTD XHTML 1.1 plus MathML 2.0 plus SVG 1.1//EN\" \"http://www.w3.org/2002/04/xhtml-math-svg/xhtml-math-svg.dtd\">',NULL,18,'NomenclatureElementImpl'),(279,'<!DOCTYPE html PUBLIC \"-//W3C//DTD XHTML Basic 1.0//EN\" \"http://www.w3.org/TR/xhtml-basic/xhtml-basic10.dtd\">',NULL,18,'NomenclatureElementImpl'),(280,'lb',NULL,10,'NomenclatureElementImpl'),(281,'mh',NULL,10,'NomenclatureElementImpl'),(282,'nv',NULL,10,'NomenclatureElementImpl'),(283,'nd',NULL,10,'NomenclatureElementImpl'),(284,'nr',NULL,10,'NomenclatureElementImpl'),(285,'ng',NULL,10,'NomenclatureElementImpl'),(286,'nb',NULL,10,'NomenclatureElementImpl'),(287,'nn',NULL,10,'NomenclatureElementImpl'),(288,'os',NULL,10,'NomenclatureElementImpl'),(289,'pi',NULL,10,'NomenclatureElementImpl'),(290,'se',NULL,10,'NomenclatureElementImpl'),(291,'sc',NULL,10,'NomenclatureElementImpl'),(292,'cu',NULL,10,'NomenclatureElementImpl'),(293,'ty',NULL,10,'NomenclatureElementImpl'),(294,'ce',NULL,10,'NomenclatureElementImpl'),(295,'cv',NULL,10,'NomenclatureElementImpl'),(296,'za',NULL,10,'NomenclatureElementImpl'),(297,'ak',NULL,10,'NomenclatureElementImpl'),(298,'an',NULL,10,'NomenclatureElementImpl'),(299,'av',NULL,10,'NomenclatureElementImpl'),(300,'to',NULL,10,'NomenclatureElementImpl'),(301,'ho',NULL,10,'NomenclatureElementImpl'),(302,'ve',NULL,10,'NomenclatureElementImpl'),(303,'aka',NULL,10,'NomenclatureElementImpl'),(304,'kik',NULL,10,'NomenclatureElementImpl'),(305,'xho',NULL,10,'NomenclatureElementImpl'),(306,'shn',NULL,10,'NomenclatureElementImpl'),(307,'kin',NULL,10,'NomenclatureElementImpl'),(308,'kir',NULL,10,'NomenclatureElementImpl'),(309,'udm',NULL,10,'NomenclatureElementImpl'),(310,'ibo',NULL,10,'NomenclatureElementImpl'),(311,'sga',NULL,10,'NomenclatureElementImpl'),(312,'zha',NULL,10,'NomenclatureElementImpl'),(313,'qaa-qtz',NULL,10,'NomenclatureElementImpl'),(314,'sgn',NULL,10,'NomenclatureElementImpl'),(315,'gil',NULL,10,'NomenclatureElementImpl'),(316,'bis',NULL,10,'NomenclatureElementImpl'),(317,'ain',NULL,10,'NomenclatureElementImpl'),(318,'bik',NULL,10,'NomenclatureElementImpl'),(319,'iba',NULL,10,'NomenclatureElementImpl'),(320,'bin',NULL,10,'NomenclatureElementImpl'),(321,'bih',NULL,10,'NomenclatureElementImpl'),(322,'nep',NULL,10,'NomenclatureElementImpl'),(323,'mac',NULL,10,'NomenclatureElementImpl'),(324,'mah',NULL,10,'NomenclatureElementImpl'),(325,'mai',NULL,10,'NomenclatureElementImpl'),(326,'mak',NULL,10,'NomenclatureElementImpl'),(327,'mad',NULL,10,'NomenclatureElementImpl'),(328,'mag',NULL,10,'NomenclatureElementImpl'),(329,'map',NULL,10,'NomenclatureElementImpl'),(330,'mar',NULL,10,'NomenclatureElementImpl'),(331,'mas',NULL,10,'NomenclatureElementImpl'),(332,'mal',NULL,10,'NomenclatureElementImpl'),(333,'wen',NULL,10,'NomenclatureElementImpl'),(334,'man',NULL,10,'NomenclatureElementImpl'),(335,'mao',NULL,10,'NomenclatureElementImpl'),(336,'wel',NULL,10,'NomenclatureElementImpl'),(337,'sid',NULL,10,'NomenclatureElementImpl'),(338,'may',NULL,10,'NomenclatureElementImpl'),(339,'khi',NULL,10,'NomenclatureElementImpl'),(340,'kha',NULL,10,'NomenclatureElementImpl'),(341,'bla',NULL,10,'NomenclatureElementImpl'),(342,'sit',NULL,10,'NomenclatureElementImpl'),(343,'oji',NULL,10,'NomenclatureElementImpl'),(344,'new',NULL,10,'NomenclatureElementImpl'),(345,'ven',NULL,10,'NomenclatureElementImpl'),(346,'sin',NULL,10,'NomenclatureElementImpl'),(347,'sio',NULL,10,'NomenclatureElementImpl'),(348,'zen',NULL,10,'NomenclatureElementImpl'),(349,'kho',NULL,10,'NomenclatureElementImpl'),(350,'khm',NULL,10,'NomenclatureElementImpl'),(351,'efi',NULL,10,'NomenclatureElementImpl'),(352,'bod',NULL,10,'NomenclatureElementImpl'),(353,'hai',NULL,10,'NomenclatureElementImpl'),(354,'oci',NULL,10,'NomenclatureElementImpl'),(355,'hau',NULL,10,'NomenclatureElementImpl'),(356,'haw',NULL,10,'NomenclatureElementImpl'),(357,'hat',NULL,10,'NomenclatureElementImpl'),(358,'zbl',NULL,10,'NomenclatureElementImpl'),(359,'jav',NULL,10,'NomenclatureElementImpl'),(360,'anp',NULL,10,'NomenclatureElementImpl'),(361,'bnt',NULL,10,'NomenclatureElementImpl'),(362,'ang',NULL,10,'NomenclatureElementImpl'),(363,'geo',NULL,10,'NomenclatureElementImpl'),(364,'nds',NULL,10,'NomenclatureElementImpl'),(365,'mdf',NULL,10,'NomenclatureElementImpl'),(366,'fas',NULL,10,'NomenclatureElementImpl'),(367,'ger',NULL,10,'NomenclatureElementImpl'),(368,'fat',NULL,10,'NomenclatureElementImpl'),(369,'ndo',NULL,10,'NomenclatureElementImpl'),(370,'dak',NULL,10,'NomenclatureElementImpl'),(371,'fao',NULL,10,'NomenclatureElementImpl'),(372,'fan',NULL,10,'NomenclatureElementImpl'),(373,'gez',NULL,10,'NomenclatureElementImpl'),(374,'mdr',NULL,10,'NomenclatureElementImpl'),(375,'nde',NULL,10,'NomenclatureElementImpl'),(376,'dar',NULL,10,'NomenclatureElementImpl'),(377,'dan',NULL,10,'NomenclatureElementImpl'),(378,'jbo',NULL,10,'NomenclatureElementImpl'),(379,'day',NULL,10,'NomenclatureElementImpl'),(380,'sco',NULL,10,'NomenclatureElementImpl'),(381,'gem',NULL,10,'NomenclatureElementImpl'),(382,'scn',NULL,10,'NomenclatureElementImpl'),(383,'amh',NULL,10,'NomenclatureElementImpl'),(384,'nap',NULL,10,'NomenclatureElementImpl'),(385,'rap',NULL,10,'NomenclatureElementImpl'),(386,'rar',NULL,10,'NomenclatureElementImpl'),(387,'nah',NULL,10,'NomenclatureElementImpl'),(388,'nai',NULL,10,'NomenclatureElementImpl'),(389,'lad',NULL,10,'NomenclatureElementImpl'),(390,'lah',NULL,10,'NomenclatureElementImpl'),(391,'pau',NULL,10,'NomenclatureElementImpl'),(392,'alt',NULL,10,'NomenclatureElementImpl'),(393,'ice',NULL,10,'NomenclatureElementImpl'),(394,'lam',NULL,10,'NomenclatureElementImpl'),(395,'lao',NULL,10,'NomenclatureElementImpl'),(396,'men',NULL,10,'NomenclatureElementImpl'),(397,'lat',NULL,10,'NomenclatureElementImpl'),(398,'alg',NULL,10,'NomenclatureElementImpl'),(399,'nbl',NULL,10,'NomenclatureElementImpl'),(400,'paa',NULL,10,'NomenclatureElementImpl'),(401,'lav',NULL,10,'NomenclatureElementImpl'),(402,'pag',NULL,10,'NomenclatureElementImpl'),(403,'ale',NULL,10,'NomenclatureElementImpl'),(404,'pal',NULL,10,'NomenclatureElementImpl'),(405,'ido',NULL,10,'NomenclatureElementImpl'),(406,'alb',NULL,10,'NomenclatureElementImpl'),(407,'pap',NULL,10,'NomenclatureElementImpl'),(408,'pam',NULL,10,'NomenclatureElementImpl'),(409,'pan',NULL,10,'NomenclatureElementImpl'),(410,'raj',NULL,10,'NomenclatureElementImpl'),(411,'yap',NULL,10,'NomenclatureElementImpl'),(412,'bos',NULL,10,'NomenclatureElementImpl'),(413,'nav',NULL,10,'NomenclatureElementImpl'),(414,'yao',NULL,10,'NomenclatureElementImpl'),(415,'nau',NULL,10,'NomenclatureElementImpl'),(416,'zap',NULL,10,'NomenclatureElementImpl'),(417,'vai',NULL,10,'NomenclatureElementImpl'),(418,'sem',NULL,10,'NomenclatureElementImpl'),(419,'akk',NULL,10,'NomenclatureElementImpl'),(420,'sel',NULL,10,'NomenclatureElementImpl'),(421,'krc',NULL,10,'NomenclatureElementImpl'),(422,'abk',NULL,10,'NomenclatureElementImpl'),(423,'heb',NULL,10,'NomenclatureElementImpl'),(424,'iii',NULL,10,'NomenclatureElementImpl'),(425,'gba',NULL,10,'NomenclatureElementImpl'),(426,'lui',NULL,10,'NomenclatureElementImpl'),(427,'kut',NULL,10,'NomenclatureElementImpl'),(428,'luo',NULL,10,'NomenclatureElementImpl'),(429,'lun',NULL,10,'NomenclatureElementImpl'),(430,'kur',NULL,10,'NomenclatureElementImpl'),(431,'lus',NULL,10,'NomenclatureElementImpl'),(432,'phn',NULL,10,'NomenclatureElementImpl'),(433,'her',NULL,10,'NomenclatureElementImpl'),(434,'kum',NULL,10,'NomenclatureElementImpl'),(435,'phi',NULL,10,'NomenclatureElementImpl'),(436,'spa',NULL,10,'NomenclatureElementImpl'),(437,'tyv',NULL,10,'NomenclatureElementImpl'),(438,'sot',NULL,10,'NomenclatureElementImpl'),(439,'bam',NULL,10,'NomenclatureElementImpl'),(440,'ban',NULL,10,'NomenclatureElementImpl'),(441,'bak',NULL,10,'NomenclatureElementImpl'),(442,'bal',NULL,10,'NomenclatureElementImpl'),(443,'bai',NULL,10,'NomenclatureElementImpl'),(444,'rom',NULL,10,'NomenclatureElementImpl'),(445,'ron',NULL,10,'NomenclatureElementImpl'),(446,'som',NULL,10,'NomenclatureElementImpl'),(447,'son',NULL,10,'NomenclatureElementImpl'),(448,'bad',NULL,10,'NomenclatureElementImpl'),(449,'ijo',NULL,10,'NomenclatureElementImpl'),(450,'gaa',NULL,10,'NomenclatureElementImpl'),(451,'aar',NULL,10,'NomenclatureElementImpl'),(452,'kro',NULL,10,'NomenclatureElementImpl'),(453,'roa',NULL,10,'NomenclatureElementImpl'),(454,'sog',NULL,10,'NomenclatureElementImpl'),(455,'gay',NULL,10,'NomenclatureElementImpl'),(456,'kru',NULL,10,'NomenclatureElementImpl'),(457,'bat',NULL,10,'NomenclatureElementImpl'),(458,'bas',NULL,10,'NomenclatureElementImpl'),(459,'krl',NULL,10,'NomenclatureElementImpl'),(460,'baq',NULL,10,'NomenclatureElementImpl'),(461,'roh',NULL,10,'NomenclatureElementImpl'),(462,'srr',NULL,10,'NomenclatureElementImpl'),(463,'srp',NULL,10,'NomenclatureElementImpl'),(464,'srn',NULL,10,'NomenclatureElementImpl'),(465,'kos',NULL,10,'NomenclatureElementImpl'),(466,'kor',NULL,10,'NomenclatureElementImpl'),(467,'kon',NULL,10,'NomenclatureElementImpl'),(468,'kom',NULL,10,'NomenclatureElementImpl'),(469,'kok',NULL,10,'NomenclatureElementImpl'),(470,'srd',NULL,10,'NomenclatureElementImpl'),(471,'kua',NULL,10,'NomenclatureElementImpl'),(472,'peo',NULL,10,'NomenclatureElementImpl'),(473,'per',NULL,10,'NomenclatureElementImpl'),(474,'dut',NULL,10,'NomenclatureElementImpl'),(475,'sqi',NULL,10,'NomenclatureElementImpl'),(476,'znd',NULL,10,'NomenclatureElementImpl'),(477,'cus',NULL,10,'NomenclatureElementImpl'),(478,'jpn',NULL,10,'NomenclatureElementImpl'),(479,'jpr',NULL,10,'NomenclatureElementImpl'),(480,'kpe',NULL,10,'NomenclatureElementImpl'),(481,'cym',NULL,10,'NomenclatureElementImpl'),(482,'nyn',NULL,10,'NomenclatureElementImpl'),(483,'slk',NULL,10,'NomenclatureElementImpl'),(484,'nym',NULL,10,'NomenclatureElementImpl'),(485,'afr',NULL,10,'NomenclatureElementImpl'),(486,'slo',NULL,10,'NomenclatureElementImpl'),(487,'myv',NULL,10,'NomenclatureElementImpl'),(488,'nyo',NULL,10,'NomenclatureElementImpl'),(489,'afh',NULL,10,'NomenclatureElementImpl'),(490,'hin',NULL,10,'NomenclatureElementImpl'),(491,'pli',NULL,10,'NomenclatureElementImpl'),(492,'him',NULL,10,'NomenclatureElementImpl'),(493,'hil',NULL,10,'NomenclatureElementImpl'),(494,'myn',NULL,10,'NomenclatureElementImpl'),(495,'slv',NULL,10,'NomenclatureElementImpl'),(496,'tvl',NULL,10,'NomenclatureElementImpl'),(497,'kmb',NULL,10,'NomenclatureElementImpl'),(498,'inc',NULL,10,'NomenclatureElementImpl'),(499,'hit',NULL,10,'NomenclatureElementImpl'),(500,'ind',NULL,10,'NomenclatureElementImpl'),(501,'ina',NULL,10,'NomenclatureElementImpl'),(502,'sla',NULL,10,'NomenclatureElementImpl'),(503,'nzi',NULL,10,'NomenclatureElementImpl'),(504,'bej',NULL,10,'NomenclatureElementImpl'),(505,'ber',NULL,10,'NomenclatureElementImpl'),(506,'uzb',NULL,10,'NomenclatureElementImpl'),(507,'tur',NULL,10,'NomenclatureElementImpl'),(508,'ine',NULL,10,'NomenclatureElementImpl'),(509,'inh',NULL,10,'NomenclatureElementImpl'),(510,'tut',NULL,10,'NomenclatureElementImpl'),(511,'ben',NULL,10,'NomenclatureElementImpl'),(512,'bem',NULL,10,'NomenclatureElementImpl'),(513,'bel',NULL,10,'NomenclatureElementImpl'),(514,'tuk',NULL,10,'NomenclatureElementImpl'),(515,'tum',NULL,10,'NomenclatureElementImpl'),(516,'tup',NULL,10,'NomenclatureElementImpl'),(517,'afa',NULL,10,'NomenclatureElementImpl'),(518,'zho',NULL,10,'NomenclatureElementImpl'),(519,'mwr',NULL,10,'NomenclatureElementImpl'),(520,'wal',NULL,10,'NomenclatureElementImpl'),(521,'wak',NULL,10,'NomenclatureElementImpl'),(522,'snk',NULL,10,'NomenclatureElementImpl'),(523,'bho',NULL,10,'NomenclatureElementImpl'),(524,'xal',NULL,10,'NomenclatureElementImpl'),(525,'mwl',NULL,10,'NomenclatureElementImpl'),(526,'war',NULL,10,'NomenclatureElementImpl'),(527,'was',NULL,10,'NomenclatureElementImpl'),(528,'sna',NULL,10,'NomenclatureElementImpl'),(529,'ady',NULL,10,'NomenclatureElementImpl'),(530,'yid',NULL,10,'NomenclatureElementImpl'),(531,'iku',NULL,10,'NomenclatureElementImpl'),(532,'snd',NULL,10,'NomenclatureElementImpl'),(533,'smo',NULL,10,'NomenclatureElementImpl'),(534,'smn',NULL,10,'NomenclatureElementImpl'),(535,'ilo',NULL,10,'NomenclatureElementImpl'),(536,'dzo',NULL,10,'NomenclatureElementImpl'),(537,'smj',NULL,10,'NomenclatureElementImpl'),(538,'ach',NULL,10,'NomenclatureElementImpl'),(539,'sms',NULL,10,'NomenclatureElementImpl'),(540,'ace',NULL,10,'NomenclatureElementImpl'),(541,'ile',NULL,10,'NomenclatureElementImpl'),(542,'ada',NULL,10,'NomenclatureElementImpl'),(543,'sma',NULL,10,'NomenclatureElementImpl'),(544,'twi',NULL,10,'NomenclatureElementImpl'),(545,'smi',NULL,10,'NomenclatureElementImpl'),(546,'dyu',NULL,10,'NomenclatureElementImpl'),(547,'mya',NULL,10,'NomenclatureElementImpl'),(548,'cze',NULL,10,'NomenclatureElementImpl'),(549,'sme',NULL,10,'NomenclatureElementImpl'),(550,'nya',NULL,10,'NomenclatureElementImpl'),(551,'por',NULL,10,'NomenclatureElementImpl'),(552,'glv',NULL,10,'NomenclatureElementImpl'),(553,'swe',NULL,10,'NomenclatureElementImpl'),(554,'est',NULL,10,'NomenclatureElementImpl'),(555,'pon',NULL,10,'NomenclatureElementImpl'),(556,'pol',NULL,10,'NomenclatureElementImpl'),(557,'glg',NULL,10,'NomenclatureElementImpl'),(558,'aze',NULL,10,'NomenclatureElementImpl'),(559,'gle',NULL,10,'NomenclatureElementImpl'),(560,'lol',NULL,10,'NomenclatureElementImpl'),(561,'isl',NULL,10,'NomenclatureElementImpl'),(562,'moh',NULL,10,'NomenclatureElementImpl'),(563,'gla',NULL,10,'NomenclatureElementImpl'),(564,'mon',NULL,10,'NomenclatureElementImpl'),(565,'syc',NULL,10,'NomenclatureElementImpl'),(566,'cmc',NULL,10,'NomenclatureElementImpl'),(567,'mos',NULL,10,'NomenclatureElementImpl'),(568,'ita',NULL,10,'NomenclatureElementImpl'),(569,'loz',NULL,10,'NomenclatureElementImpl'),(570,'syr',NULL,10,'NomenclatureElementImpl'),(571,'mri',NULL,10,'NomenclatureElementImpl'),(572,'tsi',NULL,10,'NomenclatureElementImpl'),(573,'rup',NULL,10,'NomenclatureElementImpl'),(574,'run',NULL,10,'NomenclatureElementImpl'),(575,'tsn',NULL,10,'NomenclatureElementImpl'),(576,'nwc',NULL,10,'NomenclatureElementImpl'),(577,'rum',NULL,10,'NomenclatureElementImpl'),(578,'tso',NULL,10,'NomenclatureElementImpl'),(579,'eus',NULL,10,'NomenclatureElementImpl'),(580,'rus',NULL,10,'NomenclatureElementImpl'),(581,'fur',NULL,10,'NomenclatureElementImpl'),(582,'msa',NULL,10,'NomenclatureElementImpl'),(583,'ewe',NULL,10,'NomenclatureElementImpl'),(584,'aym',NULL,10,'NomenclatureElementImpl'),(585,'ewo',NULL,10,'NomenclatureElementImpl'),(586,'hmn',NULL,10,'NomenclatureElementImpl'),(587,'hmo',NULL,10,'NomenclatureElementImpl'),(588,'gmh',NULL,10,'NomenclatureElementImpl'),(589,'doi',NULL,10,'NomenclatureElementImpl'),(590,'tmh',NULL,10,'NomenclatureElementImpl'),(591,'nub',NULL,10,'NomenclatureElementImpl'),(592,'cor',NULL,10,'NomenclatureElementImpl'),(593,'cos',NULL,10,'NomenclatureElementImpl'),(594,'cop',NULL,10,'NomenclatureElementImpl'),(595,'ssa',NULL,10,'NomenclatureElementImpl'),(596,'ipk',NULL,10,'NomenclatureElementImpl'),(597,'ssw',NULL,10,'NomenclatureElementImpl'),(598,'ltz',NULL,10,'NomenclatureElementImpl'),(599,'cpf',NULL,10,'NomenclatureElementImpl'),(600,'lub',NULL,10,'NomenclatureElementImpl'),(601,'cpe',NULL,10,'NomenclatureElementImpl'),(602,'lua',NULL,10,'NomenclatureElementImpl'),(603,'lug',NULL,10,'NomenclatureElementImpl'),(604,'oto',NULL,10,'NomenclatureElementImpl'),(605,'cpp',NULL,10,'NomenclatureElementImpl'),(606,'urd',NULL,10,'NomenclatureElementImpl'),(607,'ota',NULL,10,'NomenclatureElementImpl'),(608,'ful',NULL,10,'NomenclatureElementImpl'),(609,'goh',NULL,10,'NomenclatureElementImpl'),(610,'dum',NULL,10,'NomenclatureElementImpl'),(611,'nso',NULL,10,'NomenclatureElementImpl'),(612,'zul',NULL,10,'NomenclatureElementImpl'),(613,'zun',NULL,10,'NomenclatureElementImpl'),(614,'gon',NULL,10,'NomenclatureElementImpl'),(615,'oss',NULL,10,'NomenclatureElementImpl'),(616,'gor',NULL,10,'NomenclatureElementImpl'),(617,'got',NULL,10,'NomenclatureElementImpl'),(618,'epo',NULL,10,'NomenclatureElementImpl'),(619,'dua',NULL,10,'NomenclatureElementImpl'),(620,'car',NULL,10,'NomenclatureElementImpl'),(621,'cat',NULL,10,'NomenclatureElementImpl'),(622,'ypk',NULL,10,'NomenclatureElementImpl'),(623,'cau',NULL,10,'NomenclatureElementImpl'),(624,'tog',NULL,10,'NomenclatureElementImpl'),(625,'fra',NULL,10,'NomenclatureElementImpl'),(626,'iro',NULL,10,'NomenclatureElementImpl'),(627,'pra',NULL,10,'NomenclatureElementImpl'),(628,'suk',NULL,10,'NomenclatureElementImpl'),(629,'fre',NULL,10,'NomenclatureElementImpl'),(630,'hsb',NULL,10,'NomenclatureElementImpl'),(631,'sun',NULL,10,'NomenclatureElementImpl'),(632,'cre',NULL,10,'NomenclatureElementImpl'),(633,'sus',NULL,10,'NomenclatureElementImpl'),(634,'cad',NULL,10,'NomenclatureElementImpl'),(635,'grn',NULL,10,'NomenclatureElementImpl'),(636,'sux',NULL,10,'NomenclatureElementImpl'),(637,'hrv',NULL,10,'NomenclatureElementImpl'),(638,'zxx',NULL,10,'NomenclatureElementImpl'),(639,'dra',NULL,10,'NomenclatureElementImpl'),(640,'ton',NULL,10,'NomenclatureElementImpl'),(641,'que',NULL,10,'NomenclatureElementImpl'),(642,'crh',NULL,10,'NomenclatureElementImpl'),(643,'cai',NULL,10,'NomenclatureElementImpl'),(644,'grb',NULL,10,'NomenclatureElementImpl'),(645,'mus',NULL,10,'NomenclatureElementImpl'),(646,'tpi',NULL,10,'NomenclatureElementImpl'),(647,'crp',NULL,10,'NomenclatureElementImpl'),(648,'yor',NULL,10,'NomenclatureElementImpl'),(649,'grc',NULL,10,'NomenclatureElementImpl'),(650,'mul',NULL,10,'NomenclatureElementImpl'),(651,'gre',NULL,10,'NomenclatureElementImpl'),(652,'mun',NULL,10,'NomenclatureElementImpl'),(653,'frm',NULL,10,'NomenclatureElementImpl'),(654,'nqo',NULL,10,'NomenclatureElementImpl'),(655,'fro',NULL,10,'NomenclatureElementImpl'),(656,'ira',NULL,10,'NomenclatureElementImpl'),(657,'frs',NULL,10,'NomenclatureElementImpl'),(658,'frr',NULL,10,'NomenclatureElementImpl'),(659,'csb',NULL,10,'NomenclatureElementImpl'),(660,'pro',NULL,10,'NomenclatureElementImpl'),(661,'dsb',NULL,10,'NomenclatureElementImpl'),(662,'jrb',NULL,10,'NomenclatureElementImpl'),(663,'swa',NULL,10,'NomenclatureElementImpl'),(664,'fry',NULL,10,'NomenclatureElementImpl'),(665,'tai',NULL,10,'NomenclatureElementImpl'),(666,'sad',NULL,10,'NomenclatureElementImpl'),(667,'tig',NULL,10,'NomenclatureElementImpl'),(668,'tah',NULL,10,'NomenclatureElementImpl'),(669,'tir',NULL,10,'NomenclatureElementImpl'),(670,'sag',NULL,10,'NomenclatureElementImpl'),(671,'fon',NULL,10,'NomenclatureElementImpl'),(672,'sah',NULL,10,'NomenclatureElementImpl'),(673,'sai',NULL,10,'NomenclatureElementImpl'),(674,'sal',NULL,10,'NomenclatureElementImpl'),(675,'sam',NULL,10,'NomenclatureElementImpl'),(676,'kbd',NULL,10,'NomenclatureElementImpl'),(677,'hye',NULL,10,'NomenclatureElementImpl'),(678,'arg',NULL,10,'NomenclatureElementImpl'),(679,'umb',NULL,10,'NomenclatureElementImpl'),(680,'guj',NULL,10,'NomenclatureElementImpl'),(681,'arc',NULL,10,'NomenclatureElementImpl'),(682,'ara',NULL,10,'NomenclatureElementImpl'),(683,'arp',NULL,10,'NomenclatureElementImpl'),(684,'tib',NULL,10,'NomenclatureElementImpl'),(685,'kaz',NULL,10,'NomenclatureElementImpl'),(686,'dgr',NULL,10,'NomenclatureElementImpl'),(687,'arn',NULL,10,'NomenclatureElementImpl'),(688,'bra',NULL,10,'NomenclatureElementImpl'),(689,'arm',NULL,10,'NomenclatureElementImpl'),(690,'kaw',NULL,10,'NomenclatureElementImpl'),(691,'zza',NULL,10,'NomenclatureElementImpl'),(692,'vie',NULL,10,'NomenclatureElementImpl'),(693,'bre',NULL,10,'NomenclatureElementImpl'),(694,'kat',NULL,10,'NomenclatureElementImpl'),(695,'gsw',NULL,10,'NomenclatureElementImpl'),(696,'kau',NULL,10,'NomenclatureElementImpl'),(697,'arw',NULL,10,'NomenclatureElementImpl'),(698,'kar',NULL,10,'NomenclatureElementImpl'),(699,'kas',NULL,10,'NomenclatureElementImpl'),(700,'nob',NULL,10,'NomenclatureElementImpl'),(701,'nog',NULL,10,'NomenclatureElementImpl'),(702,'kan',NULL,10,'NomenclatureElementImpl'),(703,'ell',NULL,10,'NomenclatureElementImpl'),(704,'art',NULL,10,'NomenclatureElementImpl'),(705,'kal',NULL,10,'NomenclatureElementImpl'),(706,'kam',NULL,10,'NomenclatureElementImpl'),(707,'non',NULL,10,'NomenclatureElementImpl'),(708,'mga',NULL,10,'NomenclatureElementImpl'),(709,'und',NULL,10,'NomenclatureElementImpl'),(710,'elx',NULL,10,'NomenclatureElementImpl'),(711,'kac',NULL,10,'NomenclatureElementImpl'),(712,'nor',NULL,10,'NomenclatureElementImpl'),(713,'san',NULL,10,'NomenclatureElementImpl'),(714,'kab',NULL,10,'NomenclatureElementImpl'),(715,'kaa',NULL,10,'NomenclatureElementImpl'),(716,'sat',NULL,10,'NomenclatureElementImpl'),(717,'sas',NULL,10,'NomenclatureElementImpl'),(718,'tiv',NULL,10,'NomenclatureElementImpl'),(719,'tat',NULL,10,'NomenclatureElementImpl'),(720,'asm',NULL,10,'NomenclatureElementImpl'),(721,'tam',NULL,10,'NomenclatureElementImpl'),(722,'ukr',NULL,10,'NomenclatureElementImpl'),(723,'orm',NULL,10,'NomenclatureElementImpl'),(724,'pus',NULL,10,'NomenclatureElementImpl'),(725,'tkl',NULL,10,'NomenclatureElementImpl'),(726,'deu',NULL,10,'NomenclatureElementImpl'),(727,'nno',NULL,10,'NomenclatureElementImpl'),(728,'ces',NULL,10,'NomenclatureElementImpl'),(729,'ori',NULL,10,'NomenclatureElementImpl'),(730,'apa',NULL,10,'NomenclatureElementImpl'),(731,'gwi',NULL,10,'NomenclatureElementImpl'),(732,'osa',NULL,10,'NomenclatureElementImpl'),(733,'btk',NULL,10,'NomenclatureElementImpl'),(734,'cel',NULL,10,'NomenclatureElementImpl'),(735,'del',NULL,10,'NomenclatureElementImpl'),(736,'eng',NULL,10,'NomenclatureElementImpl'),(737,'den',NULL,10,'NomenclatureElementImpl'),(738,'lez',NULL,10,'NomenclatureElementImpl'),(739,'ceb',NULL,10,'NomenclatureElementImpl'),(740,'min',NULL,10,'NomenclatureElementImpl'),(741,'hup',NULL,10,'NomenclatureElementImpl'),(742,'tli',NULL,10,'NomenclatureElementImpl'),(743,'enm',NULL,10,'NomenclatureElementImpl'),(744,'bua',NULL,10,'NomenclatureElementImpl'),(745,'tlh',NULL,10,'NomenclatureElementImpl'),(746,'hun',NULL,10,'NomenclatureElementImpl'),(747,'mis',NULL,10,'NomenclatureElementImpl'),(748,'bur',NULL,10,'NomenclatureElementImpl'),(749,'bul',NULL,10,'NomenclatureElementImpl'),(750,'mic',NULL,10,'NomenclatureElementImpl'),(751,'bug',NULL,10,'NomenclatureElementImpl'),(752,'wln',NULL,10,'NomenclatureElementImpl'),(753,'tem',NULL,10,'NomenclatureElementImpl'),(754,'uig',NULL,10,'NomenclatureElementImpl'),(755,'ava',NULL,10,'NomenclatureElementImpl'),(756,'tel',NULL,10,'NomenclatureElementImpl'),(757,'mlt',NULL,10,'NomenclatureElementImpl'),(758,'chb',NULL,10,'NomenclatureElementImpl'),(759,'cha',NULL,10,'NomenclatureElementImpl'),(760,'nld',NULL,10,'NomenclatureElementImpl'),(761,'mlg',NULL,10,'NomenclatureElementImpl'),(762,'ave',NULL,10,'NomenclatureElementImpl'),(763,'egy',NULL,10,'NomenclatureElementImpl'),(764,'chv',NULL,10,'NomenclatureElementImpl'),(765,'chu',NULL,10,'NomenclatureElementImpl'),(766,'awa',NULL,10,'NomenclatureElementImpl'),(767,'chy',NULL,10,'NomenclatureElementImpl'),(768,'chg',NULL,10,'NomenclatureElementImpl'),(769,'che',NULL,10,'NomenclatureElementImpl'),(770,'chk',NULL,10,'NomenclatureElementImpl'),(771,'mkh',NULL,10,'NomenclatureElementImpl'),(772,'chi',NULL,10,'NomenclatureElementImpl'),(773,'cho',NULL,10,'NomenclatureElementImpl'),(774,'mkd',NULL,10,'NomenclatureElementImpl'),(775,'chp',NULL,10,'NomenclatureElementImpl'),(776,'chm',NULL,10,'NomenclatureElementImpl'),(777,'chn',NULL,10,'NomenclatureElementImpl'),(778,'tet',NULL,10,'NomenclatureElementImpl'),(779,'ter',NULL,10,'NomenclatureElementImpl'),(780,'chr',NULL,10,'NomenclatureElementImpl'),(781,'tgk',NULL,10,'NomenclatureElementImpl'),(782,'tgl',NULL,10,'NomenclatureElementImpl'),(783,'fij',NULL,10,'NomenclatureElementImpl'),(784,'fil',NULL,10,'NomenclatureElementImpl'),(785,'div',NULL,10,'NomenclatureElementImpl'),(786,'ast',NULL,10,'NomenclatureElementImpl'),(787,'fin',NULL,10,'NomenclatureElementImpl'),(788,'mni',NULL,10,'NomenclatureElementImpl'),(789,'din',NULL,10,'NomenclatureElementImpl'),(790,'vol',NULL,10,'NomenclatureElementImpl'),(791,'fiu',NULL,10,'NomenclatureElementImpl'),(792,'mno',NULL,10,'NomenclatureElementImpl'),(793,'wol',NULL,10,'NomenclatureElementImpl'),(794,'vot',NULL,10,'NomenclatureElementImpl'),(795,'uga',NULL,10,'NomenclatureElementImpl'),(796,'mnc',NULL,10,'NomenclatureElementImpl'),(797,'ath',NULL,10,'NomenclatureElementImpl'),(798,'lit',NULL,10,'NomenclatureElementImpl'),(799,'lin',NULL,10,'NomenclatureElementImpl'),(800,'lim',NULL,10,'NomenclatureElementImpl'),(801,'nic',NULL,10,'NomenclatureElementImpl'),(802,'nia',NULL,10,'NomenclatureElementImpl'),(803,'byn',NULL,10,'NomenclatureElementImpl'),(804,'niu',NULL,10,'NomenclatureElementImpl'),(805,'eka',NULL,10,'NomenclatureElementImpl'),(806,'tha',NULL,10,'NomenclatureElementImpl'),(807,'aus',NULL,10,'NomenclatureElementImpl'),(808,'<!DOCTYPE html>',NULL,19,'NomenclatureElementImpl'),(809,'basefont',NULL,20,'NomenclatureElementImpl'),(810,'blink',NULL,20,'NomenclatureElementImpl'),(811,'center',NULL,20,'NomenclatureElementImpl'),(812,'font',NULL,20,'NomenclatureElementImpl'),(813,'marquee',NULL,20,'NomenclatureElementImpl'),(814,'s',NULL,20,'NomenclatureElementImpl'),(815,'strike',NULL,20,'NomenclatureElementImpl'),(816,'tt',NULL,20,'NomenclatureElementImpl'),(817,'u',NULL,20,'NomenclatureElementImpl'),(818,'align',NULL,21,'NomenclatureElementImpl'),(819,'alink',NULL,21,'NomenclatureElementImpl'),(820,'background',NULL,21,'NomenclatureElementImpl'),(821,'basefont',NULL,21,'NomenclatureElementImpl'),(822,'bgcolor',NULL,21,'NomenclatureElementImpl'),(823,'border',NULL,21,'NomenclatureElementImpl'),(824,'color',NULL,21,'NomenclatureElementImpl'),(825,'link',NULL,21,'NomenclatureElementImpl'),(826,'text',NULL,21,'NomenclatureElementImpl'),(827,'vlink',NULL,21,'NomenclatureElementImpl'),(828,'.ods',NULL,22,'NomenclatureElementImpl'),(829,'.fods',NULL,22,'NomenclatureElementImpl'),(830,'.odt',NULL,22,'NomenclatureElementImpl'),(831,'.fodt',NULL,22,'NomenclatureElementImpl'),(832,'.odp',NULL,22,'NomenclatureElementImpl'),(833,'.fodp',NULL,22,'NomenclatureElementImpl'),(834,'.odg',NULL,22,'NomenclatureElementImpl'),(835,'.fodg',NULL,22,'NomenclatureElementImpl'),(836,'.pdf',NULL,22,'NomenclatureElementImpl'),(837,'.doc',NULL,22,'NomenclatureElementImpl'),(838,'.docx',NULL,22,'NomenclatureElementImpl'),(839,'.docm',NULL,22,'NomenclatureElementImpl'),(840,'.dot',NULL,22,'NomenclatureElementImpl'),(841,'.dotm',NULL,22,'NomenclatureElementImpl'),(842,'.xls',NULL,22,'NomenclatureElementImpl'),(843,'.xlsx',NULL,22,'NomenclatureElementImpl'),(844,'.xlsm',NULL,22,'NomenclatureElementImpl'),(845,'.xlt',NULL,22,'NomenclatureElementImpl'),(846,'.xltx',NULL,22,'NomenclatureElementImpl'),(847,'.xltm',NULL,22,'NomenclatureElementImpl'),(848,'.xlc',NULL,22,'NomenclatureElementImpl'),(849,'.xlr',NULL,22,'NomenclatureElementImpl'),(850,'.xlam',NULL,22,'NomenclatureElementImpl'),(851,'.csv',NULL,22,'NomenclatureElementImpl'),(852,'.ppt',NULL,22,'NomenclatureElementImpl'),(853,'.pptx',NULL,22,'NomenclatureElementImpl'),(854,'.pps',NULL,22,'NomenclatureElementImpl'),(855,'.vsd',NULL,22,'NomenclatureElementImpl'),(856,'.vst',NULL,22,'NomenclatureElementImpl'),(857,'.vss',NULL,22,'NomenclatureElementImpl'),(858,'.sxc',NULL,22,'NomenclatureElementImpl'),(859,'.sxd',NULL,22,'NomenclatureElementImpl'),(860,'.sxi',NULL,22,'NomenclatureElementImpl'),(861,'.sxm',NULL,22,'NomenclatureElementImpl'),(862,'.sxw',NULL,22,'NomenclatureElementImpl'),(863,'.sda',NULL,22,'NomenclatureElementImpl'),(864,'.sdc',NULL,22,'NomenclatureElementImpl'),(865,'.sdd',NULL,22,'NomenclatureElementImpl'),(866,'.sdf',NULL,22,'NomenclatureElementImpl'),(867,'.sdp',NULL,22,'NomenclatureElementImpl'),(868,'.sds',NULL,22,'NomenclatureElementImpl'),(869,'.sdw',NULL,22,'NomenclatureElementImpl'),(870,'.oth',NULL,22,'NomenclatureElementImpl'),(871,'.otg',NULL,22,'NomenclatureElementImpl'),(872,'.ots',NULL,22,'NomenclatureElementImpl'),(873,'.ott',NULL,22,'NomenclatureElementImpl'),(874,'.cwk',NULL,22,'NomenclatureElementImpl'),(875,'.cws',NULL,22,'NomenclatureElementImpl'),(876,'.asp',NULL,23,'NomenclatureElementImpl'),(877,'.aspx',NULL,23,'NomenclatureElementImpl'),(878,'.bmp',NULL,23,'NomenclatureElementImpl'),(879,'.cfm',NULL,23,'NomenclatureElementImpl'),(880,'.css',NULL,23,'NomenclatureElementImpl'),(881,'.do',NULL,23,'NomenclatureElementImpl'),(882,'.gif',NULL,23,'NomenclatureElementImpl'),(883,'.html',NULL,23,'NomenclatureElementImpl'),(884,'.htm',NULL,23,'NomenclatureElementImpl'),(885,'.ico',NULL,23,'NomenclatureElementImpl'),(886,'.jif',NULL,23,'NomenclatureElementImpl'),(887,'.jpe',NULL,23,'NomenclatureElementImpl'),(888,'.jpg',NULL,23,'NomenclatureElementImpl'),(889,'.jpeg',NULL,23,'NomenclatureElementImpl'),(890,'.js',NULL,23,'NomenclatureElementImpl'),(891,'.jse',NULL,23,'NomenclatureElementImpl'),(892,'.jsp',NULL,23,'NomenclatureElementImpl'),(893,'.png',NULL,23,'NomenclatureElementImpl'),(894,'.php',NULL,23,'NomenclatureElementImpl'),(895,'.shtml',NULL,23,'NomenclatureElementImpl'),(896,'.svg',NULL,23,'NomenclatureElementImpl'),(897,'.swf',NULL,23,'NomenclatureElementImpl'),(898,'.tif',NULL,23,'NomenclatureElementImpl'),(899,'.tiff',NULL,23,'NomenclatureElementImpl'),(900,'.xhtml',NULL,23,'NomenclatureElementImpl'),(901,'.xml',NULL,23,'NomenclatureElementImpl'),(902,'this website',NULL,7,'NomenclatureElementImpl'),(903,'ce site',NULL,7,'NomenclatureElementImpl'),(904,'untitled document',NULL,12,'NomenclatureElementImpl'),(905,'untitled',NULL,12,'NomenclatureElementImpl'),(906,'error',NULL,12,'NomenclatureElementImpl'),(907,'IIS7',NULL,12,'NomenclatureElementImpl'),(908,'index of /',NULL,12,'NomenclatureElementImpl'),(909,'directory',NULL,12,'NomenclatureElementImpl'),(910,'under construction',NULL,12,'NomenclatureElementImpl'),(911,'My Site - Your Source for Social News and networking',NULL,12,'NomenclatureElementImpl'),(912,'index.html',NULL,12,'NomenclatureElementImpl'),(913,'Welcome to nginx!',NULL,12,'NomenclatureElementImpl'),(914,'inicio',NULL,12,'NomenclatureElementImpl'),(915,'login',NULL,12,'NomenclatureElementImpl'),(916,'redirect',NULL,12,'NomenclatureElementImpl'),(917,'redirecting',NULL,12,'NomenclatureElementImpl'),(918,'.ods',NULL,24,'NomenclatureElementImpl'),(919,'.fods',NULL,24,'NomenclatureElementImpl'),(920,'.odt',NULL,24,'NomenclatureElementImpl'),(921,'.fodt',NULL,24,'NomenclatureElementImpl'),(922,'.odp',NULL,24,'NomenclatureElementImpl'),(923,'.fodp',NULL,24,'NomenclatureElementImpl'),(924,'.odg',NULL,24,'NomenclatureElementImpl'),(925,'.fodg',NULL,24,'NomenclatureElementImpl'),(926,'.pdf',NULL,24,'NomenclatureElementImpl'),(927,'.doc',NULL,24,'NomenclatureElementImpl'),(928,'.docx',NULL,24,'NomenclatureElementImpl'),(929,'.docm',NULL,24,'NomenclatureElementImpl'),(930,'.dot',NULL,24,'NomenclatureElementImpl'),(931,'.dotm',NULL,24,'NomenclatureElementImpl'),(932,'.xls',NULL,24,'NomenclatureElementImpl'),(933,'.xlsx',NULL,24,'NomenclatureElementImpl'),(934,'.xlsm',NULL,24,'NomenclatureElementImpl'),(935,'.xlt',NULL,24,'NomenclatureElementImpl'),(936,'.xltx',NULL,24,'NomenclatureElementImpl'),(937,'.xltm',NULL,24,'NomenclatureElementImpl'),(938,'.xlc',NULL,24,'NomenclatureElementImpl'),(939,'.xlr',NULL,24,'NomenclatureElementImpl'),(940,'.xlam',NULL,24,'NomenclatureElementImpl'),(941,'.csv',NULL,24,'NomenclatureElementImpl'),(942,'.ppt',NULL,24,'NomenclatureElementImpl'),(943,'.pptx',NULL,24,'NomenclatureElementImpl'),(944,'.pps',NULL,24,'NomenclatureElementImpl'),(945,'.vsd',NULL,24,'NomenclatureElementImpl'),(946,'.vst',NULL,24,'NomenclatureElementImpl'),(947,'.vss',NULL,24,'NomenclatureElementImpl'),(948,'.sxc',NULL,24,'NomenclatureElementImpl'),(949,'.sxd',NULL,24,'NomenclatureElementImpl'),(950,'.sxi',NULL,24,'NomenclatureElementImpl'),(951,'.sxm',NULL,24,'NomenclatureElementImpl'),(952,'.sxw',NULL,24,'NomenclatureElementImpl'),(953,'.sda',NULL,24,'NomenclatureElementImpl'),(954,'.sdc',NULL,24,'NomenclatureElementImpl'),(955,'.sdd',NULL,24,'NomenclatureElementImpl'),(956,'.sdf',NULL,24,'NomenclatureElementImpl'),(957,'.sdp',NULL,24,'NomenclatureElementImpl'),(958,'.sds',NULL,24,'NomenclatureElementImpl'),(959,'.sdw',NULL,24,'NomenclatureElementImpl'),(960,'.oth',NULL,24,'NomenclatureElementImpl'),(961,'.otg',NULL,24,'NomenclatureElementImpl'),(962,'.ots',NULL,24,'NomenclatureElementImpl'),(963,'.ott',NULL,24,'NomenclatureElementImpl'),(964,'.cwk',NULL,24,'NomenclatureElementImpl'),(965,'.cws',NULL,24,'NomenclatureElementImpl'),(966,'.tar',NULL,24,'NomenclatureElementImpl'),(967,'.tgz',NULL,24,'NomenclatureElementImpl'),(968,'.bz',NULL,24,'NomenclatureElementImpl'),(969,'.bz2',NULL,24,'NomenclatureElementImpl'),(970,'.zip',NULL,24,'NomenclatureElementImpl'),(971,'.gzip',NULL,24,'NomenclatureElementImpl'),(972,'.gz',NULL,24,'NomenclatureElementImpl'),(973,'.Z',NULL,24,'NomenclatureElementImpl'),(974,'.7z',NULL,24,'NomenclatureElementImpl'),(975,'.rar',NULL,24,'NomenclatureElementImpl'),(976,'.r00',NULL,24,'NomenclatureElementImpl'),(977,'.rpm',NULL,24,'NomenclatureElementImpl'),(978,'.deb',NULL,24,'NomenclatureElementImpl'),(979,'.msi',NULL,24,'NomenclatureElementImpl'),(980,'.exe',NULL,24,'NomenclatureElementImpl'),(981,'.bat',NULL,24,'NomenclatureElementImpl'),(982,'.pif',NULL,24,'NomenclatureElementImpl'),(983,'.class',NULL,24,'NomenclatureElementImpl'),(984,'.torrent',NULL,24,'NomenclatureElementImpl'),(985,'.dmg',NULL,24,'NomenclatureElementImpl'),(986,'.apk',NULL,24,'NomenclatureElementImpl'),(987,'.bin',NULL,24,'NomenclatureElementImpl'),(988,'.bak',NULL,24,'NomenclatureElementImpl'),(989,'.dat',NULL,24,'NomenclatureElementImpl'),(990,'.jar',NULL,24,'NomenclatureElementImpl'),(991,'.mdk',NULL,24,'NomenclatureElementImpl'),(992,'.dsk',NULL,24,'NomenclatureElementImpl'),(993,'.vmdk',NULL,24,'NomenclatureElementImpl'),(994,'.r00',NULL,24,'NomenclatureElementImpl'),(995,'.r01',NULL,24,'NomenclatureElementImpl'),(996,'.r02',NULL,24,'NomenclatureElementImpl'),(997,'.r03',NULL,24,'NomenclatureElementImpl'),(998,'.r04',NULL,24,'NomenclatureElementImpl'),(999,'.r05',NULL,24,'NomenclatureElementImpl'),(1000,'.r06',NULL,24,'NomenclatureElementImpl'),(1001,'.r07',NULL,24,'NomenclatureElementImpl'),(1002,'.r08',NULL,24,'NomenclatureElementImpl'),(1003,'.r09',NULL,24,'NomenclatureElementImpl'),(1004,'.r10',NULL,24,'NomenclatureElementImpl'),(1005,'.r11',NULL,24,'NomenclatureElementImpl'),(1006,'.r12',NULL,24,'NomenclatureElementImpl'),(1007,'.r13',NULL,24,'NomenclatureElementImpl'),(1008,'.r14',NULL,24,'NomenclatureElementImpl'),(1009,'.r15',NULL,24,'NomenclatureElementImpl'),(1010,'.r16',NULL,24,'NomenclatureElementImpl'),(1011,'.r17',NULL,24,'NomenclatureElementImpl'),(1012,'.r18',NULL,24,'NomenclatureElementImpl'),(1013,'.r19',NULL,24,'NomenclatureElementImpl'),(1014,'.r20',NULL,24,'NomenclatureElementImpl'),(1015,'.r21',NULL,24,'NomenclatureElementImpl'),(1016,'.r22',NULL,24,'NomenclatureElementImpl'),(1017,'.r23',NULL,24,'NomenclatureElementImpl'),(1018,'.r24',NULL,24,'NomenclatureElementImpl'),(1019,'.r25',NULL,24,'NomenclatureElementImpl'),(1020,'.r26',NULL,24,'NomenclatureElementImpl'),(1021,'.r27',NULL,24,'NomenclatureElementImpl'),(1022,'.r28',NULL,24,'NomenclatureElementImpl'),(1023,'.r29',NULL,24,'NomenclatureElementImpl'),(1024,'.r30',NULL,24,'NomenclatureElementImpl'),(1025,'.r31',NULL,24,'NomenclatureElementImpl'),(1026,'.r32',NULL,24,'NomenclatureElementImpl'),(1027,'.r33',NULL,24,'NomenclatureElementImpl'),(1028,'.r34',NULL,24,'NomenclatureElementImpl'),(1029,'.r35',NULL,24,'NomenclatureElementImpl'),(1030,'.r36',NULL,24,'NomenclatureElementImpl'),(1031,'.r37',NULL,24,'NomenclatureElementImpl'),(1032,'.r38',NULL,24,'NomenclatureElementImpl'),(1033,'.r39',NULL,24,'NomenclatureElementImpl'),(1034,'.r40',NULL,24,'NomenclatureElementImpl'),(1035,'.r41',NULL,24,'NomenclatureElementImpl'),(1036,'.r42',NULL,24,'NomenclatureElementImpl'),(1037,'.r43',NULL,24,'NomenclatureElementImpl'),(1038,'.r44',NULL,24,'NomenclatureElementImpl'),(1039,'.r45',NULL,24,'NomenclatureElementImpl'),(1040,'.r46',NULL,24,'NomenclatureElementImpl'),(1041,'.r47',NULL,24,'NomenclatureElementImpl'),(1042,'.r48',NULL,24,'NomenclatureElementImpl'),(1043,'.r49',NULL,24,'NomenclatureElementImpl'),(1044,'.r50',NULL,24,'NomenclatureElementImpl'),(1045,'.r51',NULL,24,'NomenclatureElementImpl'),(1046,'.r52',NULL,24,'NomenclatureElementImpl'),(1047,'.r53',NULL,24,'NomenclatureElementImpl'),(1048,'.r54',NULL,24,'NomenclatureElementImpl'),(1049,'.r55',NULL,24,'NomenclatureElementImpl'),(1050,'.r56',NULL,24,'NomenclatureElementImpl'),(1051,'.r57',NULL,24,'NomenclatureElementImpl'),(1052,'.r58',NULL,24,'NomenclatureElementImpl'),(1053,'.r59',NULL,24,'NomenclatureElementImpl'),(1054,'.r60',NULL,24,'NomenclatureElementImpl'),(1055,'.r61',NULL,24,'NomenclatureElementImpl'),(1056,'.r62',NULL,24,'NomenclatureElementImpl'),(1057,'.r63',NULL,24,'NomenclatureElementImpl'),(1058,'.r64',NULL,24,'NomenclatureElementImpl'),(1059,'.r65',NULL,24,'NomenclatureElementImpl'),(1060,'.r66',NULL,24,'NomenclatureElementImpl'),(1061,'.r67',NULL,24,'NomenclatureElementImpl'),(1062,'.r68',NULL,24,'NomenclatureElementImpl'),(1063,'.r69',NULL,24,'NomenclatureElementImpl'),(1064,'.r70',NULL,24,'NomenclatureElementImpl'),(1065,'.r71',NULL,24,'NomenclatureElementImpl'),(1066,'.r72',NULL,24,'NomenclatureElementImpl'),(1067,'.r73',NULL,24,'NomenclatureElementImpl'),(1068,'.r74',NULL,24,'NomenclatureElementImpl'),(1069,'.r75',NULL,24,'NomenclatureElementImpl'),(1070,'.r76',NULL,24,'NomenclatureElementImpl'),(1071,'.r77',NULL,24,'NomenclatureElementImpl'),(1072,'.r78',NULL,24,'NomenclatureElementImpl'),(1073,'.r79',NULL,24,'NomenclatureElementImpl'),(1074,'.r80',NULL,24,'NomenclatureElementImpl'),(1075,'.r81',NULL,24,'NomenclatureElementImpl'),(1076,'.r82',NULL,24,'NomenclatureElementImpl'),(1077,'.r83',NULL,24,'NomenclatureElementImpl'),(1078,'.r84',NULL,24,'NomenclatureElementImpl'),(1079,'.r85',NULL,24,'NomenclatureElementImpl'),(1080,'.r86',NULL,24,'NomenclatureElementImpl'),(1081,'.r87',NULL,24,'NomenclatureElementImpl'),(1082,'.r88',NULL,24,'NomenclatureElementImpl'),(1083,'.r89',NULL,24,'NomenclatureElementImpl'),(1084,'.r90',NULL,24,'NomenclatureElementImpl'),(1085,'.r91',NULL,24,'NomenclatureElementImpl'),(1086,'.r92',NULL,24,'NomenclatureElementImpl'),(1087,'.r93',NULL,24,'NomenclatureElementImpl'),(1088,'.r94',NULL,24,'NomenclatureElementImpl'),(1089,'.r95',NULL,24,'NomenclatureElementImpl'),(1090,'.r96',NULL,24,'NomenclatureElementImpl'),(1091,'.r97',NULL,24,'NomenclatureElementImpl'),(1092,'.r98',NULL,24,'NomenclatureElementImpl'),(1093,'.r99',NULL,24,'NomenclatureElementImpl'),(1094,'.taz',NULL,24,'NomenclatureElementImpl'),(1095,'page sans titre',NULL,12,'NomenclatureElementImpl');
CREATE TABLE "parameter" (
    "id_parameter" bigserial NOT NULL,
    "parameter_value" varchar(2000) NOT NULL,
    "id_parameter_element" bigint NOT NULL,
    "is_default" boolean DEFAULT FALSE,
    PRIMARY KEY ("id_parameter")
);

INSERT INTO "parameter" VALUES (1,'50000',1,FALSE),(2,'',2,TRUE),(3,'20',3,TRUE),(4,'0',3,FALSE),(5,'604800',4,FALSE),(6,'Seo;Or',5,FALSE),(7,'Seo;Ar',5,FALSE),(8,'Seo;Bz',5,FALSE),(9,'AW21;Ar',5,FALSE),(10,'AW21;Bz',5,FALSE),(11,'AW21;Or',5,FALSE),(12,'100',1,FALSE),(13,'10000',1,TRUE),(14,'20000',1,FALSE),(15,'',6,TRUE),(16,'',7,TRUE),(17,'',8,TRUE),(18,'',9,TRUE),(19,'86400',4,TRUE),(20,'AW22;Ar',5,TRUE),(21,'AW22;Bz',5,FALSE),(22,'AW22;Or',5,FALSE),(23,'',38,TRUE),(24,'',39,TRUE),(25,'true',40,FALSE),(26,'false',40,TRUE);
CREATE TABLE "parameter_element" (
    "id_parameter_element" bigserial NOT NULL,
    "cd_parameter_element" varchar(510) NOT NULL,
    "id_parameter_family" bigint NOT NULL,
    "short_label" varchar(510) DEFAULT NULL,
    "long_label" varchar(510) DEFAULT NULL,
    PRIMARY KEY ("id_parameter_element"),
    UNIQUE ("cd_parameter_element")
);

INSERT INTO "parameter_element" VALUES (1,'MAX_DOCUMENTS',1,'max pages','Maximum number of downloaded pages'),(2,'EXCLUSION_REGEXP',1,'exclusion regex','Regulard expression to exclude urls'),(3,'DEPTH',1,'max depth','Maximum depth of the crawl'),(4,'MAX_DURATION',1,'max duration','Maximum duration of the crawl'),(5,'LEVEL',2,'audit level','audit level (includes the referential code)'),(6,'DATA_TABLE_MARKER',3,'Data table marker','Data Table HTML marker (id or class)'),(7,'PRESENTATION_TABLE_MARKER',3,'presentation table marker','presentation Table HTML marker (id or class)'),(8,'PROXY_HOST',1,'proxy host','proxy host'),(9,'PROXY_PORT',1,'proxy port','proxy port'),(10,'Seo-01011',4,'Seo-01011 weight','Weight of rule Seo-01011 overriden by user'),(11,'Seo-01012',4,'Seo-01011 weight','Weight of rule Seo-01011 overriden by user'),(12,'Seo-01013',4,'Seo-01011 weight','Weight of rule Seo-01011 overriden by user'),(13,'Seo-01021',4,'Seo-01021 weight','Weight of rule Seo-01021 overriden by user'),(14,'Seo-01031',4,'Seo-01031 weight','Weight of rule Seo-01031 overriden by user'),(15,'Seo-01041',4,'Seo-01041 weight','Weight of rule Seo-01041 overriden by user'),(16,'Seo-01051',4,'Seo-01051 weight','Weight of rule Seo-01051 overriden by user'),(17,'Seo-01061',4,'Seo-01061 weight','Weight of rule Seo-01061 overriden by user'),(18,'Seo-02011',4,'Seo-02011 weight','Weight of rule Seo-02011 overriden by user'),(19,'Seo-02012',4,'Seo-02012 weight','Weight of rule Seo-02012 overriden by user'),(20,'Seo-02013',4,'Seo-02013 weight','Weight of rule Seo-02013 overriden by user'),(21,'Seo-03011',4,'Seo-01011 weight','Weight of rule Seo-03011 overriden by user'),(22,'Seo-03012',4,'Seo-03012 weight','Weight of rule Seo-03012 overriden by user'),(23,'Seo-05011',4,'Seo-05011 weight','Weight of rule Seo-05011 overriden by user'),(24,'Seo-05012',4,'Seo-05012 weight','Weight of rule Seo-05012 overriden by user'),(25,'Seo-05013',4,'Seo-05013 weight','Weight of rule Seo-05013 overriden by user'),(26,'Seo-06011',4,'Seo-06011 weight','Weight of rule Seo-06011 overriden by user'),(27,'Seo-06021',4,'Seo-06021 weight','Weight of rule Seo-06021 overriden by user'),(28,'Seo-06031',4,'Seo-06031 weight','Weight of rule Seo-06031 overriden by user'),(29,'Seo-06041',4,'Seo-06041 weight','Weight of rule Seo-06041 overriden by user'),(30,'Seo-06051',4,'Seo-06051 weight','Weight of rule Seo-06051 overriden by user'),(31,'Seo-06052',4,'Seo-06052 weight','Weight of rule Seo-06052 overriden by user'),(32,'Seo-07011',4,'Seo-07011 weight','Weight of rule Seo-07011 overriden by user'),(33,'Seo-07012',4,'Seo-07012 weight','Weight of rule Seo-07012 overriden by user'),(34,'Seo-07021',4,'Seo-07021 weight','Weight of rule Seo-07021 overriden by user'),(35,'Seo-07051',4,'Seo-07051 weight','Weight of rule Seo-07051 overriden by user'),(36,'Seo-07061',4,'Seo-07061 weight','Weight of rule Seo-07061 overriden by user'),(37,'Seo-08011',4,'Seo-08011 weight','Weight of rule Seo-08011 overriden by user'),(38,'DECORATIVE_IMAGE_MARKER',3,'Decorative image marker','Decorative image HTML marker (id or class)'),(39,'INFORMATIVE_IMAGE_MARKER',3,'Informative image marker','Informative image HTML marker (id or class)'),(40,'ALTERNATIVE_CONTRAST_MECHANISM',3,'Alternative Contrast Mechanism','The page embeds a mechanism that displays text with a correct ratio');
CREATE TABLE "parameter_family" (
    "id_parameter_family" bigserial NOT NULL,
    "cd_parameter_family" varchar(510) NOT NULL,
    "description" varchar(510) DEFAULT NULL,
    "long_label" varchar(510) DEFAULT NULL,
    "short_label" varchar(510) DEFAULT NULL,
    PRIMARY KEY ("id_parameter_family"),
    UNIQUE ("cd_parameter_family")
);

INSERT INTO "parameter_family" VALUES (1,'CRAWL','This parameter family handles all the parameters needed by the crawler component','crawl parameters','crawl params'),(2,'GENERAL','This parameter family handles all the general parameters of the audit','general parameters','gen params'),(3,'RULES','This parameter family handles all the parameters needed by the rules','rules parameters','rules params'),(4,'Seo_test_WEIGHT_MANAGEMENT','This parameters handles the test weight potentially overridden by users','test weight parameters','test weight params');
CREATE TABLE "pre_process_result" (
    "id_pre_process_result" bigserial NOT NULL,
    "pre_process_key" varchar(510) NOT NULL,
    "pre_process_value" text ,
    "id_audit" bigint NOT NULL,
    "id_web_resource" bigint DEFAULT NULL,
    PRIMARY KEY ("id_pre_process_result"),
    UNIQUE ("pre_process_key","id_web_resource","id_audit")
);

CREATE TABLE "process_remark" (
    "id_process_remark" bigserial NOT NULL,
    "issue" varchar(510) DEFAULT NULL,
    "message_code" varchar(510) DEFAULT NULL,
    "selected_element" varchar(510) DEFAULT NULL,
    "selection_expression" varchar(510) DEFAULT NULL,
    "character_position" integer DEFAULT NULL,
    "line_number" integer DEFAULT NULL,
    "target" varchar(10000) DEFAULT NULL,
    "snippet" text ,
    "id_process_result" bigint DEFAULT NULL,
    "dtype" varchar(62) NOT NULL,
    PRIMARY KEY ("id_process_remark")
);

CREATE TABLE "process_result" (
    "id_process_result" bigserial NOT NULL,
    "element_counter" integer DEFAULT NULL,
    "definite_value" varchar(510) DEFAULT NULL,
    "indefinite_value" varchar(8192) DEFAULT NULL,
    "id_audit_gross_result" bigint DEFAULT NULL,
    "id_audit_net_result" bigint DEFAULT NULL,
    "id_process_result_parent" bigint DEFAULT NULL,
    "id_web_resource" bigint NOT NULL,
    "id_test" bigint DEFAULT NULL,
    "dtype" varchar(62) NOT NULL,
    PRIMARY KEY ("id_process_result"),
    UNIQUE ("id_test","id_web_resource","id_audit_gross_result"),
    UNIQUE ("id_test","id_web_resource","id_audit_net_result")
);

CREATE TABLE "reference" (
    "id_reference" bigserial NOT NULL,
    "cd_reference" varchar(510) DEFAULT NULL,
    "description" varchar(510) DEFAULT NULL,
    "label" varchar(510) NOT NULL,
    "rank" integer DEFAULT NULL,
    "url" varchar(510) DEFAULT NULL,
    PRIMARY KEY ("id_reference")
);

INSERT INTO "reference" VALUES (1,'AW21',NULL,'Accessiweb 2.1',1,'http://www.braillenet.org/accessibilite/referentiel-aw21/'),(2,'RGAA22',NULL,'Rgaa 2.2',2,'www.references.modernisation.gouv.fr/sites/default/files/RGAA_v2.2.1.pdf'),(4,'AW22',NULL,'Accessiweb 2.2',4,'http://www.accessiweb.org/index.php/accessiweb-22-english-version.html'),(1000,'Seo',NULL,'Seo Open-s',1000,'');
CREATE TABLE "scope" (
    "id_scope" bigserial NOT NULL,
    "code" varchar(510) DEFAULT NULL,
    "description" varchar(510) DEFAULT NULL,
    "label" varchar(510) NOT NULL,
    PRIMARY KEY ("id_scope")
);

INSERT INTO "scope" VALUES (1,'page','page','page'),(2,'site','site','Site'),(3,'site&page','site and page','Site and page');
CREATE TABLE "standard_message" (
    "id_standard_message" bigserial NOT NULL,
    "cd_standard_message" varchar(510) DEFAULT NULL,
    "label" varchar(510) DEFAULT NULL,
    "Text" varchar(510) DEFAULT NULL,
    PRIMARY KEY ("id_standard_message")
);

CREATE TABLE "test" (
    "id_test" bigserial NOT NULL,
    "cd_test" varchar(510) DEFAULT NULL,
    "description" varchar(510) DEFAULT NULL,
    "label" varchar(510) DEFAULT NULL,
    "rank" integer DEFAULT NULL,
    "weight" decimal(2,1)  DEFAULT '1.0',
    "rule_archive_name" varchar(510) DEFAULT NULL,
    "rule_class_name" varchar(510) DEFAULT NULL,
    "rule_design_url" varchar(510) DEFAULT NULL,
    "id_criterion" bigint DEFAULT NULL,
    "id_decision_level" bigint DEFAULT NULL,
    "id_level" bigint DEFAULT NULL,
    "id_rule" bigint DEFAULT NULL,
    "id_scope" bigint DEFAULT NULL,
    "no_process" boolean DEFAULT TRUE,
    PRIMARY KEY ("id_test")
);

INSERT INTO "test" VALUES (1,'Aw21-01011','http://www.braillenet.org/accessibilite/referentiel-aw21/liste-deploye.php#images','1.1.1',2010101,1.0,'accessiweb2.1','org.opens.tanaguru.rules.accessiweb21.Aw21Rule01011','http://www.tanaguru.org/en/content/aw21-rule-1-1-1',1,NULL,1,NULL,1,FALSE),(2,'Aw21-01012','http://www.braillenet.org/accessibilite/referentiel-aw21/liste-deploye.php#images','1.1.2',2010102,1.0,'accessiweb2.1','org.opens.tanaguru.rules.accessiweb21.Aw21Rule01012','http://www.tanaguru.org/en/content/aw21-rule-1-1-2',1,NULL,1,NULL,1,FALSE),(3,'Aw21-01013','http://www.braillenet.org/accessibilite/referentiel-aw21/liste-deploye.php#images','1.1.3',2010103,1.0,'accessiweb2.1','org.opens.tanaguru.rules.accessiweb21.Aw21Rule01013','http://www.tanaguru.org/en/content/aw21-rule-1-1-3',1,NULL,1,NULL,1,FALSE),(4,'Aw21-01021','http://www.braillenet.org/accessibilite/referentiel-aw21/liste-deploye.php#images','1.2.1',2010201,1.0,'accessiweb2.1','org.opens.tanaguru.rules.accessiweb21.Aw21Rule01021','http://www.tanaguru.org/en/content/aw21-rule-1-2-1',2,NULL,1,NULL,1,FALSE),(5,'Aw21-01031','http://www.braillenet.org/accessibilite/referentiel-aw21/liste-deploye.php#images','1.3.1',2010301,1.0,'accessiweb2.1','org.opens.tanaguru.rules.accessiweb21.Aw21Rule01031','http://www.tanaguru.org/en/content/aw21-rule-1-3-1',3,NULL,1,NULL,1,FALSE),(6,'Aw21-02011','http://www.braillenet.org/accessibilite/referentiel-aw21/liste-deploye.php#cadres','2.1.1',2020101,1.0,'accessiweb2.1','org.opens.tanaguru.rules.accessiweb21.Aw21Rule02011','http://www.tanaguru.org/en/content/aw21-rule-2-1-1',10,NULL,1,NULL,1,FALSE),(7,'Aw21-02012','http://www.braillenet.org/accessibilite/referentiel-aw21/liste-deploye.php#cadres','2.1.2',2020102,1.0,'accessiweb2.1','org.opens.tanaguru.rules.accessiweb21.Aw21Rule02012','http://www.tanaguru.org/en/content/aw21-rule-2-1-2',10,NULL,1,NULL,1,FALSE),(8,'Aw21-06011','http://www.braillenet.org/accessibilite/referentiel-aw21/liste-deploye.php#liens','6.1.1',2060101,1.0,'accessiweb2.1','org.opens.tanaguru.rules.accessiweb21.Aw21Rule06011','http://www.tanaguru.org/en/content/aw21-rule-6-1-1',46,NULL,1,NULL,1,FALSE),(9,'Aw21-06012','http://www.braillenet.org/accessibilite/referentiel-aw21/liste-deploye.php#liens','6.1.2',2060102,1.0,'accessiweb2.1','org.opens.tanaguru.rules.accessiweb21.Aw21Rule06012','http://www.tanaguru.org/en/content/aw21-rule-6-1-2',46,NULL,1,NULL,1,FALSE),(10,'Aw21-06013','http://www.braillenet.org/accessibilite/referentiel-aw21/liste-deploye.php#liens','6.1.3',2060103,1.0,'accessiweb2.1','org.opens.tanaguru.rules.accessiweb21.Aw21Rule06013','http://www.tanaguru.org/en/content/aw21-rule-6-1-3',46,NULL,1,NULL,1,FALSE),(11,'Aw21-06021','http://www.braillenet.org/accessibilite/referentiel-aw21/liste-deploye.php#liens','6.2.1',2060201,1.0,'accessiweb2.1','org.opens.tanaguru.rules.accessiweb21.Aw21Rule06021','http://www.tanaguru.org/en/content/aw21-rule-6-2-1',47,NULL,1,NULL,1,FALSE),(12,'Aw21-06022','http://www.braillenet.org/accessibilite/referentiel-aw21/liste-deploye.php#liens','6.2.2',2060202,1.0,'accessiweb2.1','org.opens.tanaguru.rules.accessiweb21.Aw21Rule06022','http://www.tanaguru.org/en/content/aw21-rule-6-2-2',47,NULL,1,NULL,1,FALSE),(13,'Aw21-06023','http://www.braillenet.org/accessibilite/referentiel-aw21/liste-deploye.php#liens','6.2.3',2060203,1.0,'accessiweb2.1','org.opens.tanaguru.rules.accessiweb21.Aw21Rule06023','http://www.tanaguru.org/en/content/aw21-rule-6-2-3',47,NULL,1,NULL,1,FALSE),(14,'Aw21-06024','http://www.braillenet.org/accessibilite/referentiel-aw21/liste-deploye.php#liens','6.2.4',2060204,1.0,'accessiweb2.1','org.opens.tanaguru.rules.accessiweb21.Aw21Rule06024','http://www.tanaguru.org/en/content/aw21-rule-6-2-4',47,NULL,1,NULL,1,FALSE),(15,'Aw21-06031','http://www.braillenet.org/accessibilite/referentiel-aw21/liste-deploye.php#liens','6.3.1',2060301,1.0,'accessiweb2.1','org.opens.tanaguru.rules.accessiweb21.Aw21Rule06031','http://www.tanaguru.org/en/content/aw21-rule-6-3-1',48,NULL,3,NULL,1,FALSE),(16,'Aw21-06032','http://www.braillenet.org/accessibilite/referentiel-aw21/liste-deploye.php#liens','6.3.2',2060302,1.0,'accessiweb2.1','org.opens.tanaguru.rules.accessiweb21.Aw21Rule06032','http://www.tanaguru.org/en/content/aw21-rule-6-3-2',48,NULL,3,NULL,1,FALSE),(17,'Aw21-06033','http://www.braillenet.org/accessibilite/referentiel-aw21/liste-deploye.php#liens','6.3.3',2060303,1.0,'accessiweb2.1','org.opens.tanaguru.rules.accessiweb21.Aw21Rule06033','http://www.tanaguru.org/en/content/aw21-rule-6-3-3',48,NULL,3,NULL,1,FALSE),(18,'Aw21-06041','http://www.braillenet.org/accessibilite/referentiel-aw21/liste-deploye.php#liens','6.4.1',2060401,1.0,'accessiweb2.1','org.opens.tanaguru.rules.accessiweb21.Aw21Rule06041','http://www.tanaguru.org/en/content/aw21-rule-6-4-1',49,NULL,1,NULL,1,FALSE),(19,'Aw21-06042','http://www.braillenet.org/accessibilite/referentiel-aw21/liste-deploye.php#liens','6.4.2',2060403,1.0,'accessiweb2.1','org.opens.tanaguru.rules.accessiweb21.Aw21Rule06042','http://www.tanaguru.org/en/content/aw21-rule-6-4-2',49,NULL,1,NULL,1,FALSE),(20,'Aw21-06043','http://www.braillenet.org/accessibilite/referentiel-aw21/liste-deploye.php#liens','6.4.3',2060403,1.0,'accessiweb2.1','org.opens.tanaguru.rules.accessiweb21.Aw21Rule06043','http://www.tanaguru.org/en/content/aw21-rule-6-4-3',49,NULL,1,NULL,1,FALSE),(21,'Aw21-06061','http://www.braillenet.org/accessibilite/referentiel-aw21/liste-deploye.php#liens','6.6.1',2060601,1.0,'accessiweb2.1','org.opens.tanaguru.rules.accessiweb21.Aw21Rule06061','http://www.tanaguru.org/en/content/aw21-rule-6-6-1',51,NULL,1,NULL,1,FALSE),(22,'Aw21-08011','http://www.braillenet.org/accessibilite/referentiel-aw21/liste-deploye.php#presentation','8.1.1',2080101,1.0,'accessiweb2.1','org.opens.tanaguru.rules.accessiweb21.Aw21Rule08011','http://www.tanaguru.org/en/content/aw21-rule-8-1-1',58,NULL,1,NULL,1,FALSE),(23,'Aw21-08012','http://www.braillenet.org/accessibilite/referentiel-aw21/liste-deploye.php#presentation','8.1.2',2080102,1.0,'accessiweb2.1','org.opens.tanaguru.rules.accessiweb21.Aw21Rule08012','http://www.tanaguru.org/en/content/aw21-rule-8-1-2',58,NULL,1,NULL,1,FALSE),(24,'Aw21-08051','http://www.braillenet.org/accessibilite/referentiel-aw21/liste-deploye.php#elements','8.5.1',2080501,1.0,'accessiweb2.1','org.opens.tanaguru.rules.accessiweb21.Aw21Rule08051','http://www.tanaguru.org/en/content/aw21-rule-8-5-1',62,NULL,1,NULL,1,FALSE),(25,'Aw21-08061','http://www.braillenet.org/accessibilite/referentiel-aw21/liste-deploye.php#elements','8.6.1',2080601,1.0,'accessiweb2.1','org.opens.tanaguru.rules.accessiweb21.Aw21Rule08061','http://www.tanaguru.org/en/content/aw21-rule-8-6-1',63,NULL,1,NULL,1,FALSE),(26,'Aw21-09011','http://www.braillenet.org/accessibilite/referentiel-aw21/liste-deploye.php#structure','9.1.1',2090101,1.0,'accessiweb2.1','org.opens.tanaguru.rules.accessiweb21.Aw21Rule09011','http://www.tanaguru.org/en/content/aw21-rule-9-1-1',68,NULL,1,NULL,1,FALSE),(27,'Aw21-09012','http://www.braillenet.org/accessibilite/referentiel-aw21/liste-deploye.php#structure','9.1.2',2090102,1.0,'accessiweb2.1','org.opens.tanaguru.rules.accessiweb21.Aw21Rule09012','http://www.tanaguru.org/en/content/aw21-rule-9-1-2',68,NULL,1,NULL,1,FALSE),(28,'Aw21-09021','http://www.braillenet.org/accessibilite/referentiel-aw21/liste-deploye.php#structure','9.2.1',2090201,1.0,'accessiweb2.1','org.opens.tanaguru.rules.accessiweb21.Aw21Rule09021','http://www.tanaguru.org/en/content/aw21-rule-9-2-1',69,NULL,1,NULL,1,FALSE),(29,'Aw21-09022','http://www.braillenet.org/accessibilite/referentiel-aw21/liste-deploye.php#structure','9.2.2',2090202,1.0,'accessiweb2.1','org.opens.tanaguru.rules.accessiweb21.Aw21Rule09022','http://www.tanaguru.org/en/content/aw21-rule-9-2-2',69,NULL,1,NULL,1,FALSE),(30,'Aw21-10011','http://www.braillenet.org/accessibilite/referentiel-aw21/liste-deploye.php#presentation','10.1.1',2100101,1.0,'accessiweb2.1','org.opens.tanaguru.rules.accessiweb21.Aw21Rule10011','http://www.tanaguru.org/en/content/aw21-rule-10-1-1',73,NULL,1,NULL,1,FALSE),(31,'Aw21-10012','http://www.braillenet.org/accessibilite/referentiel-aw21/liste-deploye.php#presentation','10.1.2',2100102,1.0,'accessiweb2.1','org.opens.tanaguru.rules.accessiweb21.Aw21Rule10012','http://www.tanaguru.org/en/content/aw21-rule-10-1-2',73,NULL,1,NULL,1,FALSE),(32,'Aw21-10041','http://www.braillenet.org/accessibilite/referentiel-aw21/liste-deploye.php#presentation','10.4.1',2100401,1.0,'accessiweb2.1','org.opens.tanaguru.rules.accessiweb21.Aw21Rule10041','http://www.tanaguru.org/en/content/aw21-rule-10-4-1',76,NULL,2,NULL,1,FALSE),(33,'Aw21-11011','http://www.braillenet.org/accessibilite/referentiel-aw21/liste-deploye.php#formulaire','11.1.1',2110101,1.0,'accessiweb2.1','org.opens.tanaguru.rules.accessiweb21.Aw21Rule11011','http://www.tanaguru.org/en/content/aw21-rule-11-1-1',88,NULL,1,NULL,1,FALSE),(34,'Aw21-11012','http://www.braillenet.org/accessibilite/referentiel-aw21/liste-deploye.php#formulaire','11.1.2',2110102,1.0,'accessiweb2.1','org.opens.tanaguru.rules.accessiweb21.Aw21Rule11012','http://www.tanaguru.org/en/content/aw21-rule-11-1-2',88,NULL,1,NULL,1,FALSE),(35,'Aw21-11061','http://www.braillenet.org/accessibilite/referentiel-aw21/liste-deploye.php#formulaire','11.6.1',2110601,1.0,'accessiweb2.1','org.opens.tanaguru.rules.accessiweb21.Aw21Rule11061','http://www.tanaguru.org/en/content/aw21-rule-11-6-1',93,NULL,1,NULL,1,FALSE),(36,'Aw21-11082','http://www.braillenet.org/accessibilite/referentiel-aw21/liste-deploye.php#formulaire','11.8.2',2110802,1.0,'accessiweb2.1','org.opens.tanaguru.rules.accessiweb21.Aw21Rule11082','http://www.tanaguru.org/en/content/aw21-rule-11-8-2',95,NULL,1,NULL,1,FALSE),(37,'Aw21-07051','http://www.braillenet.org/accessibilite/referentiel-aw21/liste-deploye.php#script','7.5.1',2070501,1.0,'accessiweb2.1','org.opens.tanaguru.rules.accessiweb21.Aw21Rule07051','http://www.tanaguru.org/en/content/aw21-rule-7-5-1',56,NULL,1,NULL,1,FALSE),(38,'Aw21-08031','http://www.braillenet.org/accessibilite/referentiel-aw21/liste-deploye.php#presentation','8.3.1',2080301,1.0,'accessiweb2.1','org.opens.tanaguru.rules.accessiweb21.Aw21Rule08031','http://www.tanaguru.org/en/content/aw21-rule-8-3-1',60,NULL,1,NULL,1,FALSE),(39,'Aw21-08041','http://www.braillenet.org/accessibilite/referentiel-aw21/liste-deploye.php#presentation','8.4.1',2080401,1.0,'accessiweb2.1','org.opens.tanaguru.rules.accessiweb21.Aw21Rule08041','http://www.tanaguru.org/en/content/aw21-rule-8-4-1',61,NULL,1,NULL,1,FALSE),(40,'Aw21-05011','http://www.braillenet.org/accessibilite/referentiel-aw21/liste-deploye.php#tableaux','5.1.1',2050101,1.0,'accessiweb2.1','org.opens.tanaguru.rules.accessiweb21.Aw21Rule05011','http://www.tanaguru.org/en/content/aw21-rule-5-1-1',38,NULL,1,NULL,1,FALSE),(41,'Aw21-05041','http://www.braillenet.org/accessibilite/referentiel-aw21/liste-deploye.php#tableaux','5.4.1',2050401,1.0,'accessiweb2.1','org.opens.tanaguru.rules.accessiweb21.Aw21Rule05041','http://www.tanaguru.org/en/content/aw21-rule-5-4-1',41,NULL,1,NULL,1,FALSE),(42,'Aw21-11013','http://www.braillenet.org/accessibilite/referentiel-aw21/liste-deploye.php#formulaire','11.1.3',2110103,1.0,'accessiweb2.1','org.opens.tanaguru.rules.accessiweb21.Aw21Rule11013','http://www.tanaguru.org/en/content/aw21-rule-11-1-3',88,NULL,1,NULL,1,FALSE),(43,'Aw21-01014','http://www.braillenet.org/accessibilite/referentiel-aw21/liste-deploye.php#images','1.1.4',2010104,1.0,'accessiweb2.1','org.opens.tanaguru.rules.accessiweb21.Aw21Rule01014','http://www.tanaguru.org/en/content/aw21-rule-1-1-4',1,NULL,1,NULL,1,FALSE),(44,'Aw21-01022','http://www.braillenet.org/accessibilite/referentiel-aw21/liste-deploye.php#images','1.2.2',2010202,1.0,'accessiweb2.1','org.opens.tanaguru.rules.accessiweb21.Aw21Rule01022','http://www.tanaguru.org/en/content/aw21-rule-1-2-2',2,NULL,1,NULL,1,FALSE),(45,'Aw21-01023','http://www.braillenet.org/accessibilite/referentiel-aw21/liste-deploye.php#images','1.2.3',2010203,1.0,'accessiweb2.1','org.opens.tanaguru.rules.accessiweb21.Aw21Rule01023','http://www.tanaguru.org/en/content/aw21-rule-1-2-3',2,NULL,1,NULL,1,FALSE),(46,'Aw21-01024','http://www.braillenet.org/accessibilite/referentiel-aw21/liste-deploye.php#images','1.2.4',2010204,1.0,'accessiweb2.1','org.opens.tanaguru.rules.accessiweb21.Aw21Rule01024','http://www.tanaguru.org/en/content/aw21-rule-1-2-4',2,NULL,1,NULL,1,FALSE),(47,'Aw21-01025','http://www.braillenet.org/accessibilite/referentiel-aw21/liste-deploye.php#images','1.2.5',2010205,1.0,'accessiweb2.1','org.opens.tanaguru.rules.accessiweb21.Aw21Rule01025','http://www.tanaguru.org/en/content/aw21-rule-1-2-5',2,NULL,1,NULL,1,FALSE),(48,'Aw21-01032','http://www.braillenet.org/accessibilite/referentiel-aw21/liste-deploye.php#images','1.3.2',2010302,1.0,'accessiweb2.1','org.opens.tanaguru.rules.accessiweb21.Aw21Rule01032','http://www.tanaguru.org/en/content/aw21-rule-1-3-2',3,NULL,1,NULL,1,FALSE),(49,'Aw21-01033','http://www.braillenet.org/accessibilite/referentiel-aw21/liste-deploye.php#images','1.3.3',2010303,1.0,'accessiweb2.1','org.opens.tanaguru.rules.accessiweb21.Aw21Rule01033','http://www.tanaguru.org/en/content/aw21-rule-1-3-3',3,NULL,1,NULL,1,FALSE),(50,'Aw21-01034','http://www.braillenet.org/accessibilite/referentiel-aw21/liste-deploye.php#images','1.3.4',2010304,1.0,'accessiweb2.1','org.opens.tanaguru.rules.accessiweb21.Aw21Rule01034','http://www.tanaguru.org/en/content/aw21-rule-1-3-4',3,NULL,1,NULL,1,FALSE),(51,'Aw21-01035','http://www.braillenet.org/accessibilite/referentiel-aw21/liste-deploye.php#images','1.3.5',2010305,1.0,'accessiweb2.1','org.opens.tanaguru.rules.accessiweb21.Aw21Rule01035','http://www.tanaguru.org/en/content/aw21-rule-1-3-5',3,NULL,1,NULL,1,FALSE),(52,'Aw21-01036','http://www.braillenet.org/accessibilite/referentiel-aw21/liste-deploye.php#images','1.3.6',2010306,1.0,'accessiweb2.1','org.opens.tanaguru.rules.accessiweb21.Aw21Rule01036','http://www.tanaguru.org/en/content/aw21-rule-1-3-6',3,NULL,1,NULL,1,FALSE),(53,'Aw21-01041','http://www.braillenet.org/accessibilite/referentiel-aw21/liste-deploye.php#images','1.4.1',2010401,1.0,'accessiweb2.1','org.opens.tanaguru.rules.accessiweb21.Aw21Rule01041','http://www.tanaguru.org/en/content/aw21-rule-1-4-1',4,NULL,1,NULL,1,FALSE),(54,'Aw21-01042','http://www.braillenet.org/accessibilite/referentiel-aw21/liste-deploye.php#images','1.4.2',2010402,1.0,'accessiweb2.1','org.opens.tanaguru.rules.accessiweb21.Aw21Rule01042','http://www.tanaguru.org/en/content/aw21-rule-1-4-2',4,NULL,1,NULL,1,FALSE),(55,'Aw21-01043','http://www.braillenet.org/accessibilite/referentiel-aw21/liste-deploye.php#images','1.4.3',2010403,1.0,'accessiweb2.1','org.opens.tanaguru.rules.accessiweb21.Aw21Rule01043','http://www.tanaguru.org/en/content/aw21-rule-1-4-3',4,NULL,1,NULL,1,FALSE),(56,'Aw21-01044','http://www.braillenet.org/accessibilite/referentiel-aw21/liste-deploye.php#images','1.4.4',2010404,1.0,'accessiweb2.1','org.opens.tanaguru.rules.accessiweb21.Aw21Rule01044','http://www.tanaguru.org/en/content/aw21-rule-1-4-4',4,NULL,1,NULL,1,FALSE),(57,'Aw21-01045','http://www.braillenet.org/accessibilite/referentiel-aw21/liste-deploye.php#images','1.4.5',2010405,1.0,'accessiweb2.1','org.opens.tanaguru.rules.accessiweb21.Aw21Rule01045','http://www.tanaguru.org/en/content/aw21-rule-1-4-5',4,NULL,1,NULL,1,FALSE),(58,'Aw21-01046','http://www.braillenet.org/accessibilite/referentiel-aw21/liste-deploye.php#images','1.4.6',2010406,1.0,'accessiweb2.1','org.opens.tanaguru.rules.accessiweb21.Aw21Rule01046','http://www.tanaguru.org/en/content/aw21-rule-1-4-6',4,NULL,1,NULL,1,FALSE),(59,'Aw21-01061','http://www.braillenet.org/accessibilite/referentiel-aw21/liste-deploye.php#images','1.6.1',2010601,1.0,'accessiweb2.1','org.opens.tanaguru.rules.accessiweb21.Aw21Rule01061','http://www.tanaguru.org/en/content/aw21-rule-1-6-1',6,NULL,1,NULL,1,FALSE),(60,'Aw21-01062','http://www.braillenet.org/accessibilite/referentiel-aw21/liste-deploye.php#images','1.6.2',2010602,1.0,'accessiweb2.1','org.opens.tanaguru.rules.accessiweb21.Aw21Rule01062','http://www.tanaguru.org/en/content/aw21-rule-1-6-2',6,NULL,1,NULL,1,FALSE),(61,'Aw21-01063','http://www.braillenet.org/accessibilite/referentiel-aw21/liste-deploye.php#images','1.6.3',2010603,1.0,'accessiweb2.1','org.opens.tanaguru.rules.accessiweb21.Aw21Rule01063','http://www.tanaguru.org/en/content/aw21-rule-1-6-3',6,NULL,1,NULL,1,FALSE),(62,'Aw21-01064','http://www.braillenet.org/accessibilite/referentiel-aw21/liste-deploye.php#images','1.6.4',2010604,1.0,'accessiweb2.1','org.opens.tanaguru.rules.accessiweb21.Aw21Rule01064','http://www.tanaguru.org/en/content/aw21-rule-1-6-4',6,NULL,1,NULL,1,FALSE),(63,'Aw21-01065','http://www.braillenet.org/accessibilite/referentiel-aw21/liste-deploye.php#images','1.6.5',2010605,1.0,'accessiweb2.1','org.opens.tanaguru.rules.accessiweb21.Aw21Rule01065','http://www.tanaguru.org/en/content/aw21-rule-1-6-5',6,NULL,1,NULL,1,FALSE),(64,'Aw21-01071','http://www.braillenet.org/accessibilite/referentiel-aw21/liste-deploye.php#images','1.7.1',2010701,1.0,'accessiweb2.1','org.opens.tanaguru.rules.accessiweb21.Aw21Rule01071','http://www.tanaguru.org/en/content/aw21-rule-1-7-1',7,NULL,1,NULL,1,FALSE),(65,'Aw21-01072','http://www.braillenet.org/accessibilite/referentiel-aw21/liste-deploye.php#images','1.7.2',2010702,1.0,'accessiweb2.1','org.opens.tanaguru.rules.accessiweb21.Aw21Rule01072','http://www.tanaguru.org/en/content/aw21-rule-1-7-2',7,NULL,1,NULL,1,FALSE),(66,'Aw21-01073','http://www.braillenet.org/accessibilite/referentiel-aw21/liste-deploye.php#images','1.7.3',2010703,1.0,'accessiweb2.1','org.opens.tanaguru.rules.accessiweb21.Aw21Rule01073','http://www.tanaguru.org/en/content/aw21-rule-1-7-3',7,NULL,1,NULL,1,FALSE),(67,'Aw21-01074','http://www.braillenet.org/accessibilite/referentiel-aw21/liste-deploye.php#images','1.7.4',2010704,1.0,'accessiweb2.1','org.opens.tanaguru.rules.accessiweb21.Aw21Rule01074','http://www.tanaguru.org/en/content/aw21-rule-1-7-4',7,NULL,1,NULL,1,FALSE),(68,'Aw21-01091','http://www.braillenet.org/accessibilite/referentiel-aw21/liste-deploye.php#images','1.9.1',2010901,1.0,'accessiweb2.1','org.opens.tanaguru.rules.accessiweb21.Aw21Rule01091','http://www.tanaguru.org/en/content/aw21-rule-1-9-1',9,NULL,3,NULL,1,FALSE),(69,'Aw21-01092','http://www.braillenet.org/accessibilite/referentiel-aw21/liste-deploye.php#images','1.9.2',2010902,1.0,'accessiweb2.1','org.opens.tanaguru.rules.accessiweb21.Aw21Rule01092','http://www.tanaguru.org/en/content/aw21-rule-1-9-2',9,NULL,3,NULL,1,FALSE),(70,'Aw21-01093','http://www.braillenet.org/accessibilite/referentiel-aw21/liste-deploye.php#images','1.9.3',2010903,1.0,'accessiweb2.1','org.opens.tanaguru.rules.accessiweb21.Aw21Rule01093','http://www.tanaguru.org/en/content/aw21-rule-1-9-3',9,NULL,3,NULL,1,FALSE),(71,'Aw21-01094','http://www.braillenet.org/accessibilite/referentiel-aw21/liste-deploye.php#images','1.9.4',2010904,1.0,'accessiweb2.1','org.opens.tanaguru.rules.accessiweb21.Aw21Rule01094','http://www.tanaguru.org/en/content/aw21-rule-1-9-4',9,NULL,3,NULL,1,FALSE),(72,'Aw21-01095','http://www.braillenet.org/accessibilite/referentiel-aw21/liste-deploye.php#images','1.9.5',2010905,1.0,'accessiweb2.1','org.opens.tanaguru.rules.accessiweb21.Aw21Rule01095','http://www.tanaguru.org/en/content/aw21-rule-1-9-5',9,NULL,3,NULL,1,FALSE),(73,'Aw21-01096','http://www.braillenet.org/accessibilite/referentiel-aw21/liste-deploye.php#images','1.9.6',2010906,1.0,'accessiweb2.1','org.opens.tanaguru.rules.accessiweb21.Aw21Rule01096','http://www.tanaguru.org/en/content/aw21-rule-1-9-6',9,NULL,3,NULL,1,FALSE),(74,'Aw21-02021','http://www.braillenet.org/accessibilite/referentiel-aw21/liste-deploye.php#cadres','2.2.1',2020201,1.0,'accessiweb2.1','org.opens.tanaguru.rules.accessiweb21.Aw21Rule02021','http://www.tanaguru.org/en/content/aw21-rule-2-2-1',11,NULL,1,NULL,1,FALSE),(75,'Aw21-02022','http://www.braillenet.org/accessibilite/referentiel-aw21/liste-deploye.php#cadres','2.2.2',2020202,1.0,'accessiweb2.1','org.opens.tanaguru.rules.accessiweb21.Aw21Rule02022','http://www.tanaguru.org/en/content/aw21-rule-2-2-2',11,NULL,1,NULL,1,FALSE),(76,'Aw21-01037','http://www.braillenet.org/accessibilite/referentiel-aw21/liste-deploye.php#images','1.3.7',2010307,1.0,'accessiweb2.1','org.opens.tanaguru.rules.accessiweb21.Aw21Rule01037','http://www.tanaguru.org/en/content/aw21-rule-1-3-7',3,NULL,1,NULL,1,TRUE),(77,'Aw21-01051','http://www.braillenet.org/accessibilite/referentiel-aw21/liste-deploye.php#images','1.5.1',2010501,1.0,'accessiweb2.1','org.opens.tanaguru.rules.accessiweb21.Aw21Rule01052','http://www.tanaguru.org/en/content/aw21-rule-1-5-1',5,NULL,1,NULL,1,TRUE),(78,'Aw21-01052','http://www.braillenet.org/accessibilite/referentiel-aw21/liste-deploye.php#images','1.5.2',2010502,1.0,'accessiweb2.1','org.opens.tanaguru.rules.accessiweb21.Aw21Rule01081','http://www.tanaguru.org/en/content/aw21-rule-1-5-2',5,NULL,1,NULL,1,TRUE	),(79,'Aw21-01081','http://www.braillenet.org/accessibilite/referentiel-aw21/liste-deploye.php#images','1.8.1',2010801,1.0,'accessiweb2.1','org.opens.tanaguru.rules.accessiweb21.Aw21Rule01081','http://www.tanaguru.org/en/content/aw21-rule-1-8-1',8,NULL,2,NULL,1,TRUE),(80,'Aw21-01082','http://www.braillenet.org/accessibilite/referentiel-aw21/liste-deploye.php#images','1.8.2',2010802,1.0,'accessiweb2.1','org.opens.tanaguru.rules.accessiweb21.Aw21Rule01082','http://www.tanaguru.org/en/content/aw21-rule-1-8-2',8,NULL,2,NULL,1,TRUE),(81,'Aw21-01083','http://www.braillenet.org/accessibilite/referentiel-aw21/liste-deploye.php#images','1.8.3',2010803,1.0,'accessiweb2.1','org.opens.tanaguru.rules.accessiweb21.Aw21Rule01083','http://www.tanaguru.org/en/content/aw21-rule-1-8-3',8,NULL,2,NULL,1,TRUE),(82,'Aw21-01084','http://www.braillenet.org/accessibilite/referentiel-aw21/liste-deploye.php#images','1.8.4',2010804,1.0,'accessiweb2.1','org.opens.tanaguru.rules.accessiweb21.Aw21Rule01084','http://www.tanaguru.org/en/content/aw21-rule-1-8-4',8,NULL,2,NULL,1,TRUE),(83,'Aw21-01085','http://www.braillenet.org/accessibilite/referentiel-aw21/liste-deploye.php#images','1.8.5',2010805,1.0,'accessiweb2.1','org.opens.tanaguru.rules.accessiweb21.Aw21Rule01085','http://www.tanaguru.org/en/content/aw21-rule-1-8-5',8,NULL,2,NULL,1,TRUE),(84,'Aw21-01086','http://www.braillenet.org/accessibilite/referentiel-aw21/liste-deploye.php#images','1.8.6',2010806,1.0,'accessiweb2.1','org.opens.tanaguru.rules.accessiweb21.Aw21Rule01086','http://www.tanaguru.org/en/content/aw21-rule-1-8-6',8,NULL,2,NULL,1,TRUE),(85,'Aw21-03011','http://www.braillenet.org/accessibilite/referentiel-aw21/liste-deploye.php#couleurs','3.1.1',2030101,1.0,'accessiweb2.1','org.opens.tanaguru.rules.accessiweb21.Aw21Rule03011','http://www.tanaguru.org/en/content/aw21-rule-3-1-1',12,NULL,1,NULL,1,TRUE),(86,'Aw21-03012','http://www.braillenet.org/accessibilite/referentiel-aw21/liste-deploye.php#couleurs','3.1.2',2030102,1.0,'accessiweb2.1','org.opens.tanaguru.rules.accessiweb21.Aw21Rule03012','http://www.tanaguru.org/en/content/aw21-rule-3-1-2',12,NULL,1,NULL,1,TRUE),(87,'Aw21-03013','http://www.braillenet.org/accessibilite/referentiel-aw21/liste-deploye.php#couleurs','3.1.3',2030103,1.0,'accessiweb2.1','org.opens.tanaguru.rules.accessiweb21.Aw21Rule03013','http://www.tanaguru.org/en/content/aw21-rule-3-1-3',12,NULL,1,NULL,1,TRUE),(88,'Aw21-03014','http://www.braillenet.org/accessibilite/referentiel-aw21/liste-deploye.php#couleurs','3.1.4',2030104,1.0,'accessiweb2.1','org.opens.tanaguru.rules.accessiweb21.Aw21Rule03014','http://www.tanaguru.org/en/content/aw21-rule-3-1-4',12,NULL,1,NULL,1,TRUE),(89,'Aw21-03015','http://www.braillenet.org/accessibilite/referentiel-aw21/liste-deploye.php#couleurs','3.1.5',2030105,1.0,'accessiweb2.1','org.opens.tanaguru.rules.accessiweb21.Aw21Rule03015','http://www.tanaguru.org/en/content/aw21-rule-3-1-5',12,NULL,1,NULL,1,TRUE),(90,'Aw21-03016','http://www.braillenet.org/accessibilite/referentiel-aw21/liste-deploye.php#couleurs','3.1.6',2030106,1.0,'accessiweb2.1','org.opens.tanaguru.rules.accessiweb21.Aw21Rule03016','http://www.tanaguru.org/en/content/aw21-rule-3-1-6',12,NULL,1,NULL,1,TRUE),(91,'Aw21-03021','http://www.braillenet.org/accessibilite/referentiel-aw21/liste-deploye.php#couleurs','3.2.1',2030201,1.0,'accessiweb2.1','org.opens.tanaguru.rules.accessiweb21.Aw21Rule03021','http://www.tanaguru.org/en/content/aw21-rule-3-2-1',13,NULL,1,NULL,1,TRUE),(92,'Aw21-03022','http://www.braillenet.org/accessibilite/referentiel-aw21/liste-deploye.php#couleurs','3.2.2',2030202,1.0,'accessiweb2.1','org.opens.tanaguru.rules.accessiweb21.Aw21Rule03022','http://www.tanaguru.org/en/content/aw21-rule-3-2-2',13,NULL,1,NULL,1,TRUE),(93,'Aw21-03023','http://www.braillenet.org/accessibilite/referentiel-aw21/liste-deploye.php#couleurs','3.2.3',2030203,1.0,'accessiweb2.1','org.opens.tanaguru.rules.accessiweb21.Aw21Rule03023','http://www.tanaguru.org/en/content/aw21-rule-3-2-3',13,NULL,1,NULL,1,TRUE),(94,'Aw21-03024','http://www.braillenet.org/accessibilite/referentiel-aw21/liste-deploye.php#couleurs','3.2.4',2030204,1.0,'accessiweb2.1','org.opens.tanaguru.rules.accessiweb21.Aw21Rule03024','http://www.tanaguru.org/en/content/aw21-rule-3-2-4',13,NULL,1,NULL,1,TRUE),(95,'Aw21-03025','http://www.braillenet.org/accessibilite/referentiel-aw21/liste-deploye.php#couleurs','3.2.5',2030205,1.0,'accessiweb2.1','org.opens.tanaguru.rules.accessiweb21.Aw21Rule03025','http://www.tanaguru.org/en/content/aw21-rule-3-2-5',13,NULL,1,NULL,1,TRUE),(96,'Aw21-03026','http://www.braillenet.org/accessibilite/referentiel-aw21/liste-deploye.php#couleurs','3.2.6',2030206,1.0,'accessiweb2.1','org.opens.tanaguru.rules.accessiweb21.Aw21Rule03026','http://www.tanaguru.org/en/content/aw21-rule-3-2-6',13,NULL,1,NULL,1,TRUE),(97,'Aw21-03031','http://www.braillenet.org/accessibilite/referentiel-aw21/liste-deploye.php#couleurs','3.3.1',2030301,1.0,'accessiweb2.1','org.opens.tanaguru.rules.accessiweb21.Aw21Rule03031','http://www.tanaguru.org/en/content/aw21-rule-3-3-1',14,NULL,2,NULL,1,TRUE),(98,'Aw21-03032','http://www.braillenet.org/accessibilite/referentiel-aw21/liste-deploye.php#couleurs','3.3.2',2030302,1.0,'accessiweb2.1','org.opens.tanaguru.rules.accessiweb21.Aw21Rule03032','http://www.tanaguru.org/en/content/aw21-rule-3-3-2',14,NULL,2,NULL,1,TRUE),(99,'Aw21-03033','http://www.braillenet.org/accessibilite/referentiel-aw21/liste-deploye.php#couleurs','3.3.3',2030303,1.0,'accessiweb2.1','org.opens.tanaguru.rules.accessiweb21.Aw21Rule03033','http://www.tanaguru.org/en/content/aw21-rule-3-3-3',14,NULL,2,NULL,1,TRUE),(100,'Aw21-03034','http://www.braillenet.org/accessibilite/referentiel-aw21/liste-deploye.php#couleurs','3.3.4',2030304,1.0,'accessiweb2.1','org.opens.tanaguru.rules.accessiweb21.Aw21Rule03034','http://www.tanaguru.org/en/content/aw21-rule-3-3-4',14,NULL,2,NULL,1,TRUE),(101,'Aw21-03041','http://www.braillenet.org/accessibilite/referentiel-aw21/liste-deploye.php#couleurs','3.4.1',2030401,1.0,'accessiweb2.1','org.opens.tanaguru.rules.accessiweb21.Aw21Rule03041','http://www.tanaguru.org/en/content/aw21-rule-3-4-1',15,NULL,3,NULL,1,TRUE),(102,'Aw21-03042','http://www.braillenet.org/accessibilite/referentiel-aw21/liste-deploye.php#couleurs','3.4.2',2030402,1.0,'accessiweb2.1','org.opens.tanaguru.rules.accessiweb21.Aw21Rule03042','http://www.tanaguru.org/en/content/aw21-rule-3-4-2',15,NULL,3,NULL,1,TRUE),(103,'Aw21-03043','http://www.braillenet.org/accessibilite/referentiel-aw21/liste-deploye.php#couleurs','3.4.3',2030403,1.0,'accessiweb2.1','org.opens.tanaguru.rules.accessiweb21.Aw21Rule03043','http://www.tanaguru.org/en/content/aw21-rule-3-4-3',15,NULL,3,NULL,1,TRUE),(104,'Aw21-03044','http://www.braillenet.org/accessibilite/referentiel-aw21/liste-deploye.php#couleurs','3.4.4',2030404,1.0,'accessiweb2.1','org.opens.tanaguru.rules.accessiweb21.Aw21Rule03044','http://www.tanaguru.org/en/content/aw21-rule-3-4-4',15,NULL,3,NULL,1,TRUE),(105,'Aw21-04011','http://www.braillenet.org/accessibilite/referentiel-aw21/liste-deploye.php#multimedia','4.1.1',2040101,1.0,'accessiweb2.1','org.opens.tanaguru.rules.accessiweb21.Aw21Rule04011','http://www.tanaguru.org/en/content/aw21-rule-4-1-1',16,NULL,1,NULL,1,TRUE),(106,'Aw21-04012','http://www.braillenet.org/accessibilite/referentiel-aw21/liste-deploye.php#multimedia','4.1.2',2040102,1.0,'accessiweb2.1','org.opens.tanaguru.rules.accessiweb21.Aw21Rule04012','http://www.tanaguru.org/en/content/aw21-rule-4-1-2',16,NULL,1,NULL,1,TRUE),(107,'Aw21-04013','http://www.braillenet.org/accessibilite/referentiel-aw21/liste-deploye.php#multimedia','4.1.3',2040103,1.0,'accessiweb2.1','org.opens.tanaguru.rules.accessiweb21.Aw21Rule04013','http://www.tanaguru.org/en/content/aw21-rule-4-1-3',16,NULL,1,NULL,1,TRUE),(108,'Aw21-04014','http://www.braillenet.org/accessibilite/referentiel-aw21/liste-deploye.php#multimedia','4.1.4',2040104,1.0,'accessiweb2.1','org.opens.tanaguru.rules.accessiweb21.Aw21Rule04014','http://www.tanaguru.org/en/content/aw21-rule-4-1-4',16,NULL,1,NULL,1,TRUE),(109,'Aw21-04021','http://www.braillenet.org/accessibilite/referentiel-aw21/liste-deploye.php#multimedia','4.2.1',2040201,1.0,'accessiweb2.1','org.opens.tanaguru.rules.accessiweb21.Aw21Rule04021','http://www.tanaguru.org/en/content/aw21-rule-4-2-1',17,NULL,1,NULL,1,TRUE),(110,'Aw21-04022','http://www.braillenet.org/accessibilite/referentiel-aw21/liste-deploye.php#multimedia','4.2.2',2040202,1.0,'accessiweb2.1','org.opens.tanaguru.rules.accessiweb21.Aw21Rule04022','http://www.tanaguru.org/en/content/aw21-rule-4-2-2',17,NULL,1,NULL,1,TRUE),(111,'Aw21-04023','http://www.braillenet.org/accessibilite/referentiel-aw21/liste-deploye.php#multimedia','4.2.3',2040203,1.0,'accessiweb2.1','org.opens.tanaguru.rules.accessiweb21.Aw21Rule04023','http://www.tanaguru.org/en/content/aw21-rule-4-2-3',17,NULL,1,NULL,1,TRUE),(112,'Aw21-04031','http://www.braillenet.org/accessibilite/referentiel-aw21/liste-deploye.php#multimedia','4.3.1',2040301,1.0,'accessiweb2.1','org.opens.tanaguru.rules.accessiweb21.Aw21Rule04031','http://www.tanaguru.org/en/content/aw21-rule-4-3-1',18,NULL,1,NULL,1,TRUE),(113,'Aw21-04041','http://www.braillenet.org/accessibilite/referentiel-aw21/liste-deploye.php#multimedia','4.4.1',2040401,1.0,'accessiweb2.1','org.opens.tanaguru.rules.accessiweb21.Aw21Rule04041','http://www.tanaguru.org/en/content/aw21-rule-4-4-1',19,NULL,1,NULL,1,TRUE),(114,'Aw21-04051','http://www.braillenet.org/accessibilite/referentiel-aw21/liste-deploye.php#multimedia','4.5.1',2040501,1.0,'accessiweb2.1','org.opens.tanaguru.rules.accessiweb21.Aw21Rule04051','http://www.tanaguru.org/en/content/aw21-rule-4-5-1',20,NULL,1,NULL,1,TRUE),(115,'Aw21-04052','http://www.braillenet.org/accessibilite/referentiel-aw21/liste-deploye.php#multimedia','4.5.2',2040502,1.0,'accessiweb2.1','org.opens.tanaguru.rules.accessiweb21.Aw21Rule04052','http://www.tanaguru.org/en/content/aw21-rule-4-5-2',20,NULL,1,NULL,1,TRUE),(116,'Aw21-04053','http://www.braillenet.org/accessibilite/referentiel-aw21/liste-deploye.php#multimedia','4.5.3',2040503,1.0,'accessiweb2.1','org.opens.tanaguru.rules.accessiweb21.Aw21Rule04053','http://www.tanaguru.org/en/content/aw21-rule-4-5-3',20,NULL,1,NULL,1,TRUE),(117,'Aw21-04061','http://www.braillenet.org/accessibilite/referentiel-aw21/liste-deploye.php#multimedia','4.6.1',2040601,1.0,'accessiweb2.1','org.opens.tanaguru.rules.accessiweb21.Aw21Rule04061','http://www.tanaguru.org/en/content/aw21-rule-4-6-1',21,NULL,2,NULL,1,TRUE),(118,'Aw21-04062','http://www.braillenet.org/accessibilite/referentiel-aw21/liste-deploye.php#multimedia','4.6.2',2040602,1.0,'accessiweb2.1','org.opens.tanaguru.rules.accessiweb21.Aw21Rule04062','http://www.tanaguru.org/en/content/aw21-rule-4-6-2',21,NULL,2,NULL,1,TRUE),(119,'Aw21-04071','http://www.braillenet.org/accessibilite/referentiel-aw21/liste-deploye.php#multimedia','4.7.1',2040701,1.0,'accessiweb2.1','org.opens.tanaguru.rules.accessiweb21.Aw21Rule04071','http://www.tanaguru.org/en/content/aw21-rule-4-7-1',22,NULL,2,NULL,1,TRUE),(120,'Aw21-04081','http://www.braillenet.org/accessibilite/referentiel-aw21/liste-deploye.php#multimedia','4.8.1',2040801,1.0,'accessiweb2.1','org.opens.tanaguru.rules.accessiweb21.Aw21Rule04081','http://www.tanaguru.org/en/content/aw21-rule-4-8-1',23,NULL,2,NULL,1,TRUE),(121,'Aw21-04082','http://www.braillenet.org/accessibilite/referentiel-aw21/liste-deploye.php#multimedia','4.8.2',2040802,1.0,'accessiweb2.1','org.opens.tanaguru.rules.accessiweb21.Aw21Rule04082','http://www.tanaguru.org/en/content/aw21-rule-4-8-2',23,NULL,2,NULL,1,TRUE),(122,'Aw21-04091','http://www.braillenet.org/accessibilite/referentiel-aw21/liste-deploye.php#multimedia','4.9.1',2040901,1.0,'accessiweb2.1','org.opens.tanaguru.rules.accessiweb21.Aw21Rule04091','http://www.tanaguru.org/en/content/aw21-rule-4-9-1',24,NULL,3,NULL,1,TRUE),(123,'Aw21-04092','http://www.braillenet.org/accessibilite/referentiel-aw21/liste-deploye.php#multimedia','4.9.2',2040902,1.0,'accessiweb2.1','org.opens.tanaguru.rules.accessiweb21.Aw21Rule04092','http://www.tanaguru.org/en/content/aw21-rule-4-9-2',24,NULL,3,NULL,1,TRUE),(124,'Aw21-04101','http://www.braillenet.org/accessibilite/referentiel-aw21/liste-deploye.php#multimedia','4.10.1',2041001,1.0,'accessiweb2.1','org.opens.tanaguru.rules.accessiweb21.Aw21Rule04101','http://www.tanaguru.org/en/content/aw21-rule-4-10-1',25,NULL,3,NULL,1,TRUE),(125,'Aw21-04102','http://www.braillenet.org/accessibilite/referentiel-aw21/liste-deploye.php#multimedia','4.10.2',2041002,1.0,'accessiweb2.1','org.opens.tanaguru.rules.accessiweb21.Aw21Rule04102','http://www.tanaguru.org/en/content/aw21-rule-4-10-2',25,NULL,3,NULL,1,TRUE),(126,'Aw21-04111','http://www.braillenet.org/accessibilite/referentiel-aw21/liste-deploye.php#multimedia','4.11.1',2041101,1.0,'accessiweb2.1','org.opens.tanaguru.rules.accessiweb21.Aw21Rule04111','http://www.tanaguru.org/en/content/aw21-rule-4-11-1',26,NULL,3,NULL,1,TRUE),(127,'Aw21-04112','http://www.braillenet.org/accessibilite/referentiel-aw21/liste-deploye.php#multimedia','4.11.2',2041102,1.0,'accessiweb2.1','org.opens.tanaguru.rules.accessiweb21.Aw21Rule04112','http://www.tanaguru.org/en/content/aw21-rule-4-11-2',26,NULL,3,NULL,1,TRUE),(128,'Aw21-04121','http://www.braillenet.org/accessibilite/referentiel-aw21/liste-deploye.php#multimedia','4.12.1',2041201,1.0,'accessiweb2.1','org.opens.tanaguru.rules.accessiweb21.Aw21Rule04121','http://www.tanaguru.org/en/content/aw21-rule-4-12-1',27,NULL,3,NULL,1,TRUE),(129,'Aw21-04122','http://www.braillenet.org/accessibilite/referentiel-aw21/liste-deploye.php#multimedia','4.12.2',2041202,1.0,'accessiweb2.1','org.opens.tanaguru.rules.accessiweb21.Aw21Rule04122','http://www.tanaguru.org/en/content/aw21-rule-4-12-2',27,NULL,3,NULL,1,TRUE),(130,'Aw21-04131','http://www.braillenet.org/accessibilite/referentiel-aw21/liste-deploye.php#multimedia','4.13.1',2041301,1.0,'accessiweb2.1','org.opens.tanaguru.rules.accessiweb21.Aw21Rule04131','http://www.tanaguru.org/en/content/aw21-rule-4-13-1',28,NULL,3,NULL,1,TRUE),(131,'Aw21-04132','http://www.braillenet.org/accessibilite/referentiel-aw21/liste-deploye.php#multimedia','4.13.2',2041302,1.0,'accessiweb2.1','org.opens.tanaguru.rules.accessiweb21.Aw21Rule04132','http://www.tanaguru.org/en/content/aw21-rule-4-13-2',28,NULL,3,NULL,1,TRUE),(132,'Aw21-04133','http://www.braillenet.org/accessibilite/referentiel-aw21/liste-deploye.php#multimedia','4.13.3',2041303,1.0,'accessiweb2.1','org.opens.tanaguru.rules.accessiweb21.Aw21Rule04133','http://www.tanaguru.org/en/content/aw21-rule-4-13-3',28,NULL,3,NULL,1,TRUE),(133,'Aw21-04141','http://www.braillenet.org/accessibilite/referentiel-aw21/liste-deploye.php#multimedia','4.14.1',2041401,1.0,'accessiweb2.1','org.opens.tanaguru.rules.accessiweb21.Aw21Rule04141','http://www.tanaguru.org/en/content/aw21-rule-4-14-1',29,NULL,3,NULL,1,TRUE),(134,'Aw21-04142','http://www.braillenet.org/accessibilite/referentiel-aw21/liste-deploye.php#multimedia','4.14.2',2041402,1.0,'accessiweb2.1','org.opens.tanaguru.rules.accessiweb21.Aw21Rule04142','http://www.tanaguru.org/en/content/aw21-rule-4-14-2',29,NULL,3,NULL,1,TRUE),(135,'Aw21-04151','http://www.braillenet.org/accessibilite/referentiel-aw21/liste-deploye.php#multimedia','4.15.1',2041501,1.0,'accessiweb2.1','org.opens.tanaguru.rules.accessiweb21.Aw21Rule04151','http://www.tanaguru.org/en/content/aw21-rule-4-15-1',30,NULL,1,NULL,1,TRUE),(136,'Aw21-04152','http://www.braillenet.org/accessibilite/referentiel-aw21/liste-deploye.php#multimedia','4.15.2',2041502,1.0,'accessiweb2.1','org.opens.tanaguru.rules.accessiweb21.Aw21Rule04152','http://www.tanaguru.org/en/content/aw21-rule-4-15-2',30,NULL,1,NULL,1,TRUE),(137,'Aw21-04161','http://www.braillenet.org/accessibilite/referentiel-aw21/liste-deploye.php#multimedia','4.16.1',2041601,1.0,'accessiweb2.1','org.opens.tanaguru.rules.accessiweb21.Aw21Rule04161','http://www.tanaguru.org/en/content/aw21-rule-4-16-1',31,NULL,1,NULL,1,TRUE),(138,'Aw21-04162','http://www.braillenet.org/accessibilite/referentiel-aw21/liste-deploye.php#multimedia','4.16.2',2041602,1.0,'accessiweb2.1','org.opens.tanaguru.rules.accessiweb21.Aw21Rule04162','http://www.tanaguru.org/en/content/aw21-rule-4-16-2',31,NULL,1,NULL,1,TRUE),(139,'Aw21-04171','http://www.braillenet.org/accessibilite/referentiel-aw21/liste-deploye.php#multimedia','4.17.1',2041701,1.0,'accessiweb2.1','org.opens.tanaguru.rules.accessiweb21.Aw21Rule04171','http://www.tanaguru.org/en/content/aw21-rule-4-17-1',32,NULL,1,NULL,1,TRUE),(140,'Aw21-04181','http://www.braillenet.org/accessibilite/referentiel-aw21/liste-deploye.php#multimedia','4.18.1',2041801,1.0,'accessiweb2.1','org.opens.tanaguru.rules.accessiweb21.Aw21Rule04181','http://www.tanaguru.org/en/content/aw21-rule-4-18-1',33,NULL,1,NULL,1,TRUE),(141,'Aw21-04191','http://www.braillenet.org/accessibilite/referentiel-aw21/liste-deploye.php#multimedia','4.19.1',2041901,1.0,'accessiweb2.1','org.opens.tanaguru.rules.accessiweb21.Aw21Rule04191','http://www.tanaguru.org/en/content/aw21-rule-4-19-1',34,NULL,3,NULL,1,TRUE),(142,'Aw21-04201','http://www.braillenet.org/accessibilite/referentiel-aw21/liste-deploye.php#multimedia','4.20.1',2042001,1.0,'accessiweb2.1','org.opens.tanaguru.rules.accessiweb21.Aw21Rule04201','http://www.tanaguru.org/en/content/aw21-rule-4-20-1',35,NULL,1,NULL,1,TRUE),(143,'Aw21-04202','http://www.braillenet.org/accessibilite/referentiel-aw21/liste-deploye.php#multimedia','4.20.2',2042002,1.0,'accessiweb2.1','org.opens.tanaguru.rules.accessiweb21.Aw21Rule04202','http://www.tanaguru.org/en/content/aw21-rule-4-20-2',35,NULL,1,NULL,1,TRUE),(144,'Aw21-04203','http://www.braillenet.org/accessibilite/referentiel-aw21/liste-deploye.php#multimedia','4.20.3',2042003,1.0,'accessiweb2.1','org.opens.tanaguru.rules.accessiweb21.Aw21Rule04203','http://www.tanaguru.org/en/content/aw21-rule-4-20-3',35,NULL,1,NULL,1,TRUE),(145,'Aw21-04211','http://www.braillenet.org/accessibilite/referentiel-aw21/liste-deploye.php#multimedia','4.21.1',2042101,1.0,'accessiweb2.1','org.opens.tanaguru.rules.accessiweb21.Aw21Rule04211','http://www.tanaguru.org/en/content/aw21-rule-4-21-1',36,NULL,1,NULL,1,TRUE),(146,'Aw21-04212','http://www.braillenet.org/accessibilite/referentiel-aw21/liste-deploye.php#multimedia','4.21.2',2042102,1.0,'accessiweb2.1','org.opens.tanaguru.rules.accessiweb21.Aw21Rule04212','http://www.tanaguru.org/en/content/aw21-rule-4-21-2',36,NULL,1,NULL,1,TRUE),(147,'Aw21-04221','http://www.braillenet.org/accessibilite/referentiel-aw21/liste-deploye.php#multimedia','4.22.1',2042201,1.0,'accessiweb2.1','org.opens.tanaguru.rules.accessiweb21.Aw21Rule04221','http://www.tanaguru.org/en/content/aw21-rule-4-22-1',37,NULL,1,NULL,1,TRUE),(148,'Aw21-05021','http://www.braillenet.org/accessibilite/referentiel-aw21/liste-deploye.php#tableaux','5.2.1',2050201,1.0,'accessiweb2.1','org.opens.tanaguru.rules.accessiweb21.Aw21Rule05021','http://www.tanaguru.org/en/content/aw21-rule-5-2-1',39,NULL,1,NULL,1,FALSE),(149,'Aw21-05022','http://www.braillenet.org/accessibilite/referentiel-aw21/liste-deploye.php#tableaux','5.2.2',2050202,1.0,'accessiweb2.1','org.opens.tanaguru.rules.accessiweb21.Aw21Rule05022','http://www.tanaguru.org/en/content/aw21-rule-5-2-2',39,NULL,1,NULL,1,FALSE),(150,'Aw21-05031','http://www.braillenet.org/accessibilite/referentiel-aw21/liste-deploye.php#tableaux','5.3.1',2050301,1.0,'accessiweb2.1','org.opens.tanaguru.rules.accessiweb21.Aw21Rule05031','http://www.tanaguru.org/en/content/aw21-rule-5-3-1',40,NULL,1,NULL,1,FALSE),(151,'Aw21-05051','http://www.braillenet.org/accessibilite/referentiel-aw21/liste-deploye.php#tableaux','5.5.1',2050501,1.0,'accessiweb2.1','org.opens.tanaguru.rules.accessiweb21.Aw21Rule05051','http://www.tanaguru.org/en/content/aw21-rule-5-5-1',42,NULL,1,NULL,1,FALSE),(152,'Aw21-05061','http://www.braillenet.org/accessibilite/referentiel-aw21/liste-deploye.php#tableaux','5.6.1',2050601,1.0,'accessiweb2.1','org.opens.tanaguru.rules.accessiweb21.Aw21Rule05061','http://www.tanaguru.org/en/content/aw21-rule-5-6-1',43,NULL,1,NULL,1,FALSE),(153,'Aw21-05062','http://www.braillenet.org/accessibilite/referentiel-aw21/liste-deploye.php#tableaux','5.6.2',2050602,1.0,'accessiweb2.1','org.opens.tanaguru.rules.accessiweb21.Aw21Rule05062','http://www.tanaguru.org/en/content/aw21-rule-5-6-2',43,NULL,1,NULL,1,FALSE),(154,'Aw21-05071','http://www.braillenet.org/accessibilite/referentiel-aw21/liste-deploye.php#tableaux','5.7.1',2050701,1.0,'accessiweb2.1','org.opens.tanaguru.rules.accessiweb21.Aw21Rule05071','http://www.tanaguru.org/en/content/aw21-rule-5-7-1',44,NULL,1,NULL,1,FALSE),(155,'Aw21-05072','http://www.braillenet.org/accessibilite/referentiel-aw21/liste-deploye.php#tableaux','5.7.2',2050702,1.0,'accessiweb2.1','org.opens.tanaguru.rules.accessiweb21.Aw21Rule05072','http://www.tanaguru.org/en/content/aw21-rule-5-7-2',44,NULL,1,NULL,1,FALSE),(156,'Aw21-05073','http://www.braillenet.org/accessibilite/referentiel-aw21/liste-deploye.php#tableaux','5.7.3',2050703,1.0,'accessiweb2.1','org.opens.tanaguru.rules.accessiweb21.Aw21Rule05073','http://www.tanaguru.org/en/content/aw21-rule-5-7-3',44,NULL,1,NULL,1,FALSE),(157,'Aw21-05074','http://www.braillenet.org/accessibilite/referentiel-aw21/liste-deploye.php#tableaux','5.7.4',2050704,1.0,'accessiweb2.1','org.opens.tanaguru.rules.accessiweb21.Aw21Rule05074','http://www.tanaguru.org/en/content/aw21-rule-5-7-4',44,NULL,1,NULL,1,FALSE),(158,'Aw21-05081','http://www.braillenet.org/accessibilite/referentiel-aw21/liste-deploye.php#tableaux','5.8.1',2050801,1.0,'accessiweb2.1','org.opens.tanaguru.rules.accessiweb21.Aw21Rule05081','http://www.tanaguru.org/en/content/aw21-rule-5-8-1',45,NULL,1,NULL,1,FALSE),(159,'Aw21-06014','http://www.braillenet.org/accessibilite/referentiel-aw21/liste-deploye.php#liens','6.1.4',2060104,1.0,'accessiweb2.1','org.opens.tanaguru.rules.accessiweb21.Aw21Rule06014','http://www.tanaguru.org/en/content/aw21-rule-6-1-4',46,NULL,1,NULL,1,TRUE),(160,'Aw21-06034','http://www.braillenet.org/accessibilite/referentiel-aw21/liste-deploye.php#liens','6.3.4',2060304,1.0,'accessiweb2.1','org.opens.tanaguru.rules.accessiweb21.Aw21Rule06034','http://www.tanaguru.org/en/content/aw21-rule-6-3-4',48,NULL,3,NULL,1,TRUE),(161,'Aw21-06044','http://www.braillenet.org/accessibilite/referentiel-aw21/liste-deploye.php#liens','6.4.4',2060404,1.0,'accessiweb2.1','org.opens.tanaguru.rules.accessiweb21.Aw21Rule06044','http://www.tanaguru.org/en/content/aw21-rule-6-4-4',49,NULL,1,NULL,1,FALSE),(162,'Aw21-06051','http://www.braillenet.org/accessibilite/referentiel-aw21/liste-deploye.php#liens','6.5.1',2060501,1.0,'accessiweb2.1','org.opens.tanaguru.rules.accessiweb21.Aw21Rule06051','http://www.tanaguru.org/en/content/aw21-rule-6-5-1',50,NULL,1,NULL,1,FALSE),(163,'Aw21-06052','http://www.braillenet.org/accessibilite/referentiel-aw21/liste-deploye.php#liens','6.5.2',2060502,1.0,'accessiweb2.1','org.opens.tanaguru.rules.accessiweb21.Aw21Rule06052','http://www.tanaguru.org/en/content/aw21-rule-6-5-2',50,NULL,1,NULL,1,FALSE),(164,'Aw21-06053','http://www.braillenet.org/accessibilite/referentiel-aw21/liste-deploye.php#liens','6.5.3',2060503,1.0,'accessiweb2.1','org.opens.tanaguru.rules.accessiweb21.Aw21Rule06053','http://www.tanaguru.org/en/content/aw21-rule-6-5-3',50,NULL,1,NULL,1,FALSE),(165,'Aw21-07011','http://www.braillenet.org/accessibilite/referentiel-aw21/liste-deploye.php#script','7.1.1',2070101,1.0,'accessiweb2.1','org.opens.tanaguru.rules.accessiweb21.Aw21Rule07011','http://www.tanaguru.org/en/content/aw21-rule-7-1-1',52,NULL,1,NULL,1,TRUE),(166,'Aw21-07012','http://www.braillenet.org/accessibilite/referentiel-aw21/liste-deploye.php#script','7.1.2',2070102,1.0,'accessiweb2.1','org.opens.tanaguru.rules.accessiweb21.Aw21Rule07012','http://www.tanaguru.org/en/content/aw21-rule-7-1-2',52,NULL,1,NULL,1,TRUE),(167,'Aw21-07021','http://www.braillenet.org/accessibilite/referentiel-aw21/liste-deploye.php#script','7.2.1',2070201,1.0,'accessiweb2.1','org.opens.tanaguru.rules.accessiweb21.Aw21Rule07021','http://www.tanaguru.org/en/content/aw21-rule-7-2-1',53,NULL,1,NULL,1,TRUE),(168,'Aw21-07022','http://www.braillenet.org/accessibilite/referentiel-aw21/liste-deploye.php#script','7.2.2',2070202,1.0,'accessiweb2.1','org.opens.tanaguru.rules.accessiweb21.Aw21Rule07022','http://www.tanaguru.org/en/content/aw21-rule-7-2-2',53,NULL,1,NULL,1,TRUE),(169,'Aw21-07031','http://www.braillenet.org/accessibilite/referentiel-aw21/liste-deploye.php#script','7.3.1',2070301,1.0,'accessiweb2.1','org.opens.tanaguru.rules.accessiweb21.Aw21Rule07031','http://www.tanaguru.org/en/content/aw21-rule-7-3-1',54,NULL,1,NULL,1,TRUE),(170,'Aw21-07032','http://www.braillenet.org/accessibilite/referentiel-aw21/liste-deploye.php#script','7.3.2',2070302,1.0,'accessiweb2.1','org.opens.tanaguru.rules.accessiweb21.Aw21Rule07032','http://www.tanaguru.org/en/content/aw21-rule-7-3-2',54,NULL,1,NULL,1,TRUE),(171,'Aw21-07033','http://www.braillenet.org/accessibilite/referentiel-aw21/liste-deploye.php#script','7.3.3',2070303,1.0,'accessiweb2.1','org.opens.tanaguru.rules.accessiweb21.Aw21Rule07033','http://www.tanaguru.org/en/content/aw21-rule-7-3-3',54,NULL,1,NULL,1,TRUE),(172,'Aw21-07041','http://www.braillenet.org/accessibilite/referentiel-aw21/liste-deploye.php#script','7.4.1',2070401,1.0,'accessiweb2.1','org.opens.tanaguru.rules.accessiweb21.Aw21Rule07041','http://www.tanaguru.org/en/content/aw21-rule-7-4-1',55,NULL,1,NULL,1,TRUE),(173,'Aw21-07042','http://www.braillenet.org/accessibilite/referentiel-aw21/liste-deploye.php#script','7.4.2',2070402,1.0,'accessiweb2.1','org.opens.tanaguru.rules.accessiweb21.Aw21Rule07042','http://www.tanaguru.org/en/content/aw21-rule-7-4-2',55,NULL,1,NULL,1,TRUE),(174,'Aw21-07061','http://www.braillenet.org/accessibilite/referentiel-aw21/liste-deploye.php#script','7.6.1',2070601,1.0,'accessiweb2.1','org.opens.tanaguru.rules.accessiweb21.Aw21Rule07061','http://www.tanaguru.org/en/content/aw21-rule-7-6-1',57,NULL,3,NULL,1,TRUE),(175,'Aw21-08013','http://www.braillenet.org/accessibilite/referentiel-aw21/liste-deploye.php#elements','8.1.3',2080103,1.0,'accessiweb2.1','org.opens.tanaguru.rules.accessiweb21.Aw21Rule08013','http://www.tanaguru.org/en/content/aw21-rule-8-1-3',58,NULL,1,NULL,1,TRUE),(176,'Aw21-08021','http://www.braillenet.org/accessibilite/referentiel-aw21/liste-deploye.php#elements','8.2.1',2080201,1.0,'accessiweb2.1','org.opens.tanaguru.rules.accessiweb21.Aw21Rule08021','http://www.tanaguru.org/en/content/aw21-rule-8-2-1',59,NULL,1,NULL,1,TRUE),(177,'Aw21-08022','http://www.braillenet.org/accessibilite/referentiel-aw21/liste-deploye.php#elements','8.2.2',2080202,1.0,'accessiweb2.1','org.opens.tanaguru.rules.accessiweb21.Aw21Rule08022','http://www.tanaguru.org/en/content/aw21-rule-8-2-2',59,NULL,1,NULL,1,TRUE),(178,'Aw21-08071','http://www.braillenet.org/accessibilite/referentiel-aw21/liste-deploye.php#elements','8.7.1',2080701,1.0,'accessiweb2.1','org.opens.tanaguru.rules.accessiweb21.Aw21Rule08071','http://www.tanaguru.org/en/content/aw21-rule-8-7-1',64,NULL,2,NULL,1,TRUE),(179,'Aw21-08081','http://www.braillenet.org/accessibilite/referentiel-aw21/liste-deploye.php#elements','8.8.1',2080801,1.0,'accessiweb2.1','org.opens.tanaguru.rules.accessiweb21.Aw21Rule08081','http://www.tanaguru.org/en/content/aw21-rule-8-8-1',65,NULL,2,NULL,1,FALSE),(180,'Aw21-08082','http://www.braillenet.org/accessibilite/referentiel-aw21/liste-deploye.php#elements','8.8.2',2080802,1.0,'accessiweb2.1','org.opens.tanaguru.rules.accessiweb21.Aw21Rule08082','http://www.tanaguru.org/en/content/aw21-rule-8-8-2',65,NULL,2,NULL,1,FALSE),(181,'Aw21-08091','http://www.braillenet.org/accessibilite/referentiel-aw21/liste-deploye.php#elements','8.9.1',2080901,1.0,'accessiweb2.1','org.opens.tanaguru.rules.accessiweb21.Aw21Rule08091','http://www.tanaguru.org/en/content/aw21-rule-8-9-1',66,NULL,1,NULL,1,TRUE),(182,'Aw21-08101','http://www.braillenet.org/accessibilite/referentiel-aw21/liste-deploye.php#elements','8.10.1',2081001,1.0,'accessiweb2.1','org.opens.tanaguru.rules.accessiweb21.Aw21Rule08101','http://www.tanaguru.org/en/content/aw21-rule-8-10-1',67,NULL,1,NULL,1,TRUE),(183,'Aw21-09013','http://www.braillenet.org/accessibilite/referentiel-aw21/liste-deploye.php#structure','9.1.3',2090103,1.0,'accessiweb2.1','org.opens.tanaguru.rules.accessiweb21.Aw21Rule09013','http://www.tanaguru.org/en/content/aw21-rule-9-1-3',68,NULL,1,NULL,1,TRUE),(184,'Aw21-09023','http://www.braillenet.org/accessibilite/referentiel-aw21/liste-deploye.php#structure','9.2.3',2090203,1.0,'accessiweb2.1','org.opens.tanaguru.rules.accessiweb21.Aw21Rule09023','http://www.tanaguru.org/en/content/aw21-rule-9-2-3',69,NULL,1,NULL,1,TRUE),(185,'Aw21-09031','http://www.braillenet.org/accessibilite/referentiel-aw21/liste-deploye.php#structure','9.3.1',2090301,1.0,'accessiweb2.1','org.opens.tanaguru.rules.accessiweb21.Aw21Rule09031','http://www.tanaguru.org/en/content/aw21-rule-9-3-1',70,NULL,3,NULL,1,TRUE),(186,'Aw21-09032','http://www.braillenet.org/accessibilite/referentiel-aw21/liste-deploye.php#structure','9.3.2',2090302,1.0,'accessiweb2.1','org.opens.tanaguru.rules.accessiweb21.Aw21Rule09032','http://www.tanaguru.org/en/content/aw21-rule-9-3-2',70,NULL,3,NULL,1,TRUE),(187,'Aw21-09041','http://www.braillenet.org/accessibilite/referentiel-aw21/liste-deploye.php#structure','9.4.1',2090401,1.0,'accessiweb2.1','org.opens.tanaguru.rules.accessiweb21.Aw21Rule09041','http://www.tanaguru.org/en/content/aw21-rule-9-4-1',71,NULL,3,NULL,1,TRUE),(188,'Aw21-09042','http://www.braillenet.org/accessibilite/referentiel-aw21/liste-deploye.php#structure','9.4.2',2090402,1.0,'accessiweb2.1','org.opens.tanaguru.rules.accessiweb21.Aw21Rule09042','http://www.tanaguru.org/en/content/aw21-rule-9-4-2',71,NULL,3,NULL,1,TRUE),(189,'Aw21-09051','http://www.braillenet.org/accessibilite/referentiel-aw21/liste-deploye.php#structure','9.5.1',2090501,1.0,'accessiweb2.1','org.opens.tanaguru.rules.accessiweb21.Aw21Rule09051','http://www.tanaguru.org/en/content/aw21-rule-9-5-1',72,NULL,1,NULL,1,TRUE),(190,'Aw21-09052','http://www.braillenet.org/accessibilite/referentiel-aw21/liste-deploye.php#structure','9.5.2',2090502,1.0,'accessiweb2.1','org.opens.tanaguru.rules.accessiweb21.Aw21Rule09052','http://www.tanaguru.org/en/content/aw21-rule-9-5-2',72,NULL,1,NULL,1,TRUE),(191,'Aw21-10013','http://www.braillenet.org/accessibilite/referentiel-aw21/liste-deploye.php#presentation','10.1.3',2100103,1.0,'accessiweb2.1','org.opens.tanaguru.rules.accessiweb21.Aw21Rule10013','http://www.tanaguru.org/en/content/aw21-rule-10-1-3',73,NULL,1,NULL,1,TRUE),(192,'Aw21-10021','http://www.braillenet.org/accessibilite/referentiel-aw21/liste-deploye.php#presentation','10.2.1',2100201,1.0,'accessiweb2.1','org.opens.tanaguru.rules.accessiweb21.Aw21Rule10021','http://www.tanaguru.org/en/content/aw21-rule-10-2-1',74,NULL,1,NULL,1,TRUE),(193,'Aw21-10022','http://www.braillenet.org/accessibilite/referentiel-aw21/liste-deploye.php#presentation','10.2.2',2100202,1.0,'accessiweb2.1','org.opens.tanaguru.rules.accessiweb21.Aw21Rule10022','http://www.tanaguru.org/en/content/aw21-rule-10-2-2',74,NULL,1,NULL,1,TRUE),(194,'Aw21-10023','http://www.braillenet.org/accessibilite/referentiel-aw21/liste-deploye.php#presentation','10.2.3',2100203,1.0,'accessiweb2.1','org.opens.tanaguru.rules.accessiweb21.Aw21Rule10023','http://www.tanaguru.org/en/content/aw21-rule-10-2-3',74,NULL,1,NULL,1,TRUE),(195,'Aw21-10031','http://www.braillenet.org/accessibilite/referentiel-aw21/liste-deploye.php#presentation','10.3.1',2100301,1.0,'accessiweb2.1','org.opens.tanaguru.rules.accessiweb21.Aw21Rule10031','http://www.tanaguru.org/en/content/aw21-rule-10-3-1',75,NULL,1,NULL,1,TRUE),(196,'Aw21-10042','http://www.braillenet.org/accessibilite/referentiel-aw21/liste-deploye.php#presentation','10.4.2',2100402,1.0,'accessiweb2.1','org.opens.tanaguru.rules.accessiweb21.Aw21Rule10042','http://www.tanaguru.org/en/content/aw21-rule-10-4-2',76,NULL,2,NULL,1,TRUE),(197,'Aw21-10043','http://www.braillenet.org/accessibilite/referentiel-aw21/liste-deploye.php#presentation','10.4.3',2100403,1.0,'accessiweb2.1','org.opens.tanaguru.rules.accessiweb21.Aw21Rule10043','http://www.tanaguru.org/en/content/aw21-rule-10-4-3',76,NULL,2,NULL,1,TRUE),(198,'Aw21-10051','http://www.braillenet.org/accessibilite/referentiel-aw21/liste-deploye.php#presentation','10.5.1',2100501,1.0,'accessiweb2.1','org.opens.tanaguru.rules.accessiweb21.Aw21Rule10051','http://www.tanaguru.org/en/content/aw21-rule-10-5-1',77,NULL,2,NULL,1,TRUE),(199,'Aw21-10052','http://www.braillenet.org/accessibilite/referentiel-aw21/liste-deploye.php#presentation','10.5.2',2100502,1.0,'accessiweb2.1','org.opens.tanaguru.rules.accessiweb21.Aw21Rule10052','http://www.tanaguru.org/en/content/aw21-rule-10-5-2',77,NULL,2,NULL,1,TRUE),(200,'Aw21-10053','http://www.braillenet.org/accessibilite/referentiel-aw21/liste-deploye.php#presentation','10.5.3',2100503,1.0,'accessiweb2.1','org.opens.tanaguru.rules.accessiweb21.Aw21Rule10053','http://www.tanaguru.org/en/content/aw21-rule-10-5-3',77,NULL,2,NULL,1,TRUE),(201,'Aw21-10061','http://www.braillenet.org/accessibilite/referentiel-aw21/liste-deploye.php#presentation','10.6.1',2100601,1.0,'accessiweb2.1','org.opens.tanaguru.rules.accessiweb21.Aw21Rule10061','http://www.tanaguru.org/en/content/aw21-rule-10-6-1',78,NULL,1,NULL,1,TRUE),(202,'Aw21-10071','http://www.braillenet.org/accessibilite/referentiel-aw21/liste-deploye.php#presentation','10.7.1',2100701,1.0,'accessiweb2.1','org.opens.tanaguru.rules.accessiweb21.Aw21Rule10071','http://www.tanaguru.org/en/content/aw21-rule-10-7-1',79,NULL,1,NULL,1,TRUE),(203,'Aw21-10072','http://www.braillenet.org/accessibilite/referentiel-aw21/liste-deploye.php#presentation','10.7.2',2100702,1.0,'accessiweb2.1','org.opens.tanaguru.rules.accessiweb21.Aw21Rule10072','http://www.tanaguru.org/en/content/aw21-rule-10-7-2',79,NULL,1,NULL,1,TRUE),(204,'Aw21-10073','http://www.braillenet.org/accessibilite/referentiel-aw21/liste-deploye.php#presentation','10.7.3',2100703,1.0,'accessiweb2.1','org.opens.tanaguru.rules.accessiweb21.Aw21Rule10073','http://www.tanaguru.org/en/content/aw21-rule-10-7-3',79,NULL,1,NULL,1,TRUE),(205,'Aw21-10081','http://www.braillenet.org/accessibilite/referentiel-aw21/liste-deploye.php#presentation','10.8.1',2100801,1.0,'accessiweb2.1','org.opens.tanaguru.rules.accessiweb21.Aw21Rule10081','http://www.tanaguru.org/en/content/aw21-rule-10-8-1',80,NULL,3,NULL,1,TRUE),(206,'Aw21-10082','http://www.braillenet.org/accessibilite/referentiel-aw21/liste-deploye.php#presentation','10.8.2',2100802,1.0,'accessiweb2.1','org.opens.tanaguru.rules.accessiweb21.Aw21Rule10082','http://www.tanaguru.org/en/content/aw21-rule-10-8-2',80,NULL,3,NULL,1,TRUE),(207,'Aw21-10083','http://www.braillenet.org/accessibilite/referentiel-aw21/liste-deploye.php#presentation','10.8.3',2100803,1.0,'accessiweb2.1','org.opens.tanaguru.rules.accessiweb21.Aw21Rule10083','http://www.tanaguru.org/en/content/aw21-rule-10-8-3',80,NULL,3,NULL,1,TRUE),(208,'Aw21-10084','http://www.braillenet.org/accessibilite/referentiel-aw21/liste-deploye.php#presentation','10.8.4',2100804,1.0,'accessiweb2.1','org.opens.tanaguru.rules.accessiweb21.Aw21Rule10084','http://www.tanaguru.org/en/content/aw21-rule-10-8-4',80,NULL,3,NULL,1,TRUE),(209,'Aw21-10091','http://www.braillenet.org/accessibilite/referentiel-aw21/liste-deploye.php#presentation','10.9.1',2100901,1.0,'accessiweb2.1','org.opens.tanaguru.rules.accessiweb21.Aw21Rule10091','http://www.tanaguru.org/en/content/aw21-rule-10-9-1',81,NULL,3,NULL,1,TRUE),(210,'Aw21-10101','http://www.braillenet.org/accessibilite/referentiel-aw21/liste-deploye.php#presentation','10.10.1',2101001,1.0,'accessiweb2.1','org.opens.tanaguru.rules.accessiweb21.Aw21Rule10101','http://www.tanaguru.org/en/content/aw21-rule-10-10-1',82,NULL,3,NULL,1,TRUE),(211,'Aw21-10111','http://www.braillenet.org/accessibilite/referentiel-aw21/liste-deploye.php#presentation','10.11.1',2101101,1.0,'accessiweb2.1','org.opens.tanaguru.rules.accessiweb21.Aw21Rule10111','http://www.tanaguru.org/en/content/aw21-rule-10-11-1',83,NULL,3,NULL,1,TRUE),(212,'Aw21-10121','http://www.braillenet.org/accessibilite/referentiel-aw21/liste-deploye.php#presentation','10.12.1',2101201,1.0,'accessiweb2.1','org.opens.tanaguru.rules.accessiweb21.Aw21Rule10121','http://www.tanaguru.org/en/content/aw21-rule-10-12-1',84,NULL,3,NULL,1,TRUE),(213,'Aw21-10122','http://www.braillenet.org/accessibilite/referentiel-aw21/liste-deploye.php#presentation','10.12.2',2101202,1.0,'accessiweb2.1','org.opens.tanaguru.rules.accessiweb21.Aw21Rule10122','http://www.tanaguru.org/en/content/aw21-rule-10-12-2',84,NULL,3,NULL,1,TRUE),(214,'Aw21-10131','http://www.braillenet.org/accessibilite/referentiel-aw21/liste-deploye.php#presentation','10.13.1',2101301,1.0,'accessiweb2.1','org.opens.tanaguru.rules.accessiweb21.Aw21Rule10131','http://www.tanaguru.org/en/content/aw21-rule-10-13-1',85,NULL,1,NULL,1,TRUE),(215,'Aw21-10141','http://www.braillenet.org/accessibilite/referentiel-aw21/liste-deploye.php#presentation','10.14.1',2101401,1.0,'accessiweb2.1','org.opens.tanaguru.rules.accessiweb21.Aw21Rule10141','http://www.tanaguru.org/en/content/aw21-rule-10-14-1',86,NULL,1,NULL,1,TRUE),(216,'Aw21-10142','http://www.braillenet.org/accessibilite/referentiel-aw21/liste-deploye.php#presentation','10.14.2',2101402,1.0,'accessiweb2.1','org.opens.tanaguru.rules.accessiweb21.Aw21Rule10142','http://www.tanaguru.org/en/content/aw21-rule-10-14-2',86,NULL,1,NULL,1,TRUE),(217,'Aw21-10143','http://www.braillenet.org/accessibilite/referentiel-aw21/liste-deploye.php#presentation','10.14.3',2101403,1.0,'accessiweb2.1','org.opens.tanaguru.rules.accessiweb21.Aw21Rule10143','http://www.tanaguru.org/en/content/aw21-rule-10-14-3',86,NULL,1,NULL,1,TRUE),(218,'Aw21-10144','http://www.braillenet.org/accessibilite/referentiel-aw21/liste-deploye.php#presentation','10.14.4',2101404,1.0,'accessiweb2.1','org.opens.tanaguru.rules.accessiweb21.Aw21Rule10144','http://www.tanaguru.org/en/content/aw21-rule-10-14-4',86,NULL,1,NULL,1,TRUE),(219,'Aw21-10151','http://www.braillenet.org/accessibilite/referentiel-aw21/liste-deploye.php#presentation','10.15.1',2101501,1.0,'accessiweb2.1','org.opens.tanaguru.rules.accessiweb21.Aw21Rule10151','http://www.tanaguru.org/en/content/aw21-rule-10-15-1',87,NULL,1,NULL,1,TRUE),(220,'Aw21-10152','http://www.braillenet.org/accessibilite/referentiel-aw21/liste-deploye.php#presentation','10.15.2',2101502,1.0,'accessiweb2.1','org.opens.tanaguru.rules.accessiweb21.Aw21Rule10152','http://www.tanaguru.org/en/content/aw21-rule-10-15-2',87,NULL,1,NULL,1,TRUE),(221,'Aw21-10153','http://www.braillenet.org/accessibilite/referentiel-aw21/liste-deploye.php#presentation','10.15.3',2101503,1.0,'accessiweb2.1','org.opens.tanaguru.rules.accessiweb21.Aw21Rule10153','http://www.tanaguru.org/en/content/aw21-rule-10-15-3',87,NULL,1,NULL,1,TRUE),(222,'Aw21-10154','http://www.braillenet.org/accessibilite/referentiel-aw21/liste-deploye.php#presentation','10.15.4',2101504,1.0,'accessiweb2.1','org.opens.tanaguru.rules.accessiweb21.Aw21Rule10154','http://www.tanaguru.org/en/content/aw21-rule-10-15-4',87,NULL,1,NULL,1,TRUE),(223,'Aw21-11021','http://www.braillenet.org/accessibilite/referentiel-aw21/liste-deploye.php#formulaire','11.2.1',2110201,1.0,'accessiweb2.1','org.opens.tanaguru.rules.accessiweb21.Aw21Rule11021','http://www.tanaguru.org/en/content/aw21-rule-11-2-1',89,NULL,1,NULL,1,FALSE),(224,'Aw21-11022','http://www.braillenet.org/accessibilite/referentiel-aw21/liste-deploye.php#formulaire','11.2.2',2110202,1.0,'accessiweb2.1','org.opens.tanaguru.rules.accessiweb21.Aw21Rule11022','http://www.tanaguru.org/en/content/aw21-rule-11-2-2',89,NULL,1,NULL,1,FALSE),(225,'Aw21-11031','http://www.braillenet.org/accessibilite/referentiel-aw21/liste-deploye.php#formulaire','11.3.1',2110301,1.0,'accessiweb2.1','org.opens.tanaguru.rules.accessiweb21.Aw21Rule11031','http://www.tanaguru.org/en/content/aw21-rule-11-3-1',90,NULL,2,NULL,1,FALSE),(226,'Aw21-11032','http://www.braillenet.org/accessibilite/referentiel-aw21/liste-deploye.php#formulaire','11.3.2',2110302,1.0,'accessiweb2.1','org.opens.tanaguru.rules.accessiweb21.Aw21Rule11032','http://www.tanaguru.org/en/content/aw21-rule-11-3-2',90,NULL,2,NULL,1,TRUE),(227,'Aw21-11041','http://www.braillenet.org/accessibilite/referentiel-aw21/liste-deploye.php#formulaire','11.4.1',2110401,1.0,'accessiweb2.1','org.opens.tanaguru.rules.accessiweb21.Aw21Rule11041','http://www.tanaguru.org/en/content/aw21-rule-11-4-1',91,NULL,1,NULL,1,FALSE),(228,'Aw21-11051','http://www.braillenet.org/accessibilite/referentiel-aw21/liste-deploye.php#formulaire','11.5.1',2110501,1.0,'accessiweb2.1','org.opens.tanaguru.rules.accessiweb21.Aw21Rule11051','http://www.tanaguru.org/en/content/aw21-rule-11-5-1',92,NULL,1,NULL,1,FALSE),(229,'Aw21-11071','http://www.braillenet.org/accessibilite/referentiel-aw21/liste-deploye.php#formulaire','11.7.1',2110701,1.0,'accessiweb2.1','org.opens.tanaguru.rules.accessiweb21.Aw21Rule11071','http://www.tanaguru.org/en/content/aw21-rule-11-7-1',94,NULL,1,NULL,1,FALSE),(230,'Aw21-11081','http://www.braillenet.org/accessibilite/referentiel-aw21/liste-deploye.php#formulaire','11.8.1',2110801,1.0,'accessiweb2.1','org.opens.tanaguru.rules.accessiweb21.Aw21Rule11081','http://www.tanaguru.org/en/content/aw21-rule-11-8-1',95,NULL,1,NULL,1,FALSE),(231,'Aw21-11083','http://www.braillenet.org/accessibilite/referentiel-aw21/liste-deploye.php#formulaire','11.8.3',2110803,1.0,'accessiweb2.1','org.opens.tanaguru.rules.accessiweb21.Aw21Rule11083','http://www.tanaguru.org/en/content/aw21-rule-11-8-3',95,NULL,1,NULL,1,FALSE),(232,'Aw21-11091','http://www.braillenet.org/accessibilite/referentiel-aw21/liste-deploye.php#formulaire','11.9.1',2110901,1.0,'accessiweb2.1','org.opens.tanaguru.rules.accessiweb21.Aw21Rule11091','http://www.tanaguru.org/en/content/aw21-rule-11-9-1',96,NULL,1,NULL,1,FALSE),(233,'Aw21-11101','http://www.braillenet.org/accessibilite/referentiel-aw21/liste-deploye.php#formulaire','11.10.1',2111001,1.0,'accessiweb2.1','org.opens.tanaguru.rules.accessiweb21.Aw21Rule11101','http://www.tanaguru.org/en/content/aw21-rule-11-10-1',97,NULL,1,NULL,1,FALSE),(234,'Aw21-11102','http://www.braillenet.org/accessibilite/referentiel-aw21/liste-deploye.php#formulaire','11.10.2',2111002,1.0,'accessiweb2.1','org.opens.tanaguru.rules.accessiweb21.Aw21Rule11102','http://www.tanaguru.org/en/content/aw21-rule-11-10-2',97,NULL,1,NULL,1,FALSE),(235,'Aw21-11103','http://www.braillenet.org/accessibilite/referentiel-aw21/liste-deploye.php#formulaire','11.10.3',2111003,1.0,'accessiweb2.1','org.opens.tanaguru.rules.accessiweb21.Aw21Rule11103','http://www.tanaguru.org/en/content/aw21-rule-11-10-3',97,NULL,1,NULL,1,FALSE),(236,'Aw21-11111','http://www.braillenet.org/accessibilite/referentiel-aw21/liste-deploye.php#formulaire','11.11.1',2111101,1.0,'accessiweb2.1','org.opens.tanaguru.rules.accessiweb21.Aw21Rule11111','http://www.tanaguru.org/en/content/aw21-rule-11-11-1',98,NULL,2,NULL,1,FALSE),(237,'Aw21-11112','http://www.braillenet.org/accessibilite/referentiel-aw21/liste-deploye.php#formulaire','11.11.2',2111102,1.0,'accessiweb2.1','org.opens.tanaguru.rules.accessiweb21.Aw21Rule11112','http://www.tanaguru.org/en/content/aw21-rule-11-11-2',98,NULL,2,NULL,1,FALSE),(238,'Aw21-11121','http://www.braillenet.org/accessibilite/referentiel-aw21/liste-deploye.php#formulaire','11.12.1',2111201,1.0,'accessiweb2.1','org.opens.tanaguru.rules.accessiweb21.Aw21Rule11121','http://www.tanaguru.org/en/content/aw21-rule-11-12-1',99,NULL,2,NULL,1,FALSE),(239,'Aw21-11122','http://www.braillenet.org/accessibilite/referentiel-aw21/liste-deploye.php#formulaire','11.12.2',2111202,1.0,'accessiweb2.1','org.opens.tanaguru.rules.accessiweb21.Aw21Rule11122','http://www.tanaguru.org/en/content/aw21-rule-11-12-2',99,NULL,2,NULL,1,FALSE),(240,'Aw21-11131','http://www.braillenet.org/accessibilite/referentiel-aw21/liste-deploye.php#formulaire','11.13.1',2111301,1.0,'accessiweb2.1','org.opens.tanaguru.rules.accessiweb21.Aw21Rule11131','http://www.tanaguru.org/en/content/aw21-rule-11-13-1',100,NULL,3,NULL,1,FALSE),(241,'Aw21-11132','http://www.braillenet.org/accessibilite/referentiel-aw21/liste-deploye.php#formulaire','11.13.2',2111302,1.0,'accessiweb2.1','org.opens.tanaguru.rules.accessiweb21.Aw21Rule11132','http://www.tanaguru.org/en/content/aw21-rule-11-13-2',100,NULL,3,NULL,1,FALSE),(242,'Aw21-11141','http://www.braillenet.org/accessibilite/referentiel-aw21/liste-deploye.php#formulaire','11.14.1',2111401,1.0,'accessiweb2.1','org.opens.tanaguru.rules.accessiweb21.Aw21Rule11141','http://www.tanaguru.org/en/content/aw21-rule-11-14-1',101,NULL,3,NULL,1,FALSE),(243,'Aw21-11142','http://www.braillenet.org/accessibilite/referentiel-aw21/liste-deploye.php#formulaire','11.14.2',2111402,1.0,'accessiweb2.1','org.opens.tanaguru.rules.accessiweb21.Aw21Rule11142','http://www.tanaguru.org/en/content/aw21-rule-11-14-2',101,NULL,3,NULL,1,FALSE),(244,'Aw21-11151','http://www.braillenet.org/accessibilite/referentiel-aw21/liste-deploye.php#formulaire','11.15.1',2111501,1.0,'accessiweb2.1','org.opens.tanaguru.rules.accessiweb21.Aw21Rule11151','http://www.tanaguru.org/en/content/aw21-rule-11-15-1',102,NULL,3,NULL,1,FALSE),(245,'Aw21-12011','http://www.braillenet.org/accessibilite/referentiel-aw21/liste-deploye.php#navigation','12.1.1',2120101,1.0,'accessiweb2.1','org.opens.tanaguru.rules.accessiweb21.Aw21Rule12011','http://www.tanaguru.org/en/content/aw21-rule-12-1-1',103,NULL,2,NULL,1,TRUE),(246,'Aw21-12021','http://www.braillenet.org/accessibilite/referentiel-aw21/liste-deploye.php#navigation','12.2.1',2120201,1.0,'accessiweb2.1','org.opens.tanaguru.rules.accessiweb21.Aw21Rule12021','http://www.tanaguru.org/en/content/aw21-rule-12-2-1',104,NULL,2,NULL,1,TRUE),(247,'Aw21-12022','http://www.braillenet.org/accessibilite/referentiel-aw21/liste-deploye.php#navigation','12.2.2',2120202,1.0,'accessiweb2.1','org.opens.tanaguru.rules.accessiweb21.Aw21Rule12022','http://www.tanaguru.org/en/content/aw21-rule-12-2-2',104,NULL,2,NULL,1,TRUE),(248,'Aw21-12031','http://www.braillenet.org/accessibilite/referentiel-aw21/liste-deploye.php#navigation','12.3.1',2120301,1.0,'accessiweb2.1','org.opens.tanaguru.rules.accessiweb21.Aw21Rule12031','http://www.tanaguru.org/en/content/aw21-rule-12-3-1',105,NULL,2,NULL,1,TRUE),(249,'Aw21-12032','http://www.braillenet.org/accessibilite/referentiel-aw21/liste-deploye.php#navigation','12.3.2',2120302,1.0,'accessiweb2.1','org.opens.tanaguru.rules.accessiweb21.Aw21Rule12032','http://www.tanaguru.org/en/content/aw21-rule-12-3-2',105,NULL,2,NULL,1,TRUE),(250,'Aw21-12041','http://www.braillenet.org/accessibilite/referentiel-aw21/liste-deploye.php#navigation','12.4.1',2120401,1.0,'accessiweb2.1','org.opens.tanaguru.rules.accessiweb21.Aw21Rule12041','http://www.tanaguru.org/en/content/aw21-rule-12-4-1',106,NULL,2,NULL,1,TRUE),(251,'Aw21-12042','http://www.braillenet.org/accessibilite/referentiel-aw21/liste-deploye.php#navigation','12.4.2',2120402,1.0,'accessiweb2.1','org.opens.tanaguru.rules.accessiweb21.Aw21Rule12042','http://www.tanaguru.org/en/content/aw21-rule-12-4-2',106,NULL,2,NULL,1,TRUE),(252,'Aw21-12043','http://www.braillenet.org/accessibilite/referentiel-aw21/liste-deploye.php#navigation','12.4.3',2120403,1.0,'accessiweb2.1','org.opens.tanaguru.rules.accessiweb21.Aw21Rule12043','http://www.tanaguru.org/en/content/aw21-rule-12-4-3',106,NULL,2,NULL,1,TRUE),(253,'Aw21-12051','http://www.braillenet.org/accessibilite/referentiel-aw21/liste-deploye.php#navigation','12.5.1',2120501,1.0,'accessiweb2.1','org.opens.tanaguru.rules.accessiweb21.Aw21Rule12051','http://www.tanaguru.org/en/content/aw21-rule-12-5-1',107,NULL,2,NULL,1,TRUE),(254,'Aw21-12052','http://www.braillenet.org/accessibilite/referentiel-aw21/liste-deploye.php#navigation','12.5.2',2120502,1.0,'accessiweb2.1','org.opens.tanaguru.rules.accessiweb21.Aw21Rule12052','http://www.tanaguru.org/en/content/aw21-rule-12-5-2',107,NULL,2,NULL,1,TRUE),(255,'Aw21-12053','http://www.braillenet.org/accessibilite/referentiel-aw21/liste-deploye.php#navigation','12.5.3',2120503,1.0,'accessiweb2.1','org.opens.tanaguru.rules.accessiweb21.Aw21Rule12053','http://www.tanaguru.org/en/content/aw21-rule-12-5-3',107,NULL,2,NULL,1,TRUE),(256,'Aw21-12061','http://www.braillenet.org/accessibilite/referentiel-aw21/liste-deploye.php#navigation','12.6.1',2120601,1.0,'accessiweb2.1','org.opens.tanaguru.rules.accessiweb21.Aw21Rule12061','http://www.tanaguru.org/en/content/aw21-rule-12-6-1',108,NULL,2,NULL,1,TRUE),(257,'Aw21-12062','http://www.braillenet.org/accessibilite/referentiel-aw21/liste-deploye.php#navigation','12.6.2',2120602,1.0,'accessiweb2.1','org.opens.tanaguru.rules.accessiweb21.Aw21Rule12062','http://www.tanaguru.org/en/content/aw21-rule-12-6-2',108,NULL,2,NULL,1,TRUE),(258,'Aw21-12063','http://www.braillenet.org/accessibilite/referentiel-aw21/liste-deploye.php#navigation','12.6.3',2120603,1.0,'accessiweb2.1','org.opens.tanaguru.rules.accessiweb21.Aw21Rule12063','http://www.tanaguru.org/en/content/aw21-rule-12-6-3',108,NULL,2,NULL,1,TRUE),(259,'Aw21-12071','http://www.braillenet.org/accessibilite/referentiel-aw21/liste-deploye.php#navigation','12.7.1',2120701,1.0,'accessiweb2.1','org.opens.tanaguru.rules.accessiweb21.Aw21Rule12071','http://www.tanaguru.org/en/content/aw21-rule-12-7-1',109,NULL,2,NULL,1,TRUE),(260,'Aw21-12081','http://www.braillenet.org/accessibilite/referentiel-aw21/liste-deploye.php#navigation','12.8.1',2120801,1.0,'accessiweb2.1','org.opens.tanaguru.rules.accessiweb21.Aw21Rule12081','http://www.tanaguru.org/en/content/aw21-rule-12-8-1',110,NULL,3,NULL,1,TRUE),(261,'Aw21-12091','http://www.braillenet.org/accessibilite/referentiel-aw21/liste-deploye.php#navigation','12.9.1',2120901,1.0,'accessiweb2.1','org.opens.tanaguru.rules.accessiweb21.Aw21Rule12091','http://www.tanaguru.org/en/content/aw21-rule-12-9-1',111,NULL,3,NULL,1,TRUE),(262,'Aw21-12101','http://www.braillenet.org/accessibilite/referentiel-aw21/liste-deploye.php#navigation','12.10.1',2121001,1.0,'accessiweb2.1','org.opens.tanaguru.rules.accessiweb21.Aw21Rule12101','http://www.tanaguru.org/en/content/aw21-rule-12-10-1',112,NULL,1,NULL,1,TRUE),(263,'Aw21-12102','http://www.braillenet.org/accessibilite/referentiel-aw21/liste-deploye.php#navigation','12.10.2',2121002,1.0,'accessiweb2.1','org.opens.tanaguru.rules.accessiweb21.Aw21Rule12102','http://www.tanaguru.org/en/content/aw21-rule-12-10-2',112,NULL,1,NULL,1,TRUE),(264,'Aw21-12103','http://www.braillenet.org/accessibilite/referentiel-aw21/liste-deploye.php#navigation','12.10.3',2121003,1.0,'accessiweb2.1','org.opens.tanaguru.rules.accessiweb21.Aw21Rule12103','http://www.tanaguru.org/en/content/aw21-rule-12-10-3',112,NULL,1,NULL,1,TRUE),(265,'Aw21-12111','http://www.braillenet.org/accessibilite/referentiel-aw21/liste-deploye.php#navigation','12.11.1',2121101,1.0,'accessiweb2.1','org.opens.tanaguru.rules.accessiweb21.Aw21Rule12111','http://www.tanaguru.org/en/content/aw21-rule-12-11-1',113,NULL,1,NULL,1,TRUE),(266,'Aw21-12112','http://www.braillenet.org/accessibilite/referentiel-aw21/liste-deploye.php#navigation','12.11.2',2121102,1.0,'accessiweb2.1','org.opens.tanaguru.rules.accessiweb21.Aw21Rule12112','http://www.tanaguru.org/en/content/aw21-rule-12-11-2',113,NULL,1,NULL,1,TRUE),(267,'Aw21-12113','http://www.braillenet.org/accessibilite/referentiel-aw21/liste-deploye.php#navigation','12.11.3',2121103,1.0,'accessiweb2.1','org.opens.tanaguru.rules.accessiweb21.Aw21Rule12113','http://www.tanaguru.org/en/content/aw21-rule-12-11-3',113,NULL,1,NULL,1,TRUE),(268,'Aw21-12114','http://www.braillenet.org/accessibilite/referentiel-aw21/liste-deploye.php#navigation','12.11.4',2121104,1.0,'accessiweb2.1','org.opens.tanaguru.rules.accessiweb21.Aw21Rule12114','http://www.tanaguru.org/en/content/aw21-rule-12-11-4',113,NULL,1,NULL,1,TRUE),(269,'Aw21-12121','http://www.braillenet.org/accessibilite/referentiel-aw21/liste-deploye.php#navigation','12.12.1',2121201,1.0,'accessiweb2.1','org.opens.tanaguru.rules.accessiweb21.Aw21Rule12121','http://www.tanaguru.org/en/content/aw21-rule-12-12-1',114,NULL,3,NULL,1,TRUE),(270,'Aw21-12131','http://www.braillenet.org/accessibilite/referentiel-aw21/liste-deploye.php#navigation','12.13.1',2121301,1.0,'accessiweb2.1','org.opens.tanaguru.rules.accessiweb21.Aw21Rule12131','http://www.tanaguru.org/en/content/aw21-rule-12-13-1',115,NULL,1,NULL,1,TRUE),(271,'Aw21-12132','http://www.braillenet.org/accessibilite/referentiel-aw21/liste-deploye.php#navigation','12.13.2',2121302,1.0,'accessiweb2.1','org.opens.tanaguru.rules.accessiweb21.Aw21Rule12132','http://www.tanaguru.org/en/content/aw21-rule-12-13-2',115,NULL,1,NULL,1,TRUE),(272,'Aw21-12141','http://www.braillenet.org/accessibilite/referentiel-aw21/liste-deploye.php#navigation','12.14.1',2121401,1.0,'accessiweb2.1','org.opens.tanaguru.rules.accessiweb21.Aw21Rule12141','http://www.tanaguru.org/en/content/aw21-rule-12-14-1',116,NULL,1,NULL,1,TRUE),(273,'Aw21-13011','http://www.braillenet.org/accessibilite/referentiel-aw21/liste-deploye.php#consultation','13.1.1',2130101,1.0,'accessiweb2.1','org.opens.tanaguru.rules.accessiweb21.Aw21Rule13011','http://www.tanaguru.org/en/content/aw21-rule-13-1-1',117,NULL,1,NULL,1,TRUE),(274,'Aw21-13012','http://www.braillenet.org/accessibilite/referentiel-aw21/liste-deploye.php#consultation','13.1.2',2130102,1.0,'accessiweb2.1','org.opens.tanaguru.rules.accessiweb21.Aw21Rule13012','http://www.tanaguru.org/en/content/aw21-rule-13-1-2',117,NULL,1,NULL,1,FALSE),(275,'Aw21-13013','http://www.braillenet.org/accessibilite/referentiel-aw21/liste-deploye.php#consultation','13.1.3',2130103,1.0,'accessiweb2.1','org.opens.tanaguru.rules.accessiweb21.Aw21Rule13013','http://www.tanaguru.org/en/content/aw21-rule-13-1-3',117,NULL,1,NULL,1,TRUE),(276,'Aw21-13014','http://www.braillenet.org/accessibilite/referentiel-aw21/liste-deploye.php#consultation','13.1.4',2130104,1.0,'accessiweb2.1','org.opens.tanaguru.rules.accessiweb21.Aw21Rule13014','http://www.tanaguru.org/en/content/aw21-rule-13-1-4',117,NULL,1,NULL,1,TRUE),(277,'Aw21-13021','http://www.braillenet.org/accessibilite/referentiel-aw21/liste-deploye.php#consultation','13.2.1',2130201,1.0,'accessiweb2.1','org.opens.tanaguru.rules.accessiweb21.Aw21Rule13021','http://www.tanaguru.org/en/content/aw21-rule-13-2-1',118,NULL,1,NULL,1,TRUE),(278,'Aw21-13022','http://www.braillenet.org/accessibilite/referentiel-aw21/liste-deploye.php#consultation','13.2.2',2130202,1.0,'accessiweb2.1','org.opens.tanaguru.rules.accessiweb21.Aw21Rule13022','http://www.tanaguru.org/en/content/aw21-rule-13-2-2',118,NULL,1,NULL,1,TRUE),(279,'Aw21-13023','http://www.braillenet.org/accessibilite/referentiel-aw21/liste-deploye.php#consultation','13.2.3',2130203,1.0,'accessiweb2.1','org.opens.tanaguru.rules.accessiweb21.Aw21Rule13023','http://www.tanaguru.org/en/content/aw21-rule-13-2-3',118,NULL,1,NULL,1,TRUE),(280,'Aw21-13031','http://www.braillenet.org/accessibilite/referentiel-aw21/liste-deploye.php#consultation','13.3.1',2130301,1.0,'accessiweb2.1','org.opens.tanaguru.rules.accessiweb21.Aw21Rule13031','http://www.tanaguru.org/en/content/aw21-rule-13-3-1',119,NULL,1,NULL,1,TRUE),(281,'Aw21-13041','http://www.braillenet.org/accessibilite/referentiel-aw21/liste-deploye.php#consultation','13.4.1',2130401,1.0,'accessiweb2.1','org.opens.tanaguru.rules.accessiweb21.Aw21Rule13041','http://www.tanaguru.org/en/content/aw21-rule-13-4-1',120,NULL,3,NULL,1,TRUE),(282,'Aw21-13051','http://www.braillenet.org/accessibilite/referentiel-aw21/liste-deploye.php#consultation','13.5.1',2130501,1.0,'accessiweb2.1','org.opens.tanaguru.rules.accessiweb21.Aw21Rule13051','http://www.tanaguru.org/en/content/aw21-rule-13-5-1',121,NULL,3,NULL,1,TRUE),(283,'Aw21-13061','http://www.braillenet.org/accessibilite/referentiel-aw21/liste-deploye.php#consultation','13.6.1',2130601,1.0,'accessiweb2.1','org.opens.tanaguru.rules.accessiweb21.Aw21Rule13061','http://www.tanaguru.org/en/content/aw21-rule-13-6-1',122,NULL,1,NULL,1,TRUE),(284,'Aw21-13062','http://www.braillenet.org/accessibilite/referentiel-aw21/liste-deploye.php#consultation','13.6.2',2130602,1.0,'accessiweb2.1','org.opens.tanaguru.rules.accessiweb21.Aw21Rule13062','http://www.tanaguru.org/en/content/aw21-rule-13-6-2',122,NULL,1,NULL,1,TRUE),(285,'Aw21-13063','http://www.braillenet.org/accessibilite/referentiel-aw21/liste-deploye.php#consultation','13.6.3',2130603,1.0,'accessiweb2.1','org.opens.tanaguru.rules.accessiweb21.Aw21Rule13063','http://www.tanaguru.org/en/content/aw21-rule-13-6-3',122,NULL,1,NULL,1,TRUE),(286,'Aw21-13071','http://www.braillenet.org/accessibilite/referentiel-aw21/liste-deploye.php#consultation','13.7.1',2130701,1.0,'accessiweb2.1','org.opens.tanaguru.rules.accessiweb21.Aw21Rule13071','http://www.tanaguru.org/en/content/aw21-rule-13-7-1',123,NULL,1,NULL,1,TRUE),(287,'Aw21-13081','http://www.braillenet.org/accessibilite/referentiel-aw21/liste-deploye.php#consultation','13.8.1',2130801,1.0,'accessiweb2.1','org.opens.tanaguru.rules.accessiweb21.Aw21Rule13081','http://www.tanaguru.org/en/content/aw21-rule-13-8-1',124,NULL,1,NULL,1,TRUE),(288,'Aw21-13091','http://www.braillenet.org/accessibilite/referentiel-aw21/liste-deploye.php#consultation','13.9.1',2130901,1.0,'accessiweb2.1','org.opens.tanaguru.rules.accessiweb21.Aw21Rule13091','http://www.tanaguru.org/en/content/aw21-rule-13-9-1',125,NULL,3,NULL,1,TRUE),(289,'Aw21-13101','http://www.braillenet.org/accessibilite/referentiel-aw21/liste-deploye.php#consultation','13.10.1',2131001,1.0,'accessiweb2.1','org.opens.tanaguru.rules.accessiweb21.Aw21Rule13101','http://www.tanaguru.org/en/content/aw21-rule-13-10-1',126,NULL,3,NULL,1,TRUE),(290,'Aw21-13111','http://www.braillenet.org/accessibilite/referentiel-aw21/liste-deploye.php#consultation','13.11.1',2131101,1.0,'accessiweb2.1','org.opens.tanaguru.rules.accessiweb21.Aw21Rule13111','http://www.tanaguru.org/en/content/aw21-rule-13-11-1',127,NULL,1,NULL,1,TRUE),(291,'Aw21-13121','http://www.braillenet.org/accessibilite/referentiel-aw21/liste-deploye.php#consultation','13.12.1',2131201,1.0,'accessiweb2.1','org.opens.tanaguru.rules.accessiweb21.Aw21Rule13121','http://www.tanaguru.org/en/content/aw21-rule-13-12-1',128,NULL,1,NULL,1,TRUE),(292,'Aw21-13131','http://www.braillenet.org/accessibilite/referentiel-aw21/liste-deploye.php#consultation','13.13.1',2131301,1.0,'accessiweb2.1','org.opens.tanaguru.rules.accessiweb21.Aw21Rule13131','http://www.tanaguru.org/en/content/aw21-rule-13-13-1',129,NULL,3,NULL,1,TRUE),(293,'Aw21-13141','http://www.braillenet.org/accessibilite/referentiel-aw21/liste-deploye.php#consultation','13.14.1',2131401,1.0,'accessiweb2.1','org.opens.tanaguru.rules.accessiweb21.Aw21Rule13141','http://www.tanaguru.org/en/content/aw21-rule-13-14-1',130,NULL,3,NULL,1,TRUE),(294,'Aw21-13151','http://www.braillenet.org/accessibilite/referentiel-aw21/liste-deploye.php#consultation','13.15.1',2131501,1.0,'accessiweb2.1','org.opens.tanaguru.rules.accessiweb21.Aw21Rule13151','http://www.tanaguru.org/en/content/aw21-rule-13-15-1',131,NULL,1,NULL,1,TRUE),(295,'Aw21-13152','http://www.braillenet.org/accessibilite/referentiel-aw21/liste-deploye.php#consultation','13.15.2',2131502,1.0,'accessiweb2.1','org.opens.tanaguru.rules.accessiweb21.Aw21Rule13152','http://www.tanaguru.org/en/content/aw21-rule-13-15-2',131,NULL,1,NULL,1,TRUE),(296,'Aw21-13153','http://www.braillenet.org/accessibilite/referentiel-aw21/liste-deploye.php#consultation','13.15.3',2131503,1.0,'accessiweb2.1','org.opens.tanaguru.rules.accessiweb21.Aw21Rule13153','http://www.tanaguru.org/en/content/aw21-rule-13-15-3',131,NULL,1,NULL,1,TRUE),(297,'Aw21-13154','http://www.braillenet.org/accessibilite/referentiel-aw21/liste-deploye.php#consultation','13.15.4',2131504,1.0,'accessiweb2.1','org.opens.tanaguru.rules.accessiweb21.Aw21Rule13154','http://www.tanaguru.org/en/content/aw21-rule-13-15-4',131,NULL,1,NULL,1,TRUE),(298,'Aw21-13161','http://www.braillenet.org/accessibilite/referentiel-aw21/liste-deploye.php#consultation','13.16.1',2131601,1.0,'accessiweb2.1','org.opens.tanaguru.rules.accessiweb21.Aw21Rule13161','http://www.tanaguru.org/en/content/aw21-rule-13-16-1',132,NULL,3,NULL,1,TRUE),(299,'Aw21-13162','http://www.braillenet.org/accessibilite/referentiel-aw21/liste-deploye.php#consultation','13.16.2',2131602,1.0,'accessiweb2.1','org.opens.tanaguru.rules.accessiweb21.Aw21Rule13162','http://www.tanaguru.org/en/content/aw21-rule-13-16-2',132,NULL,3,NULL,1,TRUE),(300,'Aw21-13163','http://www.braillenet.org/accessibilite/referentiel-aw21/liste-deploye.php#consultation','13.16.3',2131603,1.0,'accessiweb2.1','org.opens.tanaguru.rules.accessiweb21.Aw21Rule13163','http://www.tanaguru.org/en/content/aw21-rule-13-16-3',132,NULL,3,NULL,1,TRUE),(301,'Aw21-13164','http://www.braillenet.org/accessibilite/referentiel-aw21/liste-deploye.php#consultation','13.16.4',2131604,1.0,'accessiweb2.1','org.opens.tanaguru.rules.accessiweb21.Aw21Rule13164','http://www.tanaguru.org/en/content/aw21-rule-13-16-4',132,NULL,3,NULL,1,TRUE),(302,'Aw21-13171','http://www.braillenet.org/accessibilite/referentiel-aw21/liste-deploye.php#consultation','13.17.1',2131701,1.0,'accessiweb2.1','org.opens.tanaguru.rules.accessiweb21.Aw21Rule13171','http://www.tanaguru.org/en/content/aw21-rule-13-17-1',133,NULL,1,NULL,1,TRUE),(303,'Aw21-13172','http://www.braillenet.org/accessibilite/referentiel-aw21/liste-deploye.php#consultation','13.17.2',2131702,1.0,'accessiweb2.1','org.opens.tanaguru.rules.accessiweb21.Aw21Rule13172','http://www.tanaguru.org/en/content/aw21-rule-13-17-2',133,NULL,1,NULL,1,TRUE),(304,'Aw21-09014','http://www.braillenet.org/accessibilite/referentiel-aw21/liste-deploye.php#structure','9.1.4',2090104,1.0,'accessiweb2.1','org.opens.tanaguru.rules.accessiweb21.Aw21Rule09014','http://www.tanaguru.org/en/content/aw21-rule-9-1-4',68,NULL,1,NULL,1,TRUE),(305,'Aw21-13015','http://www.braillenet.org/accessibilite/referentiel-aw21/liste-deploye.php#consultation','13.1.5',2130105,1.0,'accessiweb2.1','org.opens.tanaguru.rules.accessiweb21.Aw21Rule13015','http://www.tanaguru.org/en/content/aw21-rule-13-1-5',117,NULL,1,NULL,1,TRUE),(501,'AW22-01011','http://www.accessiweb.org/index.php/accessiweb_2.2_liste_generale.html#images','1.1.1',3010101,1.0,'accessiweb2.2','org.opens.tanaguru.rules.accessiweb22.Aw22Rule01011','http://www.tanaguru.org/en/content/aw22-rule-1-1-1',201,NULL,1,NULL,1,FALSE),(502,'AW22-01012','http://www.accessiweb.org/index.php/accessiweb_2.2_liste_generale.html#images','1.1.2',3010102,1.0,'accessiweb2.2','org.opens.tanaguru.rules.accessiweb22.Aw22Rule01012','http://www.tanaguru.org/en/content/aw22-rule-1-1-2',201,NULL,1,NULL,1,FALSE),(503,'AW22-01013','http://www.accessiweb.org/index.php/accessiweb_2.2_liste_generale.html#images','1.1.3',3010103,1.0,'accessiweb2.2','org.opens.tanaguru.rules.accessiweb22.Aw22Rule01013','http://www.tanaguru.org/en/content/aw22-rule-1-1-3',201,NULL,1,NULL,1,FALSE),(504,'AW22-01014','http://www.accessiweb.org/index.php/accessiweb_2.2_liste_generale.html#images','1.1.4',3010104,1.0,'accessiweb2.2','org.opens.tanaguru.rules.accessiweb22.Aw22Rule01014','http://www.tanaguru.org/en/content/aw22-rule-1-1-4',201,NULL,1,NULL,1,FALSE),(505,'AW22-01021','http://www.accessiweb.org/index.php/accessiweb_2.2_liste_generale.html#images','1.2.1',3010201,1.0,'accessiweb2.2','org.opens.tanaguru.rules.accessiweb22.Aw22Rule01021','http://www.tanaguru.org/en/content/aw22-rule-1-2-1',202,NULL,1,NULL,1,FALSE),(506,'AW22-01022','http://www.accessiweb.org/index.php/accessiweb_2.2_liste_generale.html#images','1.2.2',3010202,1.0,'accessiweb2.2','org.opens.tanaguru.rules.accessiweb22.Aw22Rule01022','http://www.tanaguru.org/en/content/aw22-rule-1-2-2',202,NULL,1,NULL,1,FALSE),(507,'AW22-01023','http://www.accessiweb.org/index.php/accessiweb_2.2_liste_generale.html#images','1.2.3',3010203,1.0,'accessiweb2.2','org.opens.tanaguru.rules.accessiweb22.Aw22Rule01023','http://www.tanaguru.org/en/content/aw22-rule-1-2-3',202,NULL,1,NULL,1,FALSE),(508,'AW22-01024','http://www.accessiweb.org/index.php/accessiweb_2.2_liste_generale.html#images','1.2.4',3010204,1.0,'accessiweb2.2','org.opens.tanaguru.rules.accessiweb22.Aw22Rule01024','http://www.tanaguru.org/en/content/aw22-rule-1-2-4',202,NULL,1,NULL,1,FALSE),(509,'AW22-01025','http://www.accessiweb.org/index.php/accessiweb_2.2_liste_generale.html#images','1.2.5',3010205,1.0,'accessiweb2.2','org.opens.tanaguru.rules.accessiweb22.Aw22Rule01025','http://www.tanaguru.org/en/content/aw22-rule-1-2-5',202,NULL,1,NULL,1,FALSE),(510,'AW22-01031','http://www.accessiweb.org/index.php/accessiweb_2.2_liste_generale.html#images','1.3.1',3010301,1.0,'accessiweb2.2','org.opens.tanaguru.rules.accessiweb22.Aw22Rule01031','http://www.tanaguru.org/en/content/aw22-rule-1-3-1',203,NULL,1,NULL,1,FALSE),(511,'AW22-01032','http://www.accessiweb.org/index.php/accessiweb_2.2_liste_generale.html#images','1.3.2',3010302,1.0,'accessiweb2.2','org.opens.tanaguru.rules.accessiweb22.Aw22Rule01032','http://www.tanaguru.org/en/content/aw22-rule-1-3-2',203,NULL,1,NULL,1,FALSE),(512,'AW22-01033','http://www.accessiweb.org/index.php/accessiweb_2.2_liste_generale.html#images','1.3.3',3010303,1.0,'accessiweb2.2','org.opens.tanaguru.rules.accessiweb22.Aw22Rule01033','http://www.tanaguru.org/en/content/aw22-rule-1-3-3',203,NULL,1,NULL,1,FALSE),(513,'AW22-01034','http://www.accessiweb.org/index.php/accessiweb_2.2_liste_generale.html#images','1.3.4',3010304,1.0,'accessiweb2.2','org.opens.tanaguru.rules.accessiweb22.Aw22Rule01034','http://www.tanaguru.org/en/content/aw22-rule-1-3-4',203,NULL,1,NULL,1,FALSE),(514,'AW22-01035','http://www.accessiweb.org/index.php/accessiweb_2.2_liste_generale.html#images','1.3.5',3010305,1.0,'accessiweb2.2','org.opens.tanaguru.rules.accessiweb22.Aw22Rule01035','http://www.tanaguru.org/en/content/aw22-rule-1-3-5',203,NULL,1,NULL,1,FALSE),(515,'AW22-01036','http://www.accessiweb.org/index.php/accessiweb_2.2_liste_generale.html#images','1.3.6',3010306,1.0,'accessiweb2.2','org.opens.tanaguru.rules.accessiweb22.Aw22Rule01036','http://www.tanaguru.org/en/content/aw22-rule-1-3-6',203,NULL,1,NULL,1,FALSE),(516,'AW22-01037','http://www.accessiweb.org/index.php/accessiweb_2.2_liste_generale.html#images','1.3.7',3010307,1.0,'accessiweb2.2','org.opens.tanaguru.rules.accessiweb22.Aw22Rule01037','http://www.tanaguru.org/en/content/aw22-rule-1-3-7',203,NULL,1,NULL,1,TRUE),(517,'AW22-01041','http://www.accessiweb.org/index.php/accessiweb_2.2_liste_generale.html#images','1.4.1',3010401,1.0,'accessiweb2.2','org.opens.tanaguru.rules.accessiweb22.Aw22Rule01041','http://www.tanaguru.org/en/content/aw22-rule-1-4-1',204,NULL,1,NULL,1,FALSE),(518,'AW22-01042','http://www.accessiweb.org/index.php/accessiweb_2.2_liste_generale.html#images','1.4.2',3010402,1.0,'accessiweb2.2','org.opens.tanaguru.rules.accessiweb22.Aw22Rule01042','http://www.tanaguru.org/en/content/aw22-rule-1-4-2',204,NULL,1,NULL,1,FALSE),(519,'AW22-01043','http://www.accessiweb.org/index.php/accessiweb_2.2_liste_generale.html#images','1.4.3',3010403,1.0,'accessiweb2.2','org.opens.tanaguru.rules.accessiweb22.Aw22Rule01043','http://www.tanaguru.org/en/content/aw22-rule-1-4-3',204,NULL,1,NULL,1,FALSE),(520,'AW22-01044','http://www.accessiweb.org/index.php/accessiweb_2.2_liste_generale.html#images','1.4.4',3010404,1.0,'accessiweb2.2','org.opens.tanaguru.rules.accessiweb22.Aw22Rule01044','http://www.tanaguru.org/en/content/aw22-rule-1-4-4',204,NULL,1,NULL,1,FALSE),(521,'AW22-01045','http://www.accessiweb.org/index.php/accessiweb_2.2_liste_generale.html#images','1.4.5',3010405,1.0,'accessiweb2.2','org.opens.tanaguru.rules.accessiweb22.Aw22Rule01045','http://www.tanaguru.org/en/content/aw22-rule-1-4-5',204,NULL,1,NULL,1,FALSE),(522,'AW22-01046','http://www.accessiweb.org/index.php/accessiweb_2.2_liste_generale.html#images','1.4.6',3010406,1.0,'accessiweb2.2','org.opens.tanaguru.rules.accessiweb22.Aw22Rule01046','http://www.tanaguru.org/en/content/aw22-rule-1-4-6',204,NULL,1,NULL,1,FALSE),(523,'AW22-01051','http://www.accessiweb.org/index.php/accessiweb_2.2_liste_generale.html#images','1.5.1',3010501,1.0,'accessiweb2.2','org.opens.tanaguru.rules.accessiweb22.Aw22Rule01051','http://www.tanaguru.org/en/content/aw22-rule-1-5-1',205,NULL,1,NULL,1,FALSE),(524,'AW22-01052','http://www.accessiweb.org/index.php/accessiweb_2.2_liste_generale.html#images','1.5.2',3010502,1.0,'accessiweb2.2','org.opens.tanaguru.rules.accessiweb22.Aw22Rule01052','http://www.tanaguru.org/en/content/aw22-rule-1-5-2',205,NULL,1,NULL,1,FALSE),(525,'AW22-01061','http://www.accessiweb.org/index.php/accessiweb_2.2_liste_generale.html#images','1.6.1',3010601,1.0,'accessiweb2.2','org.opens.tanaguru.rules.accessiweb22.Aw22Rule01061','http://www.tanaguru.org/en/content/aw22-rule-1-6-1',206,NULL,1,NULL,1,FALSE),(526,'AW22-01062','http://www.accessiweb.org/index.php/accessiweb_2.2_liste_generale.html#images','1.6.2',3010602,1.0,'accessiweb2.2','org.opens.tanaguru.rules.accessiweb22.Aw22Rule01062','http://www.tanaguru.org/en/content/aw22-rule-1-6-2',206,NULL,1,NULL,1,FALSE),(527,'AW22-01063','http://www.accessiweb.org/index.php/accessiweb_2.2_liste_generale.html#images','1.6.3',3010603,1.0,'accessiweb2.2','org.opens.tanaguru.rules.accessiweb22.Aw22Rule01063','http://www.tanaguru.org/en/content/aw22-rule-1-6-3',206,NULL,1,NULL,1,FALSE),(528,'AW22-01064','http://www.accessiweb.org/index.php/accessiweb_2.2_liste_generale.html#images','1.6.4',3010604,1.0,'accessiweb2.2','org.opens.tanaguru.rules.accessiweb22.Aw22Rule01064','http://www.tanaguru.org/en/content/aw22-rule-1-6-4',206,NULL,1,NULL,1,FALSE),(529,'AW22-01065','http://www.accessiweb.org/index.php/accessiweb_2.2_liste_generale.html#images','1.6.5',3010605,1.0,'accessiweb2.2','org.opens.tanaguru.rules.accessiweb22.Aw22Rule01065','http://www.tanaguru.org/en/content/aw22-rule-1-6-5',206,NULL,1,NULL,1,FALSE),(530,'AW22-01071','http://www.accessiweb.org/index.php/accessiweb_2.2_liste_generale.html#images','1.7.1',3010701,1.0,'accessiweb2.2','org.opens.tanaguru.rules.accessiweb22.Aw22Rule01071','http://www.tanaguru.org/en/content/aw22-rule-1-7-1',207,NULL,1,NULL,1,FALSE),(531,'AW22-01072','http://www.accessiweb.org/index.php/accessiweb_2.2_liste_generale.html#images','1.7.2',3010702,1.0,'accessiweb2.2','org.opens.tanaguru.rules.accessiweb22.Aw22Rule01072','http://www.tanaguru.org/en/content/aw22-rule-1-7-2',207,NULL,1,NULL,1,FALSE),(532,'AW22-01073','http://www.accessiweb.org/index.php/accessiweb_2.2_liste_generale.html#images','1.7.3',3010703,1.0,'accessiweb2.2','org.opens.tanaguru.rules.accessiweb22.Aw22Rule01073','http://www.tanaguru.org/en/content/aw22-rule-1-7-3',207,NULL,1,NULL,1,FALSE),(533,'AW22-01074','http://www.accessiweb.org/index.php/accessiweb_2.2_liste_generale.html#images','1.7.4',3010704,1.0,'accessiweb2.2','org.opens.tanaguru.rules.accessiweb22.Aw22Rule01074','http://www.tanaguru.org/en/content/aw22-rule-1-7-4',207,NULL,1,NULL,1,FALSE),(534,'AW22-01081','http://www.accessiweb.org/index.php/accessiweb_2.2_liste_generale.html#images','1.8.1',3010801,1.0,'accessiweb2.2','org.opens.tanaguru.rules.accessiweb22.Aw22Rule01081','http://www.tanaguru.org/en/content/aw22-rule-1-8-1',208,NULL,2,NULL,1,FALSE),(535,'AW22-01082','http://www.accessiweb.org/index.php/accessiweb_2.2_liste_generale.html#images','1.8.2',3010802,1.0,'accessiweb2.2','org.opens.tanaguru.rules.accessiweb22.Aw22Rule01082','http://www.tanaguru.org/en/content/aw22-rule-1-8-2',208,NULL,2,NULL,1,FALSE),(536,'AW22-01083','http://www.accessiweb.org/index.php/accessiweb_2.2_liste_generale.html#images','1.8.3',3010803,1.0,'accessiweb2.2','org.opens.tanaguru.rules.accessiweb22.Aw22Rule01083','http://www.tanaguru.org/en/content/aw22-rule-1-8-3',208,NULL,2,NULL,1,FALSE),(537,'AW22-01084','http://www.accessiweb.org/index.php/accessiweb_2.2_liste_generale.html#images','1.8.4',3010804,1.0,'accessiweb2.2','org.opens.tanaguru.rules.accessiweb22.Aw22Rule01084','http://www.tanaguru.org/en/content/aw22-rule-1-8-4',208,NULL,2,NULL,1,FALSE),(538,'AW22-01085','http://www.accessiweb.org/index.php/accessiweb_2.2_liste_generale.html#images','1.8.5',3010805,1.0,'accessiweb2.2','org.opens.tanaguru.rules.accessiweb22.Aw22Rule01085','http://www.tanaguru.org/en/content/aw22-rule-1-8-5',208,NULL,2,NULL,1,FALSE),(539,'AW22-01086','http://www.accessiweb.org/index.php/accessiweb_2.2_liste_generale.html#images','1.8.6',3010806,1.0,'accessiweb2.2','org.opens.tanaguru.rules.accessiweb22.Aw22Rule01086','http://www.tanaguru.org/en/content/aw22-rule-1-8-6',208,NULL,2,NULL,1,FALSE),(540,'AW22-01091','http://www.accessiweb.org/index.php/accessiweb_2.2_liste_generale.html#images','1.9.1',3010901,1.0,'accessiweb2.2','org.opens.tanaguru.rules.accessiweb22.Aw22Rule01091','http://www.tanaguru.org/en/content/aw22-rule-1-9-1',209,NULL,3,NULL,1,FALSE),(541,'AW22-01092','http://www.accessiweb.org/index.php/accessiweb_2.2_liste_generale.html#images','1.9.2',3010902,1.0,'accessiweb2.2','org.opens.tanaguru.rules.accessiweb22.Aw22Rule01092','http://www.tanaguru.org/en/content/aw22-rule-1-9-2',209,NULL,3,NULL,1,FALSE),(542,'AW22-01093','http://www.accessiweb.org/index.php/accessiweb_2.2_liste_generale.html#images','1.9.3',3010903,1.0,'accessiweb2.2','org.opens.tanaguru.rules.accessiweb22.Aw22Rule01093','http://www.tanaguru.org/en/content/aw22-rule-1-9-3',209,NULL,3,NULL,1,FALSE),(543,'AW22-01094','http://www.accessiweb.org/index.php/accessiweb_2.2_liste_generale.html#images','1.9.4',3010904,1.0,'accessiweb2.2','org.opens.tanaguru.rules.accessiweb22.Aw22Rule01094','http://www.tanaguru.org/en/content/aw22-rule-1-9-4',209,NULL,3,NULL,1,FALSE),(544,'AW22-01095','http://www.accessiweb.org/index.php/accessiweb_2.2_liste_generale.html#images','1.9.5',3010905,1.0,'accessiweb2.2','org.opens.tanaguru.rules.accessiweb22.Aw22Rule01095','http://www.tanaguru.org/en/content/aw22-rule-1-9-5',209,NULL,3,NULL,1,FALSE),(545,'AW22-01096','http://www.accessiweb.org/index.php/accessiweb_2.2_liste_generale.html#images','1.9.6',3010906,1.0,'accessiweb2.2','org.opens.tanaguru.rules.accessiweb22.Aw22Rule01096','http://www.tanaguru.org/en/content/aw22-rule-1-9-6',209,NULL,3,NULL,1,FALSE),(546,'AW22-02011','http://www.accessiweb.org/index.php/accessiweb_2.2_liste_generale.html#cadres','2.1.1',3020101,1.0,'accessiweb2.2','org.opens.tanaguru.rules.accessiweb22.Aw22Rule02011','http://www.tanaguru.org/en/content/aw22-rule-2-1-1',210,NULL,1,NULL,1,FALSE),(547,'AW22-02012','http://www.accessiweb.org/index.php/accessiweb_2.2_liste_generale.html#cadres','2.1.2',3020102,1.0,'accessiweb2.2','org.opens.tanaguru.rules.accessiweb22.Aw22Rule02012','http://www.tanaguru.org/en/content/aw22-rule-2-1-2',210,NULL,1,NULL,1,FALSE),(548,'AW22-02021','http://www.accessiweb.org/index.php/accessiweb_2.2_liste_generale.html#cadres','2.2.1',3020201,1.0,'accessiweb2.2','org.opens.tanaguru.rules.accessiweb22.Aw22Rule02021','http://www.tanaguru.org/en/content/aw22-rule-2-2-1',211,NULL,1,NULL,1,FALSE),(549,'AW22-02022','http://www.accessiweb.org/index.php/accessiweb_2.2_liste_generale.html#cadres','2.2.2',3020202,1.0,'accessiweb2.2','org.opens.tanaguru.rules.accessiweb22.Aw22Rule02022','http://www.tanaguru.org/en/content/aw22-rule-2-2-2',211,NULL,1,NULL,1,FALSE),(550,'AW22-03011','http://www.accessiweb.org/index.php/accessiweb_2.2_liste_generale.html#couleurs','3.1.1',3030101,1.0,'accessiweb2.2','org.opens.tanaguru.rules.accessiweb22.Aw22Rule03011','http://www.tanaguru.org/en/content/aw22-rule-3-1-1',212,NULL,1,NULL,1,TRUE),(551,'AW22-03012','http://www.accessiweb.org/index.php/accessiweb_2.2_liste_generale.html#couleurs','3.1.2',3030102,1.0,'accessiweb2.2','org.opens.tanaguru.rules.accessiweb22.Aw22Rule03012','http://www.tanaguru.org/en/content/aw22-rule-3-1-2',212,NULL,1,NULL,1,TRUE),(552,'AW22-03013','http://www.accessiweb.org/index.php/accessiweb_2.2_liste_generale.html#couleurs','3.1.3',3030103,1.0,'accessiweb2.2','org.opens.tanaguru.rules.accessiweb22.Aw22Rule03013','http://www.tanaguru.org/en/content/aw22-rule-3-1-3',212,NULL,1,NULL,1,TRUE),(553,'AW22-03014','http://www.accessiweb.org/index.php/accessiweb_2.2_liste_generale.html#couleurs','3.1.4',3030104,1.0,'accessiweb2.2','org.opens.tanaguru.rules.accessiweb22.Aw22Rule03014','http://www.tanaguru.org/en/content/aw22-rule-3-1-4',212,NULL,1,NULL,1,TRUE),(554,'AW22-03015','http://www.accessiweb.org/index.php/accessiweb_2.2_liste_generale.html#couleurs','3.1.5',3030105,1.0,'accessiweb2.2','org.opens.tanaguru.rules.accessiweb22.Aw22Rule03015','http://www.tanaguru.org/en/content/aw22-rule-3-1-5',212,NULL,1,NULL,1,TRUE),(555,'AW22-03016','http://www.accessiweb.org/index.php/accessiweb_2.2_liste_generale.html#couleurs','3.1.6',3030106,1.0,'accessiweb2.2','org.opens.tanaguru.rules.accessiweb22.Aw22Rule03016','http://www.tanaguru.org/en/content/aw22-rule-3-1-6',212,NULL,1,NULL,1,TRUE),(556,'AW22-03021','http://www.accessiweb.org/index.php/accessiweb_2.2_liste_generale.html#couleurs','3.2.1',3030201,1.0,'accessiweb2.2','org.opens.tanaguru.rules.accessiweb22.Aw22Rule03021','http://www.tanaguru.org/en/content/aw22-rule-3-2-1',213,NULL,1,NULL,1,TRUE),(557,'AW22-03022','http://www.accessiweb.org/index.php/accessiweb_2.2_liste_generale.html#couleurs','3.2.2',3030202,1.0,'accessiweb2.2','org.opens.tanaguru.rules.accessiweb22.Aw22Rule03022','http://www.tanaguru.org/en/content/aw22-rule-3-2-2',213,NULL,1,NULL,1,TRUE),(558,'AW22-03023','http://www.accessiweb.org/index.php/accessiweb_2.2_liste_generale.html#couleurs','3.2.3',3030203,1.0,'accessiweb2.2','org.opens.tanaguru.rules.accessiweb22.Aw22Rule03023','http://www.tanaguru.org/en/content/aw22-rule-3-2-3',213,NULL,1,NULL,1,TRUE),(559,'AW22-03024','http://www.accessiweb.org/index.php/accessiweb_2.2_liste_generale.html#couleurs','3.2.4',3030204,1.0,'accessiweb2.2','org.opens.tanaguru.rules.accessiweb22.Aw22Rule03024','http://www.tanaguru.org/en/content/aw22-rule-3-2-4',213,NULL,1,NULL,1,TRUE),(560,'AW22-03025','http://www.accessiweb.org/index.php/accessiweb_2.2_liste_generale.html#couleurs','3.2.5',3030205,1.0,'accessiweb2.2','org.opens.tanaguru.rules.accessiweb22.Aw22Rule03025','http://www.tanaguru.org/en/content/aw22-rule-3-2-5',213,NULL,1,NULL,1,TRUE),(561,'AW22-03026','http://www.accessiweb.org/index.php/accessiweb_2.2_liste_generale.html#couleurs','3.2.6',3030206,1.0,'accessiweb2.2','org.opens.tanaguru.rules.accessiweb22.Aw22Rule03026','http://www.tanaguru.org/en/content/aw22-rule-3-2-6',213,NULL,1,NULL,1,TRUE),(562,'AW22-03031','http://www.accessiweb.org/index.php/accessiweb_2.2_liste_generale.html#couleurs','3.3.1',3030301,1.0,'accessiweb2.2','org.opens.tanaguru.rules.accessiweb22.Aw22Rule03031','http://www.tanaguru.org/en/content/aw22-rule-3-3-1',214,NULL,2,NULL,1,FALSE),(563,'AW22-03032','http://www.accessiweb.org/index.php/accessiweb_2.2_liste_generale.html#couleurs','3.3.2',3030302,1.0,'accessiweb2.2','org.opens.tanaguru.rules.accessiweb22.Aw22Rule03032','http://www.tanaguru.org/en/content/aw22-rule-3-3-2',214,NULL,2,NULL,1,FALSE),(564,'AW22-03033','http://www.accessiweb.org/index.php/accessiweb_2.2_liste_generale.html#couleurs','3.3.3',3030303,1.0,'accessiweb2.2','org.opens.tanaguru.rules.accessiweb22.Aw22Rule03033','http://www.tanaguru.org/en/content/aw22-rule-3-3-3',214,NULL,2,NULL,1,FALSE),(565,'AW22-03034','http://www.accessiweb.org/index.php/accessiweb_2.2_liste_generale.html#couleurs','3.3.4',3030304,1.0,'accessiweb2.2','org.opens.tanaguru.rules.accessiweb22.Aw22Rule03034','http://www.tanaguru.org/en/content/aw22-rule-3-3-4',214,NULL,2,NULL,1,FALSE),(566,'AW22-03041','http://www.accessiweb.org/index.php/accessiweb_2.2_liste_generale.html#couleurs','3.4.1',3030401,1.0,'accessiweb2.2','org.opens.tanaguru.rules.accessiweb22.Aw22Rule03041','http://www.tanaguru.org/en/content/aw22-rule-3-4-1',215,NULL,3,NULL,1,FALSE),(567,'AW22-03042','http://www.accessiweb.org/index.php/accessiweb_2.2_liste_generale.html#couleurs','3.4.2',3030402,1.0,'accessiweb2.2','org.opens.tanaguru.rules.accessiweb22.Aw22Rule03042','http://www.tanaguru.org/en/content/aw22-rule-3-4-2',215,NULL,3,NULL,1,FALSE),(568,'AW22-03043','http://www.accessiweb.org/index.php/accessiweb_2.2_liste_generale.html#couleurs','3.4.3',3030403,1.0,'accessiweb2.2','org.opens.tanaguru.rules.accessiweb22.Aw22Rule03043','http://www.tanaguru.org/en/content/aw22-rule-3-4-3',215,NULL,3,NULL,1,FALSE),(569,'AW22-03044','http://www.accessiweb.org/index.php/accessiweb_2.2_liste_generale.html#couleurs','3.4.4',3030404,1.0,'accessiweb2.2','org.opens.tanaguru.rules.accessiweb22.Aw22Rule03044','http://www.tanaguru.org/en/content/aw22-rule-3-4-4',215,NULL,3,NULL,1,FALSE),(570,'AW22-04011','http://www.accessiweb.org/index.php/accessiweb_2.2_liste_generale.html#multimedia','4.1.1',3040101,1.0,'accessiweb2.2','org.opens.tanaguru.rules.accessiweb22.Aw22Rule04011','http://www.tanaguru.org/en/content/aw22-rule-4-1-1',216,NULL,1,NULL,1,TRUE),(571,'AW22-04012','http://www.accessiweb.org/index.php/accessiweb_2.2_liste_generale.html#multimedia','4.1.2',3040102,1.0,'accessiweb2.2','org.opens.tanaguru.rules.accessiweb22.Aw22Rule04012','http://www.tanaguru.org/en/content/aw22-rule-4-1-2',216,NULL,1,NULL,1,TRUE),(572,'AW22-04013','http://www.accessiweb.org/index.php/accessiweb_2.2_liste_generale.html#multimedia','4.1.3',3040103,1.0,'accessiweb2.2','org.opens.tanaguru.rules.accessiweb22.Aw22Rule04013','http://www.tanaguru.org/en/content/aw22-rule-4-1-3',216,NULL,1,NULL,1,TRUE),(573,'AW22-04014','http://www.accessiweb.org/index.php/accessiweb_2.2_liste_generale.html#multimedia','4.1.4',3040104,1.0,'accessiweb2.2','org.opens.tanaguru.rules.accessiweb22.Aw22Rule04014','http://www.tanaguru.org/en/content/aw22-rule-4-1-4',216,NULL,1,NULL,1,FALSE),(574,'AW22-04021','http://www.accessiweb.org/index.php/accessiweb_2.2_liste_generale.html#multimedia','4.2.1',3040201,1.0,'accessiweb2.2','org.opens.tanaguru.rules.accessiweb22.Aw22Rule04021','http://www.tanaguru.org/en/content/aw22-rule-4-2-1',217,NULL,1,NULL,1,TRUE),(575,'AW22-04022','http://www.accessiweb.org/index.php/accessiweb_2.2_liste_generale.html#multimedia','4.2.2',3040202,1.0,'accessiweb2.2','org.opens.tanaguru.rules.accessiweb22.Aw22Rule04022','http://www.tanaguru.org/en/content/aw22-rule-4-2-2',217,NULL,1,NULL,1,TRUE),(576,'AW22-04023','http://www.accessiweb.org/index.php/accessiweb_2.2_liste_generale.html#multimedia','4.2.3',3040203,1.0,'accessiweb2.2','org.opens.tanaguru.rules.accessiweb22.Aw22Rule04023','http://www.tanaguru.org/en/content/aw22-rule-4-2-3',217,NULL,1,NULL,1,TRUE),(577,'AW22-04031','http://www.accessiweb.org/index.php/accessiweb_2.2_liste_generale.html#multimedia','4.3.1',3040301,1.0,'accessiweb2.2','org.opens.tanaguru.rules.accessiweb22.Aw22Rule04031','http://www.tanaguru.org/en/content/aw22-rule-4-3-1',218,NULL,1,NULL,1,TRUE),(578,'AW22-04041','http://www.accessiweb.org/index.php/accessiweb_2.2_liste_generale.html#multimedia','4.4.1',3040401,1.0,'accessiweb2.2','org.opens.tanaguru.rules.accessiweb22.Aw22Rule04041','http://www.tanaguru.org/en/content/aw22-rule-4-4-1',219,NULL,1,NULL,1,TRUE),(579,'AW22-04051','http://www.accessiweb.org/index.php/accessiweb_2.2_liste_generale.html#multimedia','4.5.1',3040501,1.0,'accessiweb2.2','org.opens.tanaguru.rules.accessiweb22.Aw22Rule04051','http://www.tanaguru.org/en/content/aw22-rule-4-5-1',220,NULL,1,NULL,1,TRUE),(580,'AW22-04052','http://www.accessiweb.org/index.php/accessiweb_2.2_liste_generale.html#multimedia','4.5.2',3040502,1.0,'accessiweb2.2','org.opens.tanaguru.rules.accessiweb22.Aw22Rule04052','http://www.tanaguru.org/en/content/aw22-rule-4-5-2',220,NULL,1,NULL,1,TRUE),(581,'AW22-04053','http://www.accessiweb.org/index.php/accessiweb_2.2_liste_generale.html#multimedia','4.5.3',3040503,1.0,'accessiweb2.2','org.opens.tanaguru.rules.accessiweb22.Aw22Rule04053','http://www.tanaguru.org/en/content/aw22-rule-4-5-3',220,NULL,1,NULL,1,FALSE),(582,'AW22-04061','http://www.accessiweb.org/index.php/accessiweb_2.2_liste_generale.html#multimedia','4.6.1',3040601,1.0,'accessiweb2.2','org.opens.tanaguru.rules.accessiweb22.Aw22Rule04061','http://www.tanaguru.org/en/content/aw22-rule-4-6-1',221,NULL,2,NULL,1,TRUE),(583,'AW22-04062','http://www.accessiweb.org/index.php/accessiweb_2.2_liste_generale.html#multimedia','4.6.2',3040602,1.0,'accessiweb2.2','org.opens.tanaguru.rules.accessiweb22.Aw22Rule04062','http://www.tanaguru.org/en/content/aw22-rule-4-6-2',221,NULL,2,NULL,1,TRUE),(584,'AW22-04071','http://www.accessiweb.org/index.php/accessiweb_2.2_liste_generale.html#multimedia','4.7.1',3040701,1.0,'accessiweb2.2','org.opens.tanaguru.rules.accessiweb22.Aw22Rule04071','http://www.tanaguru.org/en/content/aw22-rule-4-7-1',222,NULL,2,NULL,1,TRUE),(585,'AW22-04072','http://www.accessiweb.org/index.php/accessiweb_2.2_liste_generale.html#multimedia','4.7.2',3040702,1.0,'accessiweb2.2','org.opens.tanaguru.rules.accessiweb22.Aw22Rule04072','http://www.tanaguru.org/en/content/aw22-rule-4-7-2',222,NULL,2,NULL,1,TRUE),(586,'AW22-04081','http://www.accessiweb.org/index.php/accessiweb_2.2_liste_generale.html#multimedia','4.8.1',3040801,1.0,'accessiweb2.2','org.opens.tanaguru.rules.accessiweb22.Aw22Rule04081','http://www.tanaguru.org/en/content/aw22-rule-4-8-1',223,NULL,2,NULL,1,TRUE),(587,'AW22-04082','http://www.accessiweb.org/index.php/accessiweb_2.2_liste_generale.html#multimedia','4.8.2',3040802,1.0,'accessiweb2.2','org.opens.tanaguru.rules.accessiweb22.Aw22Rule04082','http://www.tanaguru.org/en/content/aw22-rule-4-8-2',223,NULL,2,NULL,1,TRUE),(588,'AW22-04091','http://www.accessiweb.org/index.php/accessiweb_2.2_liste_generale.html#multimedia','4.9.1',3040901,1.0,'accessiweb2.2','org.opens.tanaguru.rules.accessiweb22.Aw22Rule04091','http://www.tanaguru.org/en/content/aw22-rule-4-9-1',224,NULL,3,NULL,1,TRUE),(589,'AW22-04092','http://www.accessiweb.org/index.php/accessiweb_2.2_liste_generale.html#multimedia','4.9.2',3040902,1.0,'accessiweb2.2','org.opens.tanaguru.rules.accessiweb22.Aw22Rule04092','http://www.tanaguru.org/en/content/aw22-rule-4-9-2',224,NULL,3,NULL,1,TRUE),(590,'AW22-04101','http://www.accessiweb.org/index.php/accessiweb_2.2_liste_generale.html#multimedia','4.10.1',3041001,1.0,'accessiweb2.2','org.opens.tanaguru.rules.accessiweb22.Aw22Rule04101','http://www.tanaguru.org/en/content/aw22-rule-4-10-1',225,NULL,3,NULL,1,TRUE),(591,'AW22-04102','http://www.accessiweb.org/index.php/accessiweb_2.2_liste_generale.html#multimedia','4.10.2',3041002,1.0,'accessiweb2.2','org.opens.tanaguru.rules.accessiweb22.Aw22Rule04102','http://www.tanaguru.org/en/content/aw22-rule-4-10-2',225,NULL,3,NULL,1,TRUE),(592,'AW22-04111','http://www.accessiweb.org/index.php/accessiweb_2.2_liste_generale.html#multimedia','4.11.1',3041101,1.0,'accessiweb2.2','org.opens.tanaguru.rules.accessiweb22.Aw22Rule04111','http://www.tanaguru.org/en/content/aw22-rule-4-11-1',226,NULL,3,NULL,1,TRUE),(593,'AW22-04112','http://www.accessiweb.org/index.php/accessiweb_2.2_liste_generale.html#multimedia','4.11.2',3041102,1.0,'accessiweb2.2','org.opens.tanaguru.rules.accessiweb22.Aw22Rule04112','http://www.tanaguru.org/en/content/aw22-rule-4-11-2',226,NULL,3,NULL,1,TRUE),(594,'AW22-04121','http://www.accessiweb.org/index.php/accessiweb_2.2_liste_generale.html#multimedia','4.12.1',3041201,1.0,'accessiweb2.2','org.opens.tanaguru.rules.accessiweb22.Aw22Rule04121','http://www.tanaguru.org/en/content/aw22-rule-4-12-1',227,NULL,3,NULL,1,TRUE),(595,'AW22-04122','http://www.accessiweb.org/index.php/accessiweb_2.2_liste_generale.html#multimedia','4.12.2',3041202,1.0,'accessiweb2.2','org.opens.tanaguru.rules.accessiweb22.Aw22Rule04122','http://www.tanaguru.org/en/content/aw22-rule-4-12-2',227,NULL,3,NULL,1,TRUE),(596,'AW22-04131','http://www.accessiweb.org/index.php/accessiweb_2.2_liste_generale.html#multimedia','4.13.1',3041301,1.0,'accessiweb2.2','org.opens.tanaguru.rules.accessiweb22.Aw22Rule04131','http://www.tanaguru.org/en/content/aw22-rule-4-13-1',228,NULL,3,NULL,1,TRUE),(597,'AW22-04132','http://www.accessiweb.org/index.php/accessiweb_2.2_liste_generale.html#multimedia','4.13.2',3041302,1.0,'accessiweb2.2','org.opens.tanaguru.rules.accessiweb22.Aw22Rule04132','http://www.tanaguru.org/en/content/aw22-rule-4-13-2',228,NULL,3,NULL,1,TRUE),(598,'AW22-04133','http://www.accessiweb.org/index.php/accessiweb_2.2_liste_generale.html#multimedia','4.13.3',3041303,1.0,'accessiweb2.2','org.opens.tanaguru.rules.accessiweb22.Aw22Rule04133','http://www.tanaguru.org/en/content/aw22-rule-4-13-3',228,NULL,3,NULL,1,FALSE),(599,'AW22-04141','http://www.accessiweb.org/index.php/accessiweb_2.2_liste_generale.html#multimedia','4.14.1',3041401,1.0,'accessiweb2.2','org.opens.tanaguru.rules.accessiweb22.Aw22Rule04141','http://www.tanaguru.org/en/content/aw22-rule-4-14-1',229,NULL,3,NULL,1,TRUE),(600,'AW22-04142','http://www.accessiweb.org/index.php/accessiweb_2.2_liste_generale.html#multimedia','4.14.2',3041402,1.0,'accessiweb2.2','org.opens.tanaguru.rules.accessiweb22.Aw22Rule04142','http://www.tanaguru.org/en/content/aw22-rule-4-14-2',229,NULL,3,NULL,1,TRUE),(601,'AW22-04151','http://www.accessiweb.org/index.php/accessiweb_2.2_liste_generale.html#multimedia','4.15.1',3041501,1.0,'accessiweb2.2','org.opens.tanaguru.rules.accessiweb22.Aw22Rule04151','http://www.tanaguru.org/en/content/aw22-rule-4-15-1',230,NULL,1,NULL,1,TRUE),(602,'AW22-04152','http://www.accessiweb.org/index.php/accessiweb_2.2_liste_generale.html#multimedia','4.15.2',3041502,1.0,'accessiweb2.2','org.opens.tanaguru.rules.accessiweb22.Aw22Rule04152','http://www.tanaguru.org/en/content/aw22-rule-4-15-2',230,NULL,1,NULL,1,TRUE),(603,'AW22-04161','http://www.accessiweb.org/index.php/accessiweb_2.2_liste_generale.html#multimedia','4.16.1',3041601,1.0,'accessiweb2.2','org.opens.tanaguru.rules.accessiweb22.Aw22Rule04161','http://www.tanaguru.org/en/content/aw22-rule-4-16-1',231,NULL,1,NULL,1,TRUE),(604,'AW22-04162','http://www.accessiweb.org/index.php/accessiweb_2.2_liste_generale.html#multimedia','4.16.2',3041602,1.0,'accessiweb2.2','org.opens.tanaguru.rules.accessiweb22.Aw22Rule04162','http://www.tanaguru.org/en/content/aw22-rule-4-16-2',231,NULL,1,NULL,1,TRUE),(605,'AW22-04171','http://www.accessiweb.org/index.php/accessiweb_2.2_liste_generale.html#multimedia','4.17.1',3041701,1.0,'accessiweb2.2','org.opens.tanaguru.rules.accessiweb22.Aw22Rule04171','http://www.tanaguru.org/en/content/aw22-rule-4-17-1',232,NULL,1,NULL,1,TRUE),(606,'AW22-04181','http://www.accessiweb.org/index.php/accessiweb_2.2_liste_generale.html#multimedia','4.18.1',3041801,1.0,'accessiweb2.2','org.opens.tanaguru.rules.accessiweb22.Aw22Rule04181','http://www.tanaguru.org/en/content/aw22-rule-4-18-1',233,NULL,1,NULL,1,FALSE),(607,'AW22-04191','http://www.accessiweb.org/index.php/accessiweb_2.2_liste_generale.html#multimedia','4.19.1',3041901,1.0,'accessiweb2.2','org.opens.tanaguru.rules.accessiweb22.Aw22Rule04191','http://www.tanaguru.org/en/content/aw22-rule-4-19-1',234,NULL,3,NULL,1,FALSE),(608,'AW22-04201','http://www.accessiweb.org/index.php/accessiweb_2.2_liste_generale.html#multimedia','4.20.1',3042001,1.0,'accessiweb2.2','org.opens.tanaguru.rules.accessiweb22.Aw22Rule04201','http://www.tanaguru.org/en/content/aw22-rule-4-20-1',235,NULL,1,NULL,1,TRUE),(609,'AW22-04202','http://www.accessiweb.org/index.php/accessiweb_2.2_liste_generale.html#multimedia','4.20.2',3042002,1.0,'accessiweb2.2','org.opens.tanaguru.rules.accessiweb22.Aw22Rule04202','http://www.tanaguru.org/en/content/aw22-rule-4-20-2',235,NULL,1,NULL,1,TRUE),(610,'AW22-04203','http://www.accessiweb.org/index.php/accessiweb_2.2_liste_generale.html#multimedia','4.20.3',3042003,1.0,'accessiweb2.2','org.opens.tanaguru.rules.accessiweb22.Aw22Rule04203','http://www.tanaguru.org/en/content/aw22-rule-4-20-3',235,NULL,1,NULL,1,TRUE),(611,'AW22-04211','http://www.accessiweb.org/index.php/accessiweb_2.2_liste_generale.html#multimedia','4.21.1',3042101,1.0,'accessiweb2.2','org.opens.tanaguru.rules.accessiweb22.Aw22Rule04211','http://www.tanaguru.org/en/content/aw22-rule-4-21-1',236,NULL,1,NULL,1,TRUE),(612,'AW22-04212','http://www.accessiweb.org/index.php/accessiweb_2.2_liste_generale.html#multimedia','4.21.2',3042102,1.0,'accessiweb2.2','org.opens.tanaguru.rules.accessiweb22.Aw22Rule04212','http://www.tanaguru.org/en/content/aw22-rule-4-21-2',236,NULL,1,NULL,1,TRUE),(613,'AW22-04221','http://www.accessiweb.org/index.php/accessiweb_2.2_liste_generale.html#multimedia','4.22.1',3042201,1.0,'accessiweb2.2','org.opens.tanaguru.rules.accessiweb22.Aw22Rule04221','http://www.tanaguru.org/en/content/aw22-rule-4-22-1',237,NULL,1,NULL,1,FALSE),(614,'AW22-05011','http://www.accessiweb.org/index.php/accessiweb_2.2_liste_generale.html#tableaux','5.1.1',3050101,1.0,'accessiweb2.2','org.opens.tanaguru.rules.accessiweb22.Aw22Rule05011','http://www.tanaguru.org/en/content/aw22-rule-5-1-1',238,NULL,1,NULL,1,FALSE),(615,'AW22-05021','http://www.accessiweb.org/index.php/accessiweb_2.2_liste_generale.html#tableaux','5.2.1',3050201,1.0,'accessiweb2.2','org.opens.tanaguru.rules.accessiweb22.Aw22Rule05021','http://www.tanaguru.org/en/content/aw22-rule-5-2-1',239,NULL,1,NULL,1,FALSE),(616,'AW22-05022','http://www.accessiweb.org/index.php/accessiweb_2.2_liste_generale.html#tableaux','5.2.2',3050202,1.0,'accessiweb2.2','org.opens.tanaguru.rules.accessiweb22.Aw22Rule05022','http://www.tanaguru.org/en/content/aw22-rule-5-2-2',239,NULL,1,NULL,1,FALSE),(617,'AW22-05031','http://www.accessiweb.org/index.php/accessiweb_2.2_liste_generale.html#tableaux','5.3.1',3050301,1.0,'accessiweb2.2','org.opens.tanaguru.rules.accessiweb22.Aw22Rule05031','http://www.tanaguru.org/en/content/aw22-rule-5-3-1',240,NULL,1,NULL,1,FALSE),(618,'AW22-05041','http://www.accessiweb.org/index.php/accessiweb_2.2_liste_generale.html#tableaux','5.4.1',3050401,1.0,'accessiweb2.2','org.opens.tanaguru.rules.accessiweb22.Aw22Rule05041','http://www.tanaguru.org/en/content/aw22-rule-5-4-1',241,NULL,1,NULL,1,FALSE),(619,'AW22-05051','http://www.accessiweb.org/index.php/accessiweb_2.2_liste_generale.html#tableaux','5.5.1',3050501,1.0,'accessiweb2.2','org.opens.tanaguru.rules.accessiweb22.Aw22Rule05051','http://www.tanaguru.org/en/content/aw22-rule-5-5-1',242,NULL,1,NULL,1,FALSE),(620,'AW22-05061','http://www.accessiweb.org/index.php/accessiweb_2.2_liste_generale.html#tableaux','5.6.1',3050601,1.0,'accessiweb2.2','org.opens.tanaguru.rules.accessiweb22.Aw22Rule05061','http://www.tanaguru.org/en/content/aw22-rule-5-6-1',243,NULL,1,NULL,1,FALSE),(621,'AW22-05062','http://www.accessiweb.org/index.php/accessiweb_2.2_liste_generale.html#tableaux','5.6.2',3050602,1.0,'accessiweb2.2','org.opens.tanaguru.rules.accessiweb22.Aw22Rule05062','http://www.tanaguru.org/en/content/aw22-rule-5-6-2',243,NULL,1,NULL,1,FALSE),(622,'AW22-05071','http://www.accessiweb.org/index.php/accessiweb_2.2_liste_generale.html#tableaux','5.7.1',3050701,1.0,'accessiweb2.2','org.opens.tanaguru.rules.accessiweb22.Aw22Rule05071','http://www.tanaguru.org/en/content/aw22-rule-5-7-1',244,NULL,1,NULL,1,FALSE),(623,'AW22-05072','http://www.accessiweb.org/index.php/accessiweb_2.2_liste_generale.html#tableaux','5.7.2',3050702,1.0,'accessiweb2.2','org.opens.tanaguru.rules.accessiweb22.Aw22Rule05072','http://www.tanaguru.org/en/content/aw22-rule-5-7-2',244,NULL,1,NULL,1,FALSE),(624,'AW22-05073','http://www.accessiweb.org/index.php/accessiweb_2.2_liste_generale.html#tableaux','5.7.3',3050703,1.0,'accessiweb2.2','org.opens.tanaguru.rules.accessiweb22.Aw22Rule05073','http://www.tanaguru.org/en/content/aw22-rule-5-7-3',244,NULL,1,NULL,1,FALSE),(625,'AW22-05074','http://www.accessiweb.org/index.php/accessiweb_2.2_liste_generale.html#tableaux','5.7.4',3050704,1.0,'accessiweb2.2','org.opens.tanaguru.rules.accessiweb22.Aw22Rule05074','http://www.tanaguru.org/en/content/aw22-rule-5-7-4',244,NULL,1,NULL,1,FALSE),(626,'AW22-05081','http://www.accessiweb.org/index.php/accessiweb_2.2_liste_generale.html#tableaux','5.8.1',3050801,1.0,'accessiweb2.2','org.opens.tanaguru.rules.accessiweb22.Aw22Rule05081','http://www.tanaguru.org/en/content/aw22-rule-5-8-1',245,NULL,1,NULL,1,FALSE),(627,'AW22-06011','http://www.accessiweb.org/index.php/accessiweb_2.2_liste_generale.html#liens','6.1.1',3060101,1.0,'accessiweb2.2','org.opens.tanaguru.rules.accessiweb22.Aw22Rule06011','http://www.tanaguru.org/en/content/aw22-rule-6-1-1',246,NULL,1,NULL,1,FALSE),(628,'AW22-06012','http://www.accessiweb.org/index.php/accessiweb_2.2_liste_generale.html#liens','6.1.2',3060102,1.0,'accessiweb2.2','org.opens.tanaguru.rules.accessiweb22.Aw22Rule06012','http://www.tanaguru.org/en/content/aw22-rule-6-1-2',246,NULL,1,NULL,1,FALSE),(629,'AW22-06013','http://www.accessiweb.org/index.php/accessiweb_2.2_liste_generale.html#liens','6.1.3',3060103,1.0,'accessiweb2.2','org.opens.tanaguru.rules.accessiweb22.Aw22Rule06013','http://www.tanaguru.org/en/content/aw22-rule-6-1-3',246,NULL,1,NULL,1,FALSE),(630,'AW22-06014','http://www.accessiweb.org/index.php/accessiweb_2.2_liste_generale.html#liens','6.1.4',3060104,1.0,'accessiweb2.2','org.opens.tanaguru.rules.accessiweb22.Aw22Rule06014','http://www.tanaguru.org/en/content/aw22-rule-6-1-4',246,NULL,1,NULL,1,FALSE),(631,'AW22-06021','http://www.accessiweb.org/index.php/accessiweb_2.2_liste_generale.html#liens','6.2.1',3060201,1.0,'accessiweb2.2','org.opens.tanaguru.rules.accessiweb22.Aw22Rule06021','http://www.tanaguru.org/en/content/aw22-rule-6-2-1',247,NULL,1,NULL,1,FALSE),(632,'AW22-06022','http://www.accessiweb.org/index.php/accessiweb_2.2_liste_generale.html#liens','6.2.2',3060202,1.0,'accessiweb2.2','org.opens.tanaguru.rules.accessiweb22.Aw22Rule06022','http://www.tanaguru.org/en/content/aw22-rule-6-2-2',247,NULL,1,NULL,1,FALSE),(633,'AW22-06023','http://www.accessiweb.org/index.php/accessiweb_2.2_liste_generale.html#liens','6.2.3',3060203,1.0,'accessiweb2.2','org.opens.tanaguru.rules.accessiweb22.Aw22Rule06023','http://www.tanaguru.org/en/content/aw22-rule-6-2-3',247,NULL,1,NULL,1,FALSE),(634,'AW22-06024','http://www.accessiweb.org/index.php/accessiweb_2.2_liste_generale.html#liens','6.2.4',3060204,1.0,'accessiweb2.2','org.opens.tanaguru.rules.accessiweb22.Aw22Rule06024','http://www.tanaguru.org/en/content/aw22-rule-6-2-4',247,NULL,1,NULL,1,FALSE),(635,'AW22-06031','http://www.accessiweb.org/index.php/accessiweb_2.2_liste_generale.html#liens','6.3.1',3060301,1.0,'accessiweb2.2','org.opens.tanaguru.rules.accessiweb22.Aw22Rule06031','http://www.tanaguru.org/en/content/aw22-rule-6-3-1',248,NULL,3,NULL,1,FALSE),(636,'AW22-06032','http://www.accessiweb.org/index.php/accessiweb_2.2_liste_generale.html#liens','6.3.2',3060302,1.0,'accessiweb2.2','org.opens.tanaguru.rules.accessiweb22.Aw22Rule06032','http://www.tanaguru.org/en/content/aw22-rule-6-3-2',248,NULL,3,NULL,1,FALSE),(637,'AW22-06033','http://www.accessiweb.org/index.php/accessiweb_2.2_liste_generale.html#liens','6.3.3',3060303,1.0,'accessiweb2.2','org.opens.tanaguru.rules.accessiweb22.Aw22Rule06033','http://www.tanaguru.org/en/content/aw22-rule-6-3-3',248,NULL,3,NULL,1,FALSE),(638,'AW22-06034','http://www.accessiweb.org/index.php/accessiweb_2.2_liste_generale.html#liens','6.3.4',3060304,1.0,'accessiweb2.2','org.opens.tanaguru.rules.accessiweb22.Aw22Rule06034','http://www.tanaguru.org/en/content/aw22-rule-6-3-4',248,NULL,3,NULL,1,FALSE),(639,'AW22-06041','http://www.accessiweb.org/index.php/accessiweb_2.2_liste_generale.html#liens','6.4.1',3060401,1.0,'accessiweb2.2','org.opens.tanaguru.rules.accessiweb22.Aw22Rule06041','http://www.tanaguru.org/en/content/aw22-rule-6-4-1',249,NULL,1,NULL,1,FALSE),(640,'AW22-06042','http://www.accessiweb.org/index.php/accessiweb_2.2_liste_generale.html#liens','6.4.2',3060403,1.0,'accessiweb2.2','org.opens.tanaguru.rules.accessiweb22.Aw22Rule06042','http://www.tanaguru.org/en/content/aw22-rule-6-4-2',249,NULL,1,NULL,1,FALSE),(641,'AW22-06043','http://www.accessiweb.org/index.php/accessiweb_2.2_liste_generale.html#liens','6.4.3',3060403,1.0,'accessiweb2.2','org.opens.tanaguru.rules.accessiweb22.Aw22Rule06043','http://www.tanaguru.org/en/content/aw22-rule-6-4-3',249,NULL,1,NULL,1,FALSE),(642,'AW22-06044','http://www.accessiweb.org/index.php/accessiweb_2.2_liste_generale.html#liens','6.4.4',3060404,1.0,'accessiweb2.2','org.opens.tanaguru.rules.accessiweb22.Aw22Rule06044','http://www.tanaguru.org/en/content/aw22-rule-6-4-4',249,NULL,1,NULL,1,FALSE),(643,'AW22-06051','http://www.accessiweb.org/index.php/accessiweb_2.2_liste_generale.html#liens','6.5.1',3060501,1.0,'accessiweb2.2','org.opens.tanaguru.rules.accessiweb22.Aw22Rule06051','http://www.tanaguru.org/en/content/aw22-rule-6-5-1',250,NULL,1,NULL,1,FALSE),(644,'AW22-06052','http://www.accessiweb.org/index.php/accessiweb_2.2_liste_generale.html#liens','6.5.2',3060502,1.0,'accessiweb2.2','org.opens.tanaguru.rules.accessiweb22.Aw22Rule06052','http://www.tanaguru.org/en/content/aw22-rule-6-5-2',250,NULL,1,NULL,1,FALSE),(645,'AW22-06053','http://www.accessiweb.org/index.php/accessiweb_2.2_liste_generale.html#liens','6.5.3',3060503,1.0,'accessiweb2.2','org.opens.tanaguru.rules.accessiweb22.Aw22Rule06053','http://www.tanaguru.org/en/content/aw22-rule-6-5-3',250,NULL,1,NULL,1,FALSE),(646,'AW22-06061','http://www.accessiweb.org/index.php/accessiweb_2.2_liste_generale.html#liens','6.6.1',3060601,1.0,'accessiweb2.2','org.opens.tanaguru.rules.accessiweb22.Aw22Rule06061','http://www.tanaguru.org/en/content/aw22-rule-6-6-1',251,NULL,1,NULL,1,FALSE),(647,'AW22-07011','http://www.accessiweb.org/index.php/accessiweb_2.2_liste_generale.html#script','7.1.1',3070101,1.0,'accessiweb2.2','org.opens.tanaguru.rules.accessiweb22.Aw22Rule07011','http://www.tanaguru.org/en/content/aw22-rule-7-1-1',252,NULL,1,NULL,1,TRUE),(648,'AW22-07012','http://www.accessiweb.org/index.php/accessiweb_2.2_liste_generale.html#script','7.1.2',3070102,1.0,'accessiweb2.2','org.opens.tanaguru.rules.accessiweb22.Aw22Rule07012','http://www.tanaguru.org/en/content/aw22-rule-7-1-2',252,NULL,1,NULL,1,TRUE),(649,'AW22-07021','http://www.accessiweb.org/index.php/accessiweb_2.2_liste_generale.html#script','7.2.1',3070201,1.0,'accessiweb2.2','org.opens.tanaguru.rules.accessiweb22.Aw22Rule07021','http://www.tanaguru.org/en/content/aw22-rule-7-2-1',253,NULL,1,NULL,1,TRUE),(650,'AW22-07022','http://www.accessiweb.org/index.php/accessiweb_2.2_liste_generale.html#script','7.2.2',3070202,1.0,'accessiweb2.2','org.opens.tanaguru.rules.accessiweb22.Aw22Rule07022','http://www.tanaguru.org/en/content/aw22-rule-7-2-2',253,NULL,1,NULL,1,TRUE),(651,'AW22-07031','http://www.accessiweb.org/index.php/accessiweb_2.2_liste_generale.html#script','7.3.1',3070301,1.0,'accessiweb2.2','org.opens.tanaguru.rules.accessiweb22.Aw22Rule07031','http://www.tanaguru.org/en/content/aw22-rule-7-3-1',254,NULL,1,NULL,1,TRUE),(652,'AW22-07032','http://www.accessiweb.org/index.php/accessiweb_2.2_liste_generale.html#script','7.3.2',3070302,1.0,'accessiweb2.2','org.opens.tanaguru.rules.accessiweb22.Aw22Rule07032','http://www.tanaguru.org/en/content/aw22-rule-7-3-2',254,NULL,1,NULL,1,TRUE),(653,'AW22-07033','http://www.accessiweb.org/index.php/accessiweb_2.2_liste_generale.html#script','7.3.3',3070303,1.0,'accessiweb2.2','org.opens.tanaguru.rules.accessiweb22.Aw22Rule07033','http://www.tanaguru.org/en/content/aw22-rule-7-3-3',254,NULL,1,NULL,1,TRUE),(654,'AW22-07041','http://www.accessiweb.org/index.php/accessiweb_2.2_liste_generale.html#script','7.4.1',3070401,1.0,'accessiweb2.2','org.opens.tanaguru.rules.accessiweb22.Aw22Rule07041','http://www.tanaguru.org/en/content/aw22-rule-7-4-1',255,NULL,1,NULL,1,TRUE),(655,'AW22-07042','http://www.accessiweb.org/index.php/accessiweb_2.2_liste_generale.html#script','7.4.2',3070402,1.0,'accessiweb2.2','org.opens.tanaguru.rules.accessiweb22.Aw22Rule07042','http://www.tanaguru.org/en/content/aw22-rule-7-4-2',255,NULL,1,NULL,1,TRUE),(656,'AW22-07051','http://www.accessiweb.org/index.php/accessiweb_2.2_liste_generale.html#script','7.5.1',3070501,1.0,'accessiweb2.2','org.opens.tanaguru.rules.accessiweb22.Aw22Rule07051','http://www.tanaguru.org/en/content/aw22-rule-7-5-1',256,NULL,1,NULL,1,FALSE),(657,'AW22-07061','http://www.accessiweb.org/index.php/accessiweb_2.2_liste_generale.html#script','7.6.1',3070601,1.0,'accessiweb2.2','org.opens.tanaguru.rules.accessiweb22.Aw22Rule07061','http://www.tanaguru.org/en/content/aw22-rule-7-6-1',257,NULL,3,NULL,1,TRUE),(658,'AW22-08011','http://www.accessiweb.org/index.php/accessiweb_2.2_liste_generale.html#presentation','8.1.1',3080101,1.0,'accessiweb2.2','org.opens.tanaguru.rules.accessiweb22.Aw22Rule08011','http://www.tanaguru.org/en/content/aw22-rule-8-1-1',258,NULL,1,NULL,1,FALSE),(659,'AW22-08012','http://www.accessiweb.org/index.php/accessiweb_2.2_liste_generale.html#presentation','8.1.2',3080102,1.0,'accessiweb2.2','org.opens.tanaguru.rules.accessiweb22.Aw22Rule08012','http://www.tanaguru.org/en/content/aw22-rule-8-1-2',258,NULL,1,NULL,1,FALSE),(660,'AW22-08013','http://www.accessiweb.org/index.php/accessiweb_2.2_liste_generale.html#elements','8.1.3',3080103,1.0,'accessiweb2.2','org.opens.tanaguru.rules.accessiweb22.Aw22Rule08013','http://www.tanaguru.org/en/content/aw22-rule-8-1-3',258,NULL,1,NULL,1,FALSE),(661,'AW22-08021','http://www.accessiweb.org/index.php/accessiweb_2.2_liste_generale.html#elements','8.2.1',3080201,1.0,'accessiweb2.2','org.opens.tanaguru.rules.accessiweb22.Aw22Rule08021','http://www.tanaguru.org/en/content/aw22-rule-8-2-1',259,NULL,1,NULL,1,TRUE),(662,'AW22-08022','http://www.accessiweb.org/index.php/accessiweb_2.2_liste_generale.html#elements','8.2.2',3080202,1.0,'accessiweb2.2','org.opens.tanaguru.rules.accessiweb22.Aw22Rule08022','http://www.tanaguru.org/en/content/aw22-rule-8-2-2',259,NULL,1,NULL,1,TRUE),(663,'AW22-08031','http://www.accessiweb.org/index.php/accessiweb_2.2_liste_generale.html#presentation','8.3.1',3080301,1.0,'accessiweb2.2','org.opens.tanaguru.rules.accessiweb22.Aw22Rule08031','http://www.tanaguru.org/en/content/aw22-rule-8-3-1',260,NULL,1,NULL,1,FALSE),(664,'AW22-08041','http://www.accessiweb.org/index.php/accessiweb_2.2_liste_generale.html#presentation','8.4.1',3080401,1.0,'accessiweb2.2','org.opens.tanaguru.rules.accessiweb22.Aw22Rule08041','http://www.tanaguru.org/en/content/aw22-rule-8-4-1',261,NULL,1,NULL,1,FALSE),(665,'AW22-08051','http://www.accessiweb.org/index.php/accessiweb_2.2_liste_generale.html#elements','8.5.1',3080501,1.0,'accessiweb2.2','org.opens.tanaguru.rules.accessiweb22.Aw22Rule08051','http://www.tanaguru.org/en/content/aw22-rule-8-5-1',262,NULL,1,NULL,1,FALSE),(666,'AW22-08061','http://www.accessiweb.org/index.php/accessiweb_2.2_liste_generale.html#elements','8.6.1',3080601,1.0,'accessiweb2.2','org.opens.tanaguru.rules.accessiweb22.Aw22Rule08061','http://www.tanaguru.org/en/content/aw22-rule-8-6-1',263,NULL,1,NULL,1,FALSE),(667,'AW22-08071','http://www.accessiweb.org/index.php/accessiweb_2.2_liste_generale.html#elements','8.7.1',3080701,1.0,'accessiweb2.2','org.opens.tanaguru.rules.accessiweb22.Aw22Rule08071','http://www.tanaguru.org/en/content/aw22-rule-8-7-1',264,NULL,2,NULL,1,FALSE),(668,'AW22-08081','http://www.accessiweb.org/index.php/accessiweb_2.2_liste_generale.html#elements','8.8.1',3080801,1.0,'accessiweb2.2','org.opens.tanaguru.rules.accessiweb22.Aw22Rule08081','http://www.tanaguru.org/en/content/aw22-rule-8-8-1',265,NULL,2,NULL,1,FALSE),(669,'AW22-08082','http://www.accessiweb.org/index.php/accessiweb_2.2_liste_generale.html#elements','8.8.2',3080802,1.0,'accessiweb2.2','org.opens.tanaguru.rules.accessiweb22.Aw22Rule08082','http://www.tanaguru.org/en/content/aw22-rule-8-8-2',265,NULL,2,NULL,1,FALSE),(670,'AW22-08091','http://www.accessiweb.org/index.php/accessiweb_2.2_liste_generale.html#elements','8.9.1',3080901,1.0,'accessiweb2.2','org.opens.tanaguru.rules.accessiweb22.Aw22Rule08091','http://www.tanaguru.org/en/content/aw22-rule-8-9-1',266,NULL,1,NULL,1,FALSE),(671,'AW22-08101','http://www.accessiweb.org/index.php/accessiweb_2.2_liste_generale.html#elements','8.10.1',2081001,1.0,'accessiweb2.2','org.opens.tanaguru.rules.accessiweb22.Aw22Rule08101','http://www.tanaguru.org/en/content/aw22-rule-8-10-1',267,NULL,1,NULL,1,TRUE),(672,'AW22-09011','http://www.accessiweb.org/index.php/accessiweb_2.2_liste_generale.html#structure','9.1.1',3090101,1.0,'accessiweb2.2','org.opens.tanaguru.rules.accessiweb22.Aw22Rule09011','http://www.tanaguru.org/en/content/aw22-rule-9-1-1',268,NULL,1,NULL,1,FALSE),(673,'AW22-09012','http://www.accessiweb.org/index.php/accessiweb_2.2_liste_generale.html#structure','9.1.2',3090102,1.0,'accessiweb2.2','org.opens.tanaguru.rules.accessiweb22.Aw22Rule09012','http://www.tanaguru.org/en/content/aw22-rule-9-1-2',268,NULL,1,NULL,1,FALSE),(674,'AW22-09013','http://www.accessiweb.org/index.php/accessiweb_2.2_liste_generale.html#structure','9.1.3',3090103,1.0,'accessiweb2.2','org.opens.tanaguru.rules.accessiweb22.Aw22Rule09013','http://www.tanaguru.org/en/content/aw22-rule-9-1-3',268,NULL,1,NULL,1,TRUE),(675,'AW22-09014','http://www.accessiweb.org/index.php/accessiweb_2.2_liste_generale.html#structure','9.1.4',3090104,1.0,'accessiweb2.2','org.opens.tanaguru.rules.accessiweb22.Aw22Rule09014','http://www.tanaguru.org/en/content/aw22-rule-9-1-4',268,NULL,1,NULL,1,FALSE),(676,'AW22-09021','http://www.accessiweb.org/index.php/accessiweb_2.2_liste_generale.html#structure','9.2.1',3090201,1.0,'accessiweb2.2','org.opens.tanaguru.rules.accessiweb22.Aw22Rule09021','http://www.tanaguru.org/en/content/aw22-rule-9-2-1',269,NULL,1,NULL,1,TRUE),(677,'AW22-09022','http://www.accessiweb.org/index.php/accessiweb_2.2_liste_generale.html#structure','9.2.2',3090202,1.0,'accessiweb2.2','org.opens.tanaguru.rules.accessiweb22.Aw22Rule09022','http://www.tanaguru.org/en/content/aw22-rule-9-2-2',269,NULL,1,NULL,1,TRUE),(678,'AW22-09023','http://www.accessiweb.org/index.php/accessiweb_2.2_liste_generale.html#structure','9.2.3',3090203,1.0,'accessiweb2.2','org.opens.tanaguru.rules.accessiweb22.Aw22Rule09023','http://www.tanaguru.org/en/content/aw22-rule-9-2-3',269,NULL,1,NULL,1,TRUE),(679,'AW22-09031','http://www.accessiweb.org/index.php/accessiweb_2.2_liste_generale.html#structure','9.3.1',3090301,1.0,'accessiweb2.2','org.opens.tanaguru.rules.accessiweb22.Aw22Rule09031','http://www.tanaguru.org/en/content/aw22-rule-9-3-1',270,NULL,3,NULL,1,TRUE),(680,'AW22-09032','http://www.accessiweb.org/index.php/accessiweb_2.2_liste_generale.html#structure','9.3.2',3090302,1.0,'accessiweb2.2','org.opens.tanaguru.rules.accessiweb22.Aw22Rule09032','http://www.tanaguru.org/en/content/aw22-rule-9-3-2',270,NULL,3,NULL,1,TRUE),(681,'AW22-09041','http://www.accessiweb.org/index.php/accessiweb_2.2_liste_generale.html#structure','9.4.1',3090401,1.0,'accessiweb2.2','org.opens.tanaguru.rules.accessiweb22.Aw22Rule09041','http://www.tanaguru.org/en/content/aw22-rule-9-4-1',271,NULL,3,NULL,1,TRUE),(682,'AW22-09042','http://www.accessiweb.org/index.php/accessiweb_2.2_liste_generale.html#structure','9.4.2',3090402,1.0,'accessiweb2.2','org.opens.tanaguru.rules.accessiweb22.Aw22Rule09042','http://www.tanaguru.org/en/content/aw22-rule-9-4-2',271,NULL,3,NULL,1,TRUE),(683,'AW22-09051','http://www.accessiweb.org/index.php/accessiweb_2.2_liste_generale.html#structure','9.5.1',3090501,1.0,'accessiweb2.2','org.opens.tanaguru.rules.accessiweb22.Aw22Rule09051','http://www.tanaguru.org/en/content/aw22-rule-9-5-1',272,NULL,1,NULL,1,TRUE),(684,'AW22-09052','http://www.accessiweb.org/index.php/accessiweb_2.2_liste_generale.html#structure','9.5.2',3090502,1.0,'accessiweb2.2','org.opens.tanaguru.rules.accessiweb22.Aw22Rule09052','http://www.tanaguru.org/en/content/aw22-rule-9-5-2',272,NULL,1,NULL,1,TRUE),(685,'AW22-10011','http://www.accessiweb.org/index.php/accessiweb_2.2_liste_generale.html#presentation','10.1.1',3100101,1.0,'accessiweb2.2','org.opens.tanaguru.rules.accessiweb22.Aw22Rule10011','http://www.tanaguru.org/en/content/aw22-rule-10-1-1',273,NULL,1,NULL,1,FALSE),(686,'AW22-10012','http://www.accessiweb.org/index.php/accessiweb_2.2_liste_generale.html#presentation','10.1.2',3100102,1.0,'accessiweb2.2','org.opens.tanaguru.rules.accessiweb22.Aw22Rule10012','http://www.tanaguru.org/en/content/aw22-rule-10-1-2',273,NULL,1,NULL,1,FALSE),(687,'AW22-10013','http://www.accessiweb.org/index.php/accessiweb_2.2_liste_generale.html#presentation','10.1.3',3100103,1.0,'accessiweb2.2','org.opens.tanaguru.rules.accessiweb22.Aw22Rule10013','http://www.tanaguru.org/en/content/aw22-rule-10-1-3',273,NULL,1,NULL,1,TRUE),(688,'AW22-10021','http://www.accessiweb.org/index.php/accessiweb_2.2_liste_generale.html#presentation','10.2.1',3100201,1.0,'accessiweb2.2','org.opens.tanaguru.rules.accessiweb22.Aw22Rule10021','http://www.tanaguru.org/en/content/aw22-rule-10-2-1',274,NULL,1,NULL,1,TRUE),(689,'AW22-10022','http://www.accessiweb.org/index.php/accessiweb_2.2_liste_generale.html#presentation','10.2.2',3100202,1.0,'accessiweb2.2','org.opens.tanaguru.rules.accessiweb22.Aw22Rule10022','http://www.tanaguru.org/en/content/aw22-rule-10-2-2',274,NULL,1,NULL,1,TRUE),(690,'AW22-10023','http://www.accessiweb.org/index.php/accessiweb_2.2_liste_generale.html#presentation','10.2.3',3100203,1.0,'accessiweb2.2','org.opens.tanaguru.rules.accessiweb22.Aw22Rule10023','http://www.tanaguru.org/en/content/aw22-rule-10-2-3',274,NULL,1,NULL,1,TRUE),(691,'AW22-10031','http://www.accessiweb.org/index.php/accessiweb_2.2_liste_generale.html#presentation','10.3.1',3100301,1.0,'accessiweb2.2','org.opens.tanaguru.rules.accessiweb22.Aw22Rule10031','http://www.tanaguru.org/en/content/aw22-rule-10-3-1',275,NULL,1,NULL,1,TRUE),(692,'AW22-10041','http://www.accessiweb.org/index.php/accessiweb_2.2_liste_generale.html#presentation','10.4.1',3100401,1.0,'accessiweb2.2','org.opens.tanaguru.rules.accessiweb22.Aw22Rule10041','http://www.tanaguru.org/en/content/aw22-rule-10-4-1',276,NULL,2,NULL,1,FALSE),(693,'AW22-10042','http://www.accessiweb.org/index.php/accessiweb_2.2_liste_generale.html#presentation','10.4.2',3100402,1.0,'accessiweb2.2','org.opens.tanaguru.rules.accessiweb22.Aw22Rule10042','http://www.tanaguru.org/en/content/aw22-rule-10-4-2',276,NULL,2,NULL,1,FALSE),(694,'AW22-10043','http://www.accessiweb.org/index.php/accessiweb_2.2_liste_generale.html#presentation','10.4.3',3100403,1.0,'accessiweb2.2','org.opens.tanaguru.rules.accessiweb22.Aw22Rule10043','http://www.tanaguru.org/en/content/aw22-rule-10-4-3',276,NULL,2,NULL,1,TRUE),(695,'AW22-10051','http://www.accessiweb.org/index.php/accessiweb_2.2_liste_generale.html#presentation','10.5.1',3100501,1.0,'accessiweb2.2','org.opens.tanaguru.rules.accessiweb22.Aw22Rule10051','http://www.tanaguru.org/en/content/aw22-rule-10-5-1',277,NULL,2,NULL,1,TRUE),(696,'AW22-10052','http://www.accessiweb.org/index.php/accessiweb_2.2_liste_generale.html#presentation','10.5.2',3100502,1.0,'accessiweb2.2','org.opens.tanaguru.rules.accessiweb22.Aw22Rule10052','http://www.tanaguru.org/en/content/aw22-rule-10-5-2',277,NULL,2,NULL,1,TRUE),(697,'AW22-10053','http://www.accessiweb.org/index.php/accessiweb_2.2_liste_generale.html#presentation','10.5.3',3100503,1.0,'accessiweb2.2','org.opens.tanaguru.rules.accessiweb22.Aw22Rule10053','http://www.tanaguru.org/en/content/aw22-rule-10-5-3',277,NULL,2,NULL,1,TRUE),(698,'AW22-10061','http://www.accessiweb.org/index.php/accessiweb_2.2_liste_generale.html#presentation','10.6.1',3100601,1.0,'accessiweb2.2','org.opens.tanaguru.rules.accessiweb22.Aw22Rule10061','http://www.tanaguru.org/en/content/aw22-rule-10-6-1',278,NULL,1,NULL,1,TRUE),(699,'AW22-10071','http://www.accessiweb.org/index.php/accessiweb_2.2_liste_generale.html#presentation','10.7.1',3100701,1.0,'accessiweb2.2','org.opens.tanaguru.rules.accessiweb22.Aw22Rule10071','http://www.tanaguru.org/en/content/aw22-rule-10-7-1',279,NULL,1,NULL,1,FALSE),(700,'AW22-10072','http://www.accessiweb.org/index.php/accessiweb_2.2_liste_generale.html#presentation','10.7.2',3100702,1.0,'accessiweb2.2','org.opens.tanaguru.rules.accessiweb22.Aw22Rule10072','http://www.tanaguru.org/en/content/aw22-rule-10-7-2',279,NULL,1,NULL,1,TRUE),(701,'AW22-10073','http://www.accessiweb.org/index.php/accessiweb_2.2_liste_generale.html#presentation','10.7.3',3100703,1.0,'accessiweb2.2','org.opens.tanaguru.rules.accessiweb22.Aw22Rule10073','http://www.tanaguru.org/en/content/aw22-rule-10-7-3',279,NULL,1,NULL,1,TRUE),(702,'AW22-10081','http://www.accessiweb.org/index.php/accessiweb_2.2_liste_generale.html#presentation','10.8.1',3100801,1.0,'accessiweb2.2','org.opens.tanaguru.rules.accessiweb22.Aw22Rule10081','http://www.tanaguru.org/en/content/aw22-rule-10-8-1',280,NULL,3,NULL,1,TRUE),(703,'AW22-10082','http://www.accessiweb.org/index.php/accessiweb_2.2_liste_generale.html#presentation','10.8.2',3100802,1.0,'accessiweb2.2','org.opens.tanaguru.rules.accessiweb22.Aw22Rule10082','http://www.tanaguru.org/en/content/aw22-rule-10-8-2',280,NULL,3,NULL,1,TRUE),(704,'AW22-10083','http://www.accessiweb.org/index.php/accessiweb_2.2_liste_generale.html#presentation','10.8.3',3100803,1.0,'accessiweb2.2','org.opens.tanaguru.rules.accessiweb22.Aw22Rule10083','http://www.tanaguru.org/en/content/aw22-rule-10-8-3',280,NULL,3,NULL,1,FALSE),(705,'AW22-10084','http://www.accessiweb.org/index.php/accessiweb_2.2_liste_generale.html#presentation','10.8.4',3100804,1.0,'accessiweb2.2','org.opens.tanaguru.rules.accessiweb22.Aw22Rule10084','http://www.tanaguru.org/en/content/aw22-rule-10-8-4',280,NULL,3,NULL,1,FALSE),(706,'AW22-10091','http://www.accessiweb.org/index.php/accessiweb_2.2_liste_generale.html#presentation','10.9.1',3100901,1.0,'accessiweb2.2','org.opens.tanaguru.rules.accessiweb22.Aw22Rule10091','http://www.tanaguru.org/en/content/aw22-rule-10-9-1',281,NULL,3,NULL,1,TRUE),(707,'AW22-10101','http://www.accessiweb.org/index.php/accessiweb_2.2_liste_generale.html#presentation','10.10.1',3101001,1.0,'accessiweb2.2','org.opens.tanaguru.rules.accessiweb22.Aw22Rule10101','http://www.tanaguru.org/en/content/aw22-rule-10-10-1',282,NULL,3,NULL,1,TRUE),(708,'AW22-10111','http://www.accessiweb.org/index.php/accessiweb_2.2_liste_generale.html#presentation','10.11.1',3101101,1.0,'accessiweb2.2','org.opens.tanaguru.rules.accessiweb22.Aw22Rule10111','http://www.tanaguru.org/en/content/aw22-rule-10-11-1',283,NULL,3,NULL,1,TRUE),(709,'AW22-10121','http://www.accessiweb.org/index.php/accessiweb_2.2_liste_generale.html#presentation','10.12.1',3101201,1.0,'accessiweb2.2','org.opens.tanaguru.rules.accessiweb22.Aw22Rule10121','http://www.tanaguru.org/en/content/aw22-rule-10-12-1',284,NULL,3,NULL,1,TRUE),(710,'AW22-10122','http://www.accessiweb.org/index.php/accessiweb_2.2_liste_generale.html#presentation','10.12.2',3101202,1.0,'accessiweb2.2','org.opens.tanaguru.rules.accessiweb22.Aw22Rule10122','http://www.tanaguru.org/en/content/aw22-rule-10-12-2',284,NULL,3,NULL,1,TRUE),(711,'AW22-10131','http://www.accessiweb.org/index.php/accessiweb_2.2_liste_generale.html#presentation','10.13.1',3101301,1.0,'accessiweb2.2','org.opens.tanaguru.rules.accessiweb22.Aw22Rule10131','http://www.tanaguru.org/en/content/aw22-rule-10-13-1',285,NULL,1,NULL,1,FALSE),(712,'AW22-10141','http://www.accessiweb.org/index.php/accessiweb_2.2_liste_generale.html#presentation','10.14.1',3101401,1.0,'accessiweb2.2','org.opens.tanaguru.rules.accessiweb22.Aw22Rule10141','http://www.tanaguru.org/en/content/aw22-rule-10-14-1',286,NULL,1,NULL,1,TRUE),(713,'AW22-10142','http://www.accessiweb.org/index.php/accessiweb_2.2_liste_generale.html#presentation','10.14.2',3101402,1.0,'accessiweb2.2','org.opens.tanaguru.rules.accessiweb22.Aw22Rule10142','http://www.tanaguru.org/en/content/aw22-rule-10-14-2',286,NULL,1,NULL,1,TRUE),(714,'AW22-10143','http://www.accessiweb.org/index.php/accessiweb_2.2_liste_generale.html#presentation','10.14.3',3101403,1.0,'accessiweb2.2','org.opens.tanaguru.rules.accessiweb22.Aw22Rule10143','http://www.tanaguru.org/en/content/aw22-rule-10-14-3',286,NULL,1,NULL,1,TRUE),(715,'AW22-10144','http://www.accessiweb.org/index.php/accessiweb_2.2_liste_generale.html#presentation','10.14.4',3101404,1.0,'accessiweb2.2','org.opens.tanaguru.rules.accessiweb22.Aw22Rule10144','http://www.tanaguru.org/en/content/aw22-rule-10-14-4',286,NULL,1,NULL,1,TRUE),(716,'AW22-10151','http://www.accessiweb.org/index.php/accessiweb_2.2_liste_generale.html#presentation','10.15.1',3101501,1.0,'accessiweb2.2','org.opens.tanaguru.rules.accessiweb22.Aw22Rule10151','http://www.tanaguru.org/en/content/aw22-rule-10-15-1',287,NULL,1,NULL,1,TRUE),(717,'AW22-10152','http://www.accessiweb.org/index.php/accessiweb_2.2_liste_generale.html#presentation','10.15.2',3101502,1.0,'accessiweb2.2','org.opens.tanaguru.rules.accessiweb22.Aw22Rule10152','http://www.tanaguru.org/en/content/aw22-rule-10-15-2',287,NULL,1,NULL,1,TRUE),(718,'AW22-10153','http://www.accessiweb.org/index.php/accessiweb_2.2_liste_generale.html#presentation','10.15.3',3101503,1.0,'accessiweb2.2','org.opens.tanaguru.rules.accessiweb22.Aw22Rule10153','http://www.tanaguru.org/en/content/aw22-rule-10-15-3',287,NULL,1,NULL,1,TRUE),(719,'AW22-10154','http://www.accessiweb.org/index.php/accessiweb_2.2_liste_generale.html#presentation','10.15.4',3101504,1.0,'accessiweb2.2','org.opens.tanaguru.rules.accessiweb22.Aw22Rule10154','http://www.tanaguru.org/en/content/aw22-rule-10-15-4',287,NULL,1,NULL,1,TRUE),(720,'AW22-11011','http://www.accessiweb.org/index.php/accessiweb_2.2_liste_generale.html#formulaire','11.1.1',3110101,1.0,'accessiweb2.2','org.opens.tanaguru.rules.accessiweb22.Aw22Rule11011','http://www.tanaguru.org/en/content/aw22-rule-11-1-1',288,NULL,1,NULL,1,FALSE),(721,'AW22-11012','http://www.accessiweb.org/index.php/accessiweb_2.2_liste_generale.html#formulaire','11.1.2',3110102,1.0,'accessiweb2.2','org.opens.tanaguru.rules.accessiweb22.Aw22Rule11012','http://www.tanaguru.org/en/content/aw22-rule-11-1-2',288,NULL,1,NULL,1,FALSE),(722,'AW22-11013','http://www.accessiweb.org/index.php/accessiweb_2.2_liste_generale.html#formulaire','11.1.3',3110103,1.0,'accessiweb2.2','org.opens.tanaguru.rules.accessiweb22.Aw22Rule11013','http://www.tanaguru.org/en/content/aw22-rule-11-1-3',288,NULL,1,NULL,1,FALSE),(723,'AW22-11021','http://www.accessiweb.org/index.php/accessiweb_2.2_liste_generale.html#formulaire','11.2.1',3110201,1.0,'accessiweb2.2','org.opens.tanaguru.rules.accessiweb22.Aw22Rule11021','http://www.tanaguru.org/en/content/aw22-rule-11-2-1',289,NULL,1,NULL,1,FALSE),(724,'AW22-11022','http://www.accessiweb.org/index.php/accessiweb_2.2_liste_generale.html#formulaire','11.2.2',3110202,1.0,'accessiweb2.2','org.opens.tanaguru.rules.accessiweb22.Aw22Rule11022','http://www.tanaguru.org/en/content/aw22-rule-11-2-2',289,NULL,1,NULL,1,FALSE),(725,'AW22-11031','http://www.accessiweb.org/index.php/accessiweb_2.2_liste_generale.html#formulaire','11.3.1',3110301,1.0,'accessiweb2.2','org.opens.tanaguru.rules.accessiweb22.Aw22Rule11031','http://www.tanaguru.org/en/content/aw22-rule-11-3-1',290,NULL,2,NULL,1,FALSE),(726,'AW22-11032','http://www.accessiweb.org/index.php/accessiweb_2.2_liste_generale.html#formulaire','11.3.2',3110302,1.0,'accessiweb2.2','org.opens.tanaguru.rules.accessiweb22.Aw22Rule11032','http://www.tanaguru.org/en/content/aw22-rule-11-3-2',290,NULL,2,NULL,1,FALSE),(727,'AW22-11041','http://www.accessiweb.org/index.php/accessiweb_2.2_liste_generale.html#formulaire','11.4.1',3110401,1.0,'accessiweb2.2','org.opens.tanaguru.rules.accessiweb22.Aw22Rule11041','http://www.tanaguru.org/en/content/aw22-rule-11-4-1',291,NULL,1,NULL,1,FALSE),(728,'AW22-11051','http://www.accessiweb.org/index.php/accessiweb_2.2_liste_generale.html#formulaire','11.5.1',3110501,1.0,'accessiweb2.2','org.opens.tanaguru.rules.accessiweb22.Aw22Rule11051','http://www.tanaguru.org/en/content/aw22-rule-11-5-1',292,NULL,1,NULL,1,FALSE),(729,'AW22-11061','http://www.accessiweb.org/index.php/accessiweb_2.2_liste_generale.html#formulaire','11.6.1',3110601,1.0,'accessiweb2.2','org.opens.tanaguru.rules.accessiweb22.Aw22Rule11061','http://www.tanaguru.org/en/content/aw22-rule-11-6-1',293,NULL,1,NULL,1,FALSE),(730,'AW22-11071','http://www.accessiweb.org/index.php/accessiweb_2.2_liste_generale.html#formulaire','11.7.1',3110701,1.0,'accessiweb2.2','org.opens.tanaguru.rules.accessiweb22.Aw22Rule11071','http://www.tanaguru.org/en/content/aw22-rule-11-7-1',294,NULL,1,NULL,1,FALSE),(731,'AW22-11081','http://www.accessiweb.org/index.php/accessiweb_2.2_liste_generale.html#formulaire','11.8.1',3110801,1.0,'accessiweb2.2','org.opens.tanaguru.rules.accessiweb22.Aw22Rule11081','http://www.tanaguru.org/en/content/aw22-rule-11-8-1',295,NULL,1,NULL,1,FALSE),(732,'AW22-11082','http://www.accessiweb.org/index.php/accessiweb_2.2_liste_generale.html#formulaire','11.8.2',3110802,1.0,'accessiweb2.2','org.opens.tanaguru.rules.accessiweb22.Aw22Rule11082','http://www.tanaguru.org/en/content/aw22-rule-11-8-2',295,NULL,1,NULL,1,FALSE),(733,'AW22-11083','http://www.accessiweb.org/index.php/accessiweb_2.2_liste_generale.html#formulaire','11.8.3',3110803,1.0,'accessiweb2.2','org.opens.tanaguru.rules.accessiweb22.Aw22Rule11083','http://www.tanaguru.org/en/content/aw22-rule-11-8-3',295,NULL,1,NULL,1,FALSE),(734,'AW22-11091','http://www.accessiweb.org/index.php/accessiweb_2.2_liste_generale.html#formulaire','11.9.1',3110901,1.0,'accessiweb2.2','org.opens.tanaguru.rules.accessiweb22.Aw22Rule11091','http://www.tanaguru.org/en/content/aw22-rule-11-9-1',296,NULL,1,NULL,1,FALSE),(735,'AW22-11101','http://www.accessiweb.org/index.php/accessiweb_2.2_liste_generale.html#formulaire','11.10.1',3111001,1.0,'accessiweb2.2','org.opens.tanaguru.rules.accessiweb22.Aw22Rule11101','http://www.tanaguru.org/en/content/aw22-rule-11-10-1',297,NULL,1,NULL,1,FALSE),(736,'AW22-11102','http://www.accessiweb.org/index.php/accessiweb_2.2_liste_generale.html#formulaire','11.10.2',3111002,1.0,'accessiweb2.2','org.opens.tanaguru.rules.accessiweb22.Aw22Rule11102','http://www.tanaguru.org/en/content/aw22-rule-11-10-2',297,NULL,1,NULL,1,FALSE),(737,'AW22-11103','http://www.accessiweb.org/index.php/accessiweb_2.2_liste_generale.html#formulaire','11.10.3',3111003,1.0,'accessiweb2.2','org.opens.tanaguru.rules.accessiweb22.Aw22Rule11103','http://www.tanaguru.org/en/content/aw22-rule-11-10-3',297,NULL,1,NULL,1,FALSE),(738,'AW22-11111','http://www.accessiweb.org/index.php/accessiweb_2.2_liste_generale.html#formulaire','11.11.1',3111101,1.0,'accessiweb2.2','org.opens.tanaguru.rules.accessiweb22.Aw22Rule11111','http://www.tanaguru.org/en/content/aw22-rule-11-11-1',298,NULL,2,NULL,1,FALSE),(739,'AW22-11112','http://www.accessiweb.org/index.php/accessiweb_2.2_liste_generale.html#formulaire','11.11.2',3111102,1.0,'accessiweb2.2','org.opens.tanaguru.rules.accessiweb22.Aw22Rule11112','http://www.tanaguru.org/en/content/aw22-rule-11-11-2',298,NULL,2,NULL,1,FALSE),(740,'AW22-11121','http://www.accessiweb.org/index.php/accessiweb_2.2_liste_generale.html#formulaire','11.12.1',3111201,1.0,'accessiweb2.2','org.opens.tanaguru.rules.accessiweb22.Aw22Rule11121','http://www.tanaguru.org/en/content/aw22-rule-11-12-1',299,NULL,2,NULL,1,FALSE),(741,'AW22-11122','http://www.accessiweb.org/index.php/accessiweb_2.2_liste_generale.html#formulaire','11.12.2',3111202,1.0,'accessiweb2.2','org.opens.tanaguru.rules.accessiweb22.Aw22Rule11122','http://www.tanaguru.org/en/content/aw22-rule-11-12-2',299,NULL,2,NULL,1,FALSE),(742,'AW22-11131','http://www.accessiweb.org/index.php/accessiweb_2.2_liste_generale.html#formulaire','11.13.1',3111301,1.0,'accessiweb2.2','org.opens.tanaguru.rules.accessiweb22.Aw22Rule11131','http://www.tanaguru.org/en/content/aw22-rule-11-13-1',300,NULL,3,NULL,1,FALSE),(743,'AW22-11132','http://www.accessiweb.org/index.php/accessiweb_2.2_liste_generale.html#formulaire','11.13.2',3111302,1.0,'accessiweb2.2','org.opens.tanaguru.rules.accessiweb22.Aw22Rule11132','http://www.tanaguru.org/en/content/aw22-rule-11-13-2',300,NULL,3,NULL,1,FALSE),(744,'AW22-11141','http://www.accessiweb.org/index.php/accessiweb_2.2_liste_generale.html#formulaire','11.14.1',3111401,1.0,'accessiweb2.2','org.opens.tanaguru.rules.accessiweb22.Aw22Rule11141','http://www.tanaguru.org/en/content/aw22-rule-11-14-1',301,NULL,3,NULL,1,FALSE),(745,'AW22-11142','http://www.accessiweb.org/index.php/accessiweb_2.2_liste_generale.html#formulaire','11.14.2',3111402,1.0,'accessiweb2.2','org.opens.tanaguru.rules.accessiweb22.Aw22Rule11142','http://www.tanaguru.org/en/content/aw22-rule-11-14-2',301,NULL,3,NULL,1,FALSE),(746,'AW22-11151','http://www.accessiweb.org/index.php/accessiweb_2.2_liste_generale.html#formulaire','11.15.1',3111501,1.0,'accessiweb2.2','org.opens.tanaguru.rules.accessiweb22.Aw22Rule11151','http://www.tanaguru.org/en/content/aw22-rule-11-15-1',302,NULL,3,NULL,1,FALSE),(747,'AW22-12011','http://www.accessiweb.org/index.php/accessiweb_2.2_liste_generale.html#navigation','12.1.1',3120101,1.0,'accessiweb2.2','org.opens.tanaguru.rules.accessiweb22.Aw22Rule12011','http://www.tanaguru.org/en/content/aw22-rule-12-1-1',303,NULL,2,NULL,1,FALSE),(748,'AW22-12021','http://www.accessiweb.org/index.php/accessiweb_2.2_liste_generale.html#navigation','12.2.1',3120201,1.0,'accessiweb2.2','org.opens.tanaguru.rules.accessiweb22.Aw22Rule12021','http://www.tanaguru.org/en/content/aw22-rule-12-2-1',304,NULL,2,NULL,1,FALSE),(749,'AW22-12022','http://www.accessiweb.org/index.php/accessiweb_2.2_liste_generale.html#navigation','12.2.2',3120202,1.0,'accessiweb2.2','org.opens.tanaguru.rules.accessiweb22.Aw22Rule12022','http://www.tanaguru.org/en/content/aw22-rule-12-2-2',304,NULL,2,NULL,1,FALSE),(750,'AW22-12031','http://www.accessiweb.org/index.php/accessiweb_2.2_liste_generale.html#navigation','12.3.1',3120301,1.0,'accessiweb2.2','org.opens.tanaguru.rules.accessiweb22.Aw22Rule12031','http://www.tanaguru.org/en/content/aw22-rule-12-3-1',305,NULL,2,NULL,1,FALSE),(751,'AW22-12032','http://www.accessiweb.org/index.php/accessiweb_2.2_liste_generale.html#navigation','12.3.2',3120302,1.0,'accessiweb2.2','org.opens.tanaguru.rules.accessiweb22.Aw22Rule12032','http://www.tanaguru.org/en/content/aw22-rule-12-3-2',305,NULL,2,NULL,1,FALSE),(752,'AW22-12041','http://www.accessiweb.org/index.php/accessiweb_2.2_liste_generale.html#navigation','12.4.1',3120401,1.0,'accessiweb2.2','org.opens.tanaguru.rules.accessiweb22.Aw22Rule12041','http://www.tanaguru.org/en/content/aw22-rule-12-4-1',306,NULL,2,NULL,1,TRUE),(753,'AW22-12042','http://www.accessiweb.org/index.php/accessiweb_2.2_liste_generale.html#navigation','12.4.2',3120402,1.0,'accessiweb2.2','org.opens.tanaguru.rules.accessiweb22.Aw22Rule12042','http://www.tanaguru.org/en/content/aw22-rule-12-4-2',306,NULL,2,NULL,1,TRUE),(754,'AW22-12043','http://www.accessiweb.org/index.php/accessiweb_2.2_liste_generale.html#navigation','12.4.3',3120403,1.0,'accessiweb2.2','org.opens.tanaguru.rules.accessiweb22.Aw22Rule12043','http://www.tanaguru.org/en/content/aw22-rule-12-4-3',306,NULL,2,NULL,1,TRUE),(755,'AW22-12051','http://www.accessiweb.org/index.php/accessiweb_2.2_liste_generale.html#navigation','12.5.1',3120501,1.0,'accessiweb2.2','org.opens.tanaguru.rules.accessiweb22.Aw22Rule12051','http://www.tanaguru.org/en/content/aw22-rule-12-5-1',307,NULL,2,NULL,1,FALSE),(756,'AW22-12052','http://www.accessiweb.org/index.php/accessiweb_2.2_liste_generale.html#navigation','12.5.2',3120502,1.0,'accessiweb2.2','org.opens.tanaguru.rules.accessiweb22.Aw22Rule12052','http://www.tanaguru.org/en/content/aw22-rule-12-5-2',307,NULL,2,NULL,1,FALSE),(757,'AW22-12053','http://www.accessiweb.org/index.php/accessiweb_2.2_liste_generale.html#navigation','12.5.3',3120503,1.0,'accessiweb2.2','org.opens.tanaguru.rules.accessiweb22.Aw22Rule12053','http://www.tanaguru.org/en/content/aw22-rule-12-5-3',307,NULL,2,NULL,1,FALSE),(758,'AW22-12061','http://www.accessiweb.org/index.php/accessiweb_2.2_liste_generale.html#navigation','12.6.1',3120601,1.0,'accessiweb2.2','org.opens.tanaguru.rules.accessiweb22.Aw22Rule12061','http://www.tanaguru.org/en/content/aw22-rule-12-6-1',308,NULL,2,NULL,1,FALSE),(759,'AW22-12062','http://www.accessiweb.org/index.php/accessiweb_2.2_liste_generale.html#navigation','12.6.2',3120602,1.0,'accessiweb2.2','org.opens.tanaguru.rules.accessiweb22.Aw22Rule12062','http://www.tanaguru.org/en/content/aw22-rule-12-6-2',308,NULL,2,NULL,1,FALSE),(760,'AW22-12063','http://www.accessiweb.org/index.php/accessiweb_2.2_liste_generale.html#navigation','12.6.3',3120603,1.0,'accessiweb2.2','org.opens.tanaguru.rules.accessiweb22.Aw22Rule12063','http://www.tanaguru.org/en/content/aw22-rule-12-6-3',308,NULL,2,NULL,1,FALSE),(761,'AW22-12071','http://www.accessiweb.org/index.php/accessiweb_2.2_liste_generale.html#navigation','12.7.1',3120701,1.0,'accessiweb2.2','org.opens.tanaguru.rules.accessiweb22.Aw22Rule12071','http://www.tanaguru.org/en/content/aw22-rule-12-7-1',309,NULL,2,NULL,1,FALSE),(762,'AW22-12081','http://www.accessiweb.org/index.php/accessiweb_2.2_liste_generale.html#navigation','12.8.1',3120801,1.0,'accessiweb2.2','org.opens.tanaguru.rules.accessiweb22.Aw22Rule12081','http://www.tanaguru.org/en/content/aw22-rule-12-8-1',310,NULL,3,NULL,1,TRUE),(763,'AW22-12091','http://www.accessiweb.org/index.php/accessiweb_2.2_liste_generale.html#navigation','12.9.1',3120901,1.0,'accessiweb2.2','org.opens.tanaguru.rules.accessiweb22.Aw22Rule12091','http://www.tanaguru.org/en/content/aw22-rule-12-9-1',311,NULL,3,NULL,1,TRUE),(764,'AW22-12101','http://www.accessiweb.org/index.php/accessiweb_2.2_liste_generale.html#navigation','12.10.1',3121001,1.0,'accessiweb2.2','org.opens.tanaguru.rules.accessiweb22.Aw22Rule12101','http://www.tanaguru.org/en/content/aw22-rule-12-10-1',312,NULL,1,NULL,1,TRUE),(765,'AW22-12102','http://www.accessiweb.org/index.php/accessiweb_2.2_liste_generale.html#navigation','12.10.2',3121002,1.0,'accessiweb2.2','org.opens.tanaguru.rules.accessiweb22.Aw22Rule12102','http://www.tanaguru.org/en/content/aw22-rule-12-10-2',312,NULL,1,NULL,1,TRUE),(766,'AW22-12103','http://www.accessiweb.org/index.php/accessiweb_2.2_liste_generale.html#navigation','12.10.3',3121003,1.0,'accessiweb2.2','org.opens.tanaguru.rules.accessiweb22.Aw22Rule12103','http://www.tanaguru.org/en/content/aw22-rule-12-10-3',312,NULL,1,NULL,1,TRUE),(767,'AW22-12111','http://www.accessiweb.org/index.php/accessiweb_2.2_liste_generale.html#navigation','12.11.1',3121101,1.0,'accessiweb2.2','org.opens.tanaguru.rules.accessiweb22.Aw22Rule12111','http://www.tanaguru.org/en/content/aw22-rule-12-11-1',313,NULL,1,NULL,1,TRUE),(768,'AW22-12112','http://www.accessiweb.org/index.php/accessiweb_2.2_liste_generale.html#navigation','12.11.2',3121102,1.0,'accessiweb2.2','org.opens.tanaguru.rules.accessiweb22.Aw22Rule12112','http://www.tanaguru.org/en/content/aw22-rule-12-11-2',313,NULL,1,NULL,1,TRUE),(769,'AW22-12113','http://www.accessiweb.org/index.php/accessiweb_2.2_liste_generale.html#navigation','12.11.3',3121103,1.0,'accessiweb2.2','org.opens.tanaguru.rules.accessiweb22.Aw22Rule12113','http://www.tanaguru.org/en/content/aw22-rule-12-11-3',313,NULL,1,NULL,1,TRUE),(770,'AW22-12114','http://www.accessiweb.org/index.php/accessiweb_2.2_liste_generale.html#navigation','12.11.4',3121104,1.0,'accessiweb2.2','org.opens.tanaguru.rules.accessiweb22.Aw22Rule12114','http://www.tanaguru.org/en/content/aw22-rule-12-11-4',313,NULL,1,NULL,1,TRUE),(771,'AW22-12121','http://www.accessiweb.org/index.php/accessiweb_2.2_liste_generale.html#navigation','12.12.1',3121201,1.0,'accessiweb2.2','org.opens.tanaguru.rules.accessiweb22.Aw22Rule12121','http://www.tanaguru.org/en/content/aw22-rule-12-12-1',314,NULL,3,NULL,1,TRUE),(772,'AW22-12131','http://www.accessiweb.org/index.php/accessiweb_2.2_liste_generale.html#navigation','12.13.1',3121301,1.0,'accessiweb2.2','org.opens.tanaguru.rules.accessiweb22.Aw22Rule12131','http://www.tanaguru.org/en/content/aw22-rule-12-13-1',315,NULL,1,NULL,1,TRUE),(773,'AW22-12132','http://www.accessiweb.org/index.php/accessiweb_2.2_liste_generale.html#navigation','12.13.2',3121302,1.0,'accessiweb2.2','org.opens.tanaguru.rules.accessiweb22.Aw22Rule12132','http://www.tanaguru.org/en/content/aw22-rule-12-13-2',315,NULL,1,NULL,1,TRUE),(774,'AW22-12141','http://www.accessiweb.org/index.php/accessiweb_2.2_liste_generale.html#navigation','12.14.1',3121401,1.0,'accessiweb2.2','org.opens.tanaguru.rules.accessiweb22.Aw22Rule12141','http://www.tanaguru.org/en/content/aw22-rule-12-14-1',316,NULL,1,NULL,1,TRUE),(775,'AW22-13011','http://www.accessiweb.org/index.php/accessiweb_2.2_liste_generale.html#consultation','13.1.1',3130101,1.0,'accessiweb2.2','org.opens.tanaguru.rules.accessiweb22.Aw22Rule13011','http://www.tanaguru.org/en/content/aw22-rule-13-1-1',317,NULL,1,NULL,1,TRUE),(776,'AW22-13012','http://www.accessiweb.org/index.php/accessiweb_2.2_liste_generale.html#consultation','13.1.2',3130102,1.0,'accessiweb2.2','org.opens.tanaguru.rules.accessiweb22.Aw22Rule13012','http://www.tanaguru.org/en/content/aw22-rule-13-1-2',317,NULL,1,NULL,1,FALSE),(777,'AW22-13013','http://www.accessiweb.org/index.php/accessiweb_2.2_liste_generale.html#consultation','13.1.3',3130103,1.0,'accessiweb2.2','org.opens.tanaguru.rules.accessiweb22.Aw22Rule13013','http://www.tanaguru.org/en/content/aw22-rule-13-1-3',317,NULL,1,NULL,1,TRUE),(778,'AW22-13014','http://www.accessiweb.org/index.php/accessiweb_2.2_liste_generale.html#consultation','13.1.4',3130104,1.0,'accessiweb2.2','org.opens.tanaguru.rules.accessiweb22.Aw22Rule13014','http://www.tanaguru.org/en/content/aw22-rule-13-1-4',317,NULL,1,NULL,1,TRUE),(779,'AW22-13015','http://www.accessiweb.org/index.php/accessiweb_2.2_liste_generale.html#consultation','13.1.5',3130105,1.0,'accessiweb2.2','org.opens.tanaguru.rules.accessiweb22.Aw22Rule13015','http://www.tanaguru.org/en/content/aw22-rule-13-1-5',317,NULL,1,NULL,1,TRUE),(780,'AW22-13021','http://www.accessiweb.org/index.php/accessiweb_2.2_liste_generale.html#consultation','13.2.1',3130201,1.0,'accessiweb2.2','org.opens.tanaguru.rules.accessiweb22.Aw22Rule13021','http://www.tanaguru.org/en/content/aw22-rule-13-2-1',318,NULL,1,NULL,1,FALSE),(781,'AW22-13022','http://www.accessiweb.org/index.php/accessiweb_2.2_liste_generale.html#consultation','13.2.2',3130202,1.0,'accessiweb2.2','org.opens.tanaguru.rules.accessiweb22.Aw22Rule13022','http://www.tanaguru.org/en/content/aw22-rule-13-2-2',318,NULL,1,NULL,1,FALSE),(782,'AW22-13023','http://www.accessiweb.org/index.php/accessiweb_2.2_liste_generale.html#consultation','13.2.3',3130203,1.0,'accessiweb2.2','org.opens.tanaguru.rules.accessiweb22.Aw22Rule13023','http://www.tanaguru.org/en/content/aw22-rule-13-2-3',318,NULL,1,NULL,1,FALSE),(783,'AW22-13031','http://www.accessiweb.org/index.php/accessiweb_2.2_liste_generale.html#consultation','13.3.1',3130301,1.0,'accessiweb2.2','org.opens.tanaguru.rules.accessiweb22.Aw22Rule13031','http://www.tanaguru.org/en/content/aw22-rule-13-3-1',319,NULL,1,NULL,1,TRUE),(784,'AW22-13041','http://www.accessiweb.org/index.php/accessiweb_2.2_liste_generale.html#consultation','13.4.1',3130401,1.0,'accessiweb2.2','org.opens.tanaguru.rules.accessiweb22.Aw22Rule13041','http://www.tanaguru.org/en/content/aw22-rule-13-4-1',320,NULL,3,NULL,1,TRUE),(785,'AW22-13051','http://www.accessiweb.org/index.php/accessiweb_2.2_liste_generale.html#consultation','13.5.1',3130501,1.0,'accessiweb2.2','org.opens.tanaguru.rules.accessiweb22.Aw22Rule13051','http://www.tanaguru.org/en/content/aw22-rule-13-5-1',321,NULL,3,NULL,1,TRUE),(786,'AW22-13061','http://www.accessiweb.org/index.php/accessiweb_2.2_liste_generale.html#consultation','13.6.1',3130601,1.0,'accessiweb2.2','org.opens.tanaguru.rules.accessiweb22.Aw22Rule13061','http://www.tanaguru.org/en/content/aw22-rule-13-6-1',322,NULL,1,NULL,1,FALSE),(787,'AW22-13062','http://www.accessiweb.org/index.php/accessiweb_2.2_liste_generale.html#consultation','13.6.2',3130602,1.0,'accessiweb2.2','org.opens.tanaguru.rules.accessiweb22.Aw22Rule13062','http://www.tanaguru.org/en/content/aw22-rule-13-6-2',322,NULL,1,NULL,1,FALSE),(788,'AW22-13063','http://www.accessiweb.org/index.php/accessiweb_2.2_liste_generale.html#consultation','13.6.3',3130603,1.0,'accessiweb2.2','org.opens.tanaguru.rules.accessiweb22.Aw22Rule13063','http://www.tanaguru.org/en/content/aw22-rule-13-6-3',322,NULL,1,NULL,1,FALSE),(789,'AW22-13071','http://www.accessiweb.org/index.php/accessiweb_2.2_liste_generale.html#consultation','13.7.1',3130701,1.0,'accessiweb2.2','org.opens.tanaguru.rules.accessiweb22.Aw22Rule13071','http://www.tanaguru.org/en/content/aw22-rule-13-7-1',323,NULL,1,NULL,1,FALSE),(790,'AW22-13081','http://www.accessiweb.org/index.php/accessiweb_2.2_liste_generale.html#consultation','13.8.1',3130801,1.0,'accessiweb2.2','org.opens.tanaguru.rules.accessiweb22.Aw22Rule13081','http://www.tanaguru.org/en/content/aw22-rule-13-8-1',324,NULL,1,NULL,1,TRUE),(791,'AW22-13091','http://www.accessiweb.org/index.php/accessiweb_2.2_liste_generale.html#consultation','13.9.1',3130901,1.0,'accessiweb2.2','org.opens.tanaguru.rules.accessiweb22.Aw22Rule13091','http://www.tanaguru.org/en/content/aw22-rule-13-9-1',325,NULL,3,NULL,1,TRUE),(792,'AW22-13101','http://www.accessiweb.org/index.php/accessiweb_2.2_liste_generale.html#consultation','13.10.1',3131001,1.0,'accessiweb2.2','org.opens.tanaguru.rules.accessiweb22.Aw22Rule13101','http://www.tanaguru.org/en/content/aw22-rule-13-10-1',326,NULL,3,NULL,1,TRUE),(793,'AW22-13111','http://www.accessiweb.org/index.php/accessiweb_2.2_liste_generale.html#consultation','13.11.1',3131101,1.0,'accessiweb2.2','org.opens.tanaguru.rules.accessiweb22.Aw22Rule13111','http://www.tanaguru.org/en/content/aw22-rule-13-11-1',327,NULL,1,NULL,1,TRUE),(794,'AW22-13121','http://www.accessiweb.org/index.php/accessiweb_2.2_liste_generale.html#consultation','13.12.1',3131201,1.0,'accessiweb2.2','org.opens.tanaguru.rules.accessiweb22.Aw22Rule13121','http://www.tanaguru.org/en/content/aw22-rule-13-12-1',328,NULL,1,NULL,1,TRUE),(795,'AW22-13131','http://www.accessiweb.org/index.php/accessiweb_2.2_liste_generale.html#consultation','13.13.1',3131301,1.0,'accessiweb2.2','org.opens.tanaguru.rules.accessiweb22.Aw22Rule13131','http://www.tanaguru.org/en/content/aw22-rule-13-13-1',329,NULL,3,NULL,1,TRUE),(796,'AW22-13141','http://www.accessiweb.org/index.php/accessiweb_2.2_liste_generale.html#consultation','13.14.1',3131401,1.0,'accessiweb2.2','org.opens.tanaguru.rules.accessiweb22.Aw22Rule13141','http://www.tanaguru.org/en/content/aw22-rule-13-14-1',330,NULL,3,NULL,1,TRUE),(797,'AW22-13151','http://www.accessiweb.org/index.php/accessiweb_2.2_liste_generale.html#consultation','13.15.1',3131501,1.0,'accessiweb2.2','org.opens.tanaguru.rules.accessiweb22.Aw22Rule13151','http://www.tanaguru.org/en/content/aw22-rule-13-15-1',331,NULL,1,NULL,1,TRUE),(798,'AW22-13152','http://www.accessiweb.org/index.php/accessiweb_2.2_liste_generale.html#consultation','13.15.2',3131502,1.0,'accessiweb2.2','org.opens.tanaguru.rules.accessiweb22.Aw22Rule13152','http://www.tanaguru.org/en/content/aw22-rule-13-15-2',331,NULL,1,NULL,1,TRUE),(799,'AW22-13153','http://www.accessiweb.org/index.php/accessiweb_2.2_liste_generale.html#consultation','13.15.3',3131503,1.0,'accessiweb2.2','org.opens.tanaguru.rules.accessiweb22.Aw22Rule13153','http://www.tanaguru.org/en/content/aw22-rule-13-15-3',331,NULL,1,NULL,1,TRUE),(800,'AW22-13154','http://www.accessiweb.org/index.php/accessiweb_2.2_liste_generale.html#consultation','13.15.4',3131504,1.0,'accessiweb2.2','org.opens.tanaguru.rules.accessiweb22.Aw22Rule13154','http://www.tanaguru.org/en/content/aw22-rule-13-15-4',331,NULL,1,NULL,1,FALSE),(801,'AW22-13161','http://www.accessiweb.org/index.php/accessiweb_2.2_liste_generale.html#consultation','13.16.1',3131601,1.0,'accessiweb2.2','org.opens.tanaguru.rules.accessiweb22.Aw22Rule13161','http://www.tanaguru.org/en/content/aw22-rule-13-16-1',332,NULL,3,NULL,1,TRUE),(802,'AW22-13162','http://www.accessiweb.org/index.php/accessiweb_2.2_liste_generale.html#consultation','13.16.2',3131602,1.0,'accessiweb2.2','org.opens.tanaguru.rules.accessiweb22.Aw22Rule13162','http://www.tanaguru.org/en/content/aw22-rule-13-16-2',332,NULL,3,NULL,1,TRUE),(803,'AW22-13163','http://www.accessiweb.org/index.php/accessiweb_2.2_liste_generale.html#consultation','13.16.3',3131603,1.0,'accessiweb2.2','org.opens.tanaguru.rules.accessiweb22.Aw22Rule13163','http://www.tanaguru.org/en/content/aw22-rule-13-16-3',332,NULL,3,NULL,1,TRUE),(804,'AW22-13164','http://www.accessiweb.org/index.php/accessiweb_2.2_liste_generale.html#consultation','13.16.4',3131604,1.0,'accessiweb2.2','org.opens.tanaguru.rules.accessiweb22.Aw22Rule13164','http://www.tanaguru.org/en/content/aw22-rule-13-16-4',332,NULL,3,NULL,1,FALSE),(805,'AW22-13171','http://www.accessiweb.org/index.php/accessiweb_2.2_liste_generale.html#consultation','13.17.1',3131701,1.0,'accessiweb2.2','org.opens.tanaguru.rules.accessiweb22.Aw22Rule13171','http://www.tanaguru.org/en/content/aw22-rule-13-17-1',333,NULL,1,NULL,1,TRUE),(806,'AW22-13172','http://www.accessiweb.org/index.php/accessiweb_2.2_liste_generale.html#consultation','13.17.2',3131702,1.0,'accessiweb2.2','org.opens.tanaguru.rules.accessiweb22.Aw22Rule13172','http://www.tanaguru.org/en/content/aw22-rule-13-17-2',333,NULL,1,NULL,1,TRUE),(1001,'Seo-01011','','1.1.1',10001011,1.0,'seo','org.opens.tanaguru.rules.seo.SeoRule01011',NULL,1001,NULL,1,NULL,1,FALSE),(1002,'Seo-01012','','1.1.2',10001012,1.0,'seo','org.opens.tanaguru.rules.seo.SeoRule01012',NULL,1001,NULL,1,NULL,1,FALSE),(1003,'Seo-01013','','1.1.3',10001013,1.0,'seo','org.opens.tanaguru.rules.seo.SeoRule01013',NULL,1001,NULL,1,NULL,1,FALSE),(1004,'Seo-01021','','1.2.1',10001021,1.0,'seo','org.opens.tanaguru.rules.seo.SeoRule01021',NULL,1002,NULL,1,NULL,3,FALSE),(1005,'Seo-01031','','1.3.1',10001031,1.0,'seo','org.opens.tanaguru.rules.seo.SeoRule01031',NULL,1003,NULL,1,NULL,1,FALSE),(1006,'Seo-01041','','1.4.1',10001041,1.0,'seo','org.opens.tanaguru.rules.seo.SeoRule01041',NULL,1004,NULL,1,NULL,3,FALSE),(1007,'Seo-01051','','1.5.1',10001051,1.0,'seo','org.opens.tanaguru.rules.seo.SeoRule01051',NULL,1005,NULL,1,NULL,2,FALSE),(1008,'Seo-01061','','1.6.1',10001061,1.0,'seo','org.opens.tanaguru.rules.seo.SeoRule01061',NULL,1020,NULL,1,NULL,2,FALSE),(1009,'Seo-02011','','2.1.1',10002011,1.0,'seo','org.opens.tanaguru.rules.seo.SeoRule02011',NULL,1006,NULL,1,NULL,1,FALSE),(1010,'Seo-02012','','2.1.2',10002012,1.0,'seo','org.opens.tanaguru.rules.seo.SeoRule02012',NULL,1006,NULL,1,NULL,1,FALSE),(1011,'Seo-02013','','2.1.3',10002013,1.0,'seo','org.opens.tanaguru.rules.seo.SeoRule02013',NULL,1006,NULL,1,NULL,1,FALSE),(1012,'Seo-03011','','3.1.1',10003011,1.0,'seo','org.opens.tanaguru.rules.seo.SeoRule03011',NULL,1007,NULL,1,NULL,1,FALSE),(1013,'Seo-03012','','3.1.2',10003012,1.0,'seo','org.opens.tanaguru.rules.seo.SeoRule03012',NULL,1007,NULL,1,NULL,1,FALSE),(1014,'Seo-05011','','5.1.1',10005011,1.0,'seo','org.opens.tanaguru.rules.seo.SeoRule05011',NULL,1009,NULL,2,NULL,1,FALSE),(1015,'Seo-05012','','5.1.2',10005012,1.0,'seo','org.opens.tanaguru.rules.seo.SeoRule05012',NULL,1009,NULL,2,NULL,1,FALSE),(1016,'Seo-05013','','5.1.3',10005013,1.0,'seo','org.opens.tanaguru.rules.seo.SeoRule05013',NULL,1009,NULL,2,NULL,1,FALSE),(1017,'Seo-06011','','6.1.1',10006011,1.0,'seo','org.opens.tanaguru.rules.seo.SeoRule06011',NULL,1010,NULL,1,NULL,1,FALSE),(1018,'Seo-06021','','6.2.1',10006021,1.0,'seo','org.opens.tanaguru.rules.seo.SeoRule06021',NULL,1011,NULL,1,NULL,1,FALSE),(1019,'Seo-06031','','6.3.1',10006031,1.0,'seo','org.opens.tanaguru.rules.seo.SeoRule06031',NULL,1012,NULL,1,NULL,1,FALSE),(1020,'Seo-06041','','6.4.1',10006041,1.0,'seo','org.opens.tanaguru.rules.seo.SeoRule06041',NULL,1013,NULL,1,NULL,3,FALSE),(1021,'Seo-06051','','6.5.1',10006051,1.0,'seo','org.opens.tanaguru.rules.seo.SeoRule06051',NULL,1014,NULL,2,NULL,1,FALSE),(1022,'Seo-06052','','6.5.2',10006052,1.0,'seo','org.opens.tanaguru.rules.seo.SeoRule06052',NULL,1014,NULL,2,NULL,1,FALSE),(1023,'Seo-07011','','7.1.1',10007011,1.0,'seo','org.opens.tanaguru.rules.seo.SeoRule07011',NULL,1015,NULL,1,NULL,1,FALSE),(1024,'Seo-07012','','7.1.2',10007012,1.0,'seo','org.opens.tanaguru.rules.seo.SeoRule07012',NULL,1015,NULL,1,NULL,1,FALSE),(1025,'Seo-07021','','7.2.1',10007021,1.0,'seo','org.opens.tanaguru.rules.seo.SeoRule07021',NULL,1016,NULL,2,NULL,1,FALSE),(1026,'Seo-07051','','7.5.1',10007051,1.0,'seo','org.opens.tanaguru.rules.seo.SeoRule07051',NULL,1017,NULL,2,NULL,1,FALSE),(1027,'Seo-07061','','7.6.1',10007061,1.0,'seo','org.opens.tanaguru.rules.seo.SeoRule07061',NULL,1018,NULL,1,NULL,3,FALSE),(1029,'Seo-08011','','8.1.1',10008011,1.0,'seo','org.opens.tanaguru.rules.seo.SeoRule08011',NULL,1021,NULL,1,NULL,1,FALSE),(2001,'Rgaa22-01011','http://rgaa.net/1-1-Absence-de-cadres-non-titres.html','1.1',2010101,1.0,'rgaa2.2','org.opens.tanaguru.rules.rgaa22.Rgaa22Rule01011','http://www.tanaguru.org/en/content/rgaa22-rule-1-1',2001,NULL,4,NULL,1,FALSE),(2002,'Rgaa22-01021','http://rgaa.net/Pertinence-des-titres-donnes-aux.html','1.2',2010201,1.0,'rgaa2.2','org.opens.tanaguru.rules.rgaa22.Rgaa22Rule01021','http://www.tanaguru.org/en/content/rgaa22-rule-1-2',2002,NULL,4,NULL,1,FALSE),(2003,'Rgaa22-02011','http://rgaa.net/presence-d-un-autre-moyen-que-la.html','2.1',2020101,1.0,'rgaa2.2','org.opens.tanaguru.rules.rgaa22.Rgaa22Rule02011','http://www.tanaguru.org/en/content/rgaa22-rule-2-1',2003,NULL,4,NULL,1,TRUE),(2004,'Rgaa22-02021','http://rgaa.net/presence-d-un-autre-moyen-que-la,4.html','2.2',2020201,1.0,'rgaa2.2','org.opens.tanaguru.rules.rgaa22.Rgaa22Rule02021','http://www.tanaguru.org/en/content/rgaa22-rule-2-2',2004,NULL,4,NULL,1,TRUE),(2005,'Rgaa22-02031','http://rgaa.net/presence-d-un-moyen-de.html','2.3',2020301,1.0,'rgaa2.2','org.opens.tanaguru.rules.rgaa22.Rgaa22Rule02031','http://www.tanaguru.org/en/content/rgaa22-rule-2-3',2005,NULL,4,NULL,1,TRUE),(2006,'Rgaa22-02041','http://rgaa.net/presence-d-un-moyen-de,6.html','2.4',2020401,1.0,'rgaa2.2','org.opens.tanaguru.rules.rgaa22.Rgaa22Rule02041','http://www.tanaguru.org/en/content/rgaa22-rule-2-4',2006,NULL,4,NULL,1,TRUE),(2007,'Rgaa22-02051','http://rgaa.net/Valeur-du-rapport-de-contraste-du.html','2.5',2020501,1.0,'rgaa2.2','org.opens.tanaguru.rules.rgaa22.Rgaa22Rule02051','http://www.tanaguru.org/en/content/rgaa22-rule-2-5',2007,NULL,5,NULL,1,TRUE),(2008,'Rgaa22-02061','http://rgaa.net/Valeur-du-rapport-de-contraste-du,8.html','2.6',2020601,1.0,'rgaa2.2','org.opens.tanaguru.rules.rgaa22.Rgaa22Rule02061','http://www.tanaguru.org/en/content/rgaa22-rule-2-6',2008,NULL,5,NULL,1,TRUE),(2009,'Rgaa22-02071','http://rgaa.net/Valeur-du-rapport-de-contraste-du,9.html','2.7',2020701,1.0,'rgaa2.2','org.opens.tanaguru.rules.rgaa22.Rgaa22Rule02071','http://www.tanaguru.org/en/content/rgaa22-rule-2-7',2009,NULL,5,NULL,1,FALSE),(2010,'Rgaa22-02081','http://rgaa.net/Valeur-du-rapport-de-contraste-du,10.html','2.8',2020801,1.0,'rgaa2.2','org.opens.tanaguru.rules.rgaa22.Rgaa22Rule02081','http://www.tanaguru.org/en/content/rgaa22-rule-2-8',2010,NULL,5,NULL,1,TRUE),(2011,'Rgaa22-02091','http://rgaa.net/Valeur-du-rapport-de-contraste-du,11.html','2.9',2020901,1.0,'rgaa2.2','org.opens.tanaguru.rules.rgaa22.Rgaa22Rule02091','http://www.tanaguru.org/en/content/rgaa22-rule-2-9',2011,NULL,5,NULL,1,TRUE),(2012,'Rgaa22-02101','http://rgaa.net/Valeur-du-rapport-de-contraste-du,12.html','2.10',2021001,1.0,'rgaa2.2','org.opens.tanaguru.rules.rgaa22.Rgaa22Rule02101','http://www.tanaguru.org/en/content/rgaa22-rule-2-10',2012,NULL,5,NULL,1,FALSE),(2013,'Rgaa22-02111','http://rgaa.net/Valeur-du-rapport-de-contraste-du,13.html','2.11',2021101,1.0,'rgaa2.2','org.opens.tanaguru.rules.rgaa22.Rgaa22Rule02111','http://www.tanaguru.org/en/content/rgaa22-rule-2-11',2013,NULL,6,NULL,1,TRUE),(2014,'Rgaa22-02121','http://rgaa.net/Valeur-du-rapport-de-contraste-du,14.html','2.12',2021201,1.0,'rgaa2.2','org.opens.tanaguru.rules.rgaa22.Rgaa22Rule02121','http://www.tanaguru.org/en/content/rgaa22-rule-2-12',2014,NULL,6,NULL,1,TRUE),(2015,'Rgaa22-02131','http://rgaa.net/Valeur-du-rapport-de-contraste-du,15.html','2.13',2021301,1.0,'rgaa2.2','org.opens.tanaguru.rules.rgaa22.Rgaa22Rule02131','http://www.tanaguru.org/en/content/rgaa22-rule-2-13',2015,NULL,6,NULL,1,FALSE),(2016,'Rgaa22-02141','http://rgaa.net/Valeur-du-rapport-de-contraste-du,16.html','2.14',2021401,1.0,'rgaa2.2','org.opens.tanaguru.rules.rgaa22.Rgaa22Rule02141','http://www.tanaguru.org/en/content/rgaa22-rule-2-14',2016,NULL,6,NULL,1,TRUE),(2017,'Rgaa22-02151','http://rgaa.net/Valeur-du-rapport-de-contraste-du,17.html','2.15',2021501,1.0,'rgaa2.2','org.opens.tanaguru.rules.rgaa22.Rgaa22Rule02151','http://www.tanaguru.org/en/content/rgaa22-rule-2-15',2017,NULL,6,NULL,1,TRUE),(2018,'Rgaa22-02161','http://rgaa.net/Valeur-du-rapport-de-contraste-du,18.html','2.16',2021601,1.0,'rgaa2.2','org.opens.tanaguru.rules.rgaa22.Rgaa22Rule02161','http://www.tanaguru.org/en/content/rgaa22-rule-2-16',2018,NULL,6,NULL,1,FALSE),(2019,'Rgaa22-03011','http://rgaa.net/Possibilite-d-identifier-les.html','3.1',2030101,1.0,'rgaa2.2','org.opens.tanaguru.rules.rgaa22.Rgaa22Rule03011','http://www.tanaguru.org/en/content/rgaa22-rule-3-1',2019,NULL,4,NULL,1,FALSE),(2020,'Rgaa22-03021','http://rgaa.net/presence-d-information-prealable.html','3.2',2030201,1.0,'rgaa2.2','org.opens.tanaguru.rules.rgaa22.Rgaa22Rule03021','http://www.tanaguru.org/en/content/rgaa22-rule-3-2',2020,NULL,4,NULL,1,FALSE),(2021,'Rgaa22-03031','http://rgaa.net/Positionnement-correct-des.html','3.3',2030301,1.0,'rgaa2.2','org.opens.tanaguru.rules.rgaa22.Rgaa22Rule03031','http://www.tanaguru.org/en/content/rgaa22-rule-3-3',2021,NULL,4,NULL,1,FALSE),(2022,'Rgaa22-03041','http://rgaa.net/Regroupement-d-elements-de.html','3.4',2030401,1.0,'rgaa2.2','org.opens.tanaguru.rules.rgaa22.Rgaa22Rule03041','http://www.tanaguru.org/en/content/rgaa22-rule-3-4',2022,NULL,4,NULL,1,FALSE),(2023,'Rgaa22-03051','http://rgaa.net/Absence-d-element-fieldset-sans.html','3.5',2030501,1.0,'rgaa2.2','org.opens.tanaguru.rules.rgaa22.Rgaa22Rule03051','http://www.tanaguru.org/en/content/rgaa22-rule-3-5',2023,NULL,4,NULL,1,FALSE),(2024,'Rgaa22-03061','http://rgaa.net/Pertinence-du-contenu-de-l-element.html','3.6',2030601,1.0,'rgaa2.2','org.opens.tanaguru.rules.rgaa22.Rgaa22Rule03061','http://www.tanaguru.org/en/content/rgaa22-rule-3-6',2024,NULL,4,NULL,1,FALSE),(2025,'Rgaa22-03071','http://rgaa.net/Regroupement-d-elements-option.html','3.7',2030701,1.0,'rgaa2.2','org.opens.tanaguru.rules.rgaa22.Rgaa22Rule03071','http://www.tanaguru.org/en/content/rgaa22-rule-3-7',2025,NULL,4,NULL,1,FALSE),(2026,'Rgaa22-03081','http://rgaa.net/presence-d-un-attribut-label-sur-l.html','3.8',2030801,1.0,'rgaa2.2','org.opens.tanaguru.rules.rgaa22.Rgaa22Rule03081','http://www.tanaguru.org/en/content/rgaa22-rule-3-8',2026,NULL,4,NULL,1,FALSE),(2027,'Rgaa22-03091','http://rgaa.net/Pertinence-du-contenu-de-l.html','3.9',2030901,1.0,'rgaa2.2','org.opens.tanaguru.rules.rgaa22.Rgaa22Rule03091','http://www.tanaguru.org/en/content/rgaa22-rule-3-9',2027,NULL,4,NULL,1,FALSE),(2028,'Rgaa22-03101','http://rgaa.net/Absence-d-element-de-formulaire.html','3.10',2031001,1.0,'rgaa2.2','org.opens.tanaguru.rules.rgaa22.Rgaa22Rule03101','http://www.tanaguru.org/en/content/rgaa22-rule-3-10',2028,NULL,4,NULL,1,FALSE),(2029,'Rgaa22-03111','http://rgaa.net/Absence-d-element-de-formulaire,29.html','3.11',2031101,1.0,'rgaa2.2','org.opens.tanaguru.rules.rgaa22.Rgaa22Rule03121','http://www.tanaguru.org/en/content/rgaa22-rule-3-11',2029,NULL,4,NULL,1,FALSE),(2030,'Rgaa22-03121','http://rgaa.net/Pertinence-des-etiquettes-d.html','3.12',2031201,1.0,'rgaa2.2','org.opens.tanaguru.rules.rgaa22.Rgaa22Rule03121','http://www.tanaguru.org/en/content/rgaa22-rule-3-12',2030,NULL,4,NULL,1,FALSE),(2031,'Rgaa22-03131','http://rgaa.net/presence-d-informations-ou-de.html','3.13',2031301,1.0,'rgaa2.2','org.opens.tanaguru.rules.rgaa22.Rgaa22Rule03131','http://www.tanaguru.org/en/content/rgaa22-rule-3-13',2031,NULL,5,NULL,1,FALSE),(2032,'Rgaa22-03141','http://rgaa.net/presence-de-mecanismes-permettant.html','3.14',2031401,1.0,'rgaa2.2','org.opens.tanaguru.rules.rgaa22.Rgaa22Rule03141','http://www.tanaguru.org/en/content/rgaa22-rule-3-14',2032,NULL,5,NULL,1,FALSE),(2033,'Rgaa22-03151','http://rgaa.net/presence-de-mecanismes-permettant,33.html','3.15',2031501,1.0,'rgaa2.2','org.opens.tanaguru.rules.rgaa22.Rgaa22Rule03151','http://www.tanaguru.org/en/content/rgaa22-rule-3-15',2033,NULL,6,NULL,1,FALSE),(2034,'Rgaa22-03161','http://rgaa.net/presence-d-une-page-d-aide-ou-d-un.html','3.16',2031601,1.0,'rgaa2.2','org.opens.tanaguru.rules.rgaa22.Rgaa22Rule03161','http://www.tanaguru.org/en/content/rgaa22-rule-3-16',2034,NULL,6,NULL,1,FALSE),(2035,'Rgaa22-04011','http://rgaa.net/presence-de-l-attribut-alt.html','4.1',2040101,1.0,'rgaa2.2','org.opens.tanaguru.rules.rgaa22.Rgaa22Rule04011','http://www.tanaguru.org/en/content/rgaa22-rule-4-1',2035,NULL,4,NULL,1,TRUE),(2036,'Rgaa22-04021','http://rgaa.net/Pertinence-de-l-alternative.html','4.2',2040201,1.0,'rgaa2.2','org.opens.tanaguru.rules.rgaa22.Rgaa22Rule04021','http://www.tanaguru.org/en/content/rgaa22-rule-4-2',2036,NULL,4,NULL,1,TRUE),(2037,'Rgaa22-04031','http://rgaa.net/Pertinence-de-l-alternative,37.html','4.3',2040301,1.0,'rgaa2.2','org.opens.tanaguru.rules.rgaa22.Rgaa22Rule04031','http://www.tanaguru.org/en/content/rgaa22-rule-4-3',2037,NULL,4,NULL,1,TRUE),(2038,'Rgaa22-04041','http://rgaa.net/Pertinence-de-l-alternative,38.html','4.4',2040401,1.0,'rgaa2.2','org.opens.tanaguru.rules.rgaa22.Rgaa22Rule04041','http://www.tanaguru.org/en/content/rgaa22-rule-4-4',2038,NULL,4,NULL,1,TRUE),(2039,'Rgaa22-04051','http://rgaa.net/Pertinence-de-l-alternative-vide.html','4.5',2040501,1.0,'rgaa2.2','org.opens.tanaguru.rules.rgaa22.Rgaa22Rule04051','http://www.tanaguru.org/en/content/rgaa22-rule-4-5',2039,NULL,4,NULL,1,TRUE),(2040,'Rgaa22-04061','http://rgaa.net/longueur-du-contenu-des.html','4.6',2040601,1.0,'rgaa2.2','org.opens.tanaguru.rules.rgaa22.Rgaa22Rule04061','http://www.tanaguru.org/en/content/rgaa22-rule-4-6',2040,NULL,4,NULL,1,TRUE),(2041,'Rgaa22-04071','http://rgaa.net/Existence-d-une-description-longue.html','4.7',2040701,1.0,'rgaa2.2','org.opens.tanaguru.rules.rgaa22.Rgaa22Rule04071','http://www.tanaguru.org/en/content/rgaa22-rule-4-7',2041,NULL,4,NULL,1,TRUE),(2042,'Rgaa22-04081','http://rgaa.net/Pertinence-de-la-description.html','4.8',2040801,1.0,'rgaa2.2','org.opens.tanaguru.rules.rgaa22.Rgaa22Rule04081','http://www.tanaguru.org/en/content/rgaa22-rule-4-8',2042,NULL,4,NULL,1,TRUE),(2043,'Rgaa22-04091','http://rgaa.net/presence-de-l-attribut-longdesc.html','4.9',2040901,1.0,'rgaa2.2','org.opens.tanaguru.rules.rgaa22.Rgaa22Rule04091','http://www.tanaguru.org/en/content/rgaa22-rule-4-9',2043,NULL,4,NULL,1,TRUE),(2044,'Rgaa22-04101','http://rgaa.net/presence-d-une-information-de.html','4.10',2041001,1.0,'rgaa2.2','org.opens.tanaguru.rules.rgaa22.Rgaa22Rule04101','http://www.tanaguru.org/en/content/rgaa22-rule-4-10',2044,NULL,4,NULL,1,TRUE),(2045,'Rgaa22-04111','http://rgaa.net/Coherence-dans-l-identification.html','4.11',2041101,1.0,'rgaa2.2','org.opens.tanaguru.rules.rgaa22.Rgaa22Rule04111','http://www.tanaguru.org/en/content/rgaa22-rule-4-11',2045,NULL,5,NULL,1,TRUE),(2046,'Rgaa22-05011','http://rgaa.net/Acces-a-une-information.html','5.1',2050101,1.0,'rgaa2.2','org.opens.tanaguru.rules.rgaa22.Rgaa22Rule05011','http://www.tanaguru.org/en/content/rgaa22-rule-5-1',2046,NULL,4,NULL,1,TRUE),(2047,'Rgaa22-05021','http://rgaa.net/presence-de-la-transcription.html','5.2',2050201,1.0,'rgaa2.2','org.opens.tanaguru.rules.rgaa22.Rgaa22Rule05021','http://www.tanaguru.org/en/content/rgaa22-rule-5-2',2047,NULL,4,NULL,1,TRUE),(2048,'Rgaa22-05031','http://rgaa.net/Pertinence-de-la-transcription.html','5.3',2050301,1.0,'rgaa2.2','org.opens.tanaguru.rules.rgaa22.Rgaa22Rule05031','http://www.tanaguru.org/en/content/rgaa22-rule-5-3',2048,NULL,4,NULL,1,TRUE),(2049,'Rgaa22-05041','http://rgaa.net/presence-d-une-description-audio.html','5.4',2050401,1.0,'rgaa2.2','org.opens.tanaguru.rules.rgaa22.Rgaa22Rule05041','http://www.tanaguru.org/en/content/rgaa22-rule-5-4',2049,NULL,4,NULL,1,TRUE),(2050,'Rgaa22-05051','http://rgaa.net/Pertinence-de-la-description-audio.html','5.5',2050501,1.0,'rgaa2.2','org.opens.tanaguru.rules.rgaa22.Rgaa22Rule05051','http://www.tanaguru.org/en/content/rgaa22-rule-5-5',2050,NULL,4,NULL,1,TRUE),(2051,'Rgaa22-05061','http://rgaa.net/Possibilite-de-controler-l.html','5.6',2050601,1.0,'rgaa2.2','org.opens.tanaguru.rules.rgaa22.Rgaa22Rule05061','http://www.tanaguru.org/en/content/rgaa22-rule-5-6',2051,NULL,4,NULL,1,TRUE),(2052,'Rgaa22-05071','http://rgaa.net/presence-d-une-description-audio,52.html','5.7',2050701,1.0,'rgaa2.2','org.opens.tanaguru.rules.rgaa22.Rgaa22Rule05071','http://www.tanaguru.org/en/content/rgaa22-rule-5-7',2052,NULL,6,NULL,1,TRUE),(2053,'Rgaa22-05081','http://rgaa.net/presence-d-une-description-audio,53.html','5.8',2050801,1.0,'rgaa2.2','org.opens.tanaguru.rules.rgaa22.Rgaa22Rule05081','http://www.tanaguru.org/en/content/rgaa22-rule-5-8',2053,NULL,5,NULL,1,TRUE),(2054,'Rgaa22-05091','http://rgaa.net/presence-du-sous-titrage.html','5.9',2050901,1.0,'rgaa2.2','org.opens.tanaguru.rules.rgaa22.Rgaa22Rule05091','http://www.tanaguru.org/en/content/rgaa22-rule-5-9',2054,NULL,4,NULL,1,TRUE),(2055,'Rgaa22-05101','http://rgaa.net/Pertinence-du-sous-titrage.html','5.10',2051001,1.0,'rgaa2.2','org.opens.tanaguru.rules.rgaa22.Rgaa22Rule05101','http://www.tanaguru.org/en/content/rgaa22-rule-5-10',2055,NULL,4,NULL,1,TRUE),(2056,'Rgaa22-05111','http://rgaa.net/presence-d-une-alternative-aux.html','5.11',2051101,1.0,'rgaa2.2','org.opens.tanaguru.rules.rgaa22.Rgaa22Rule05111','http://www.tanaguru.org/en/content/rgaa22-rule-5-11',2056,NULL,4,NULL,1,FALSE),(2057,'Rgaa22-05121','http://rgaa.net/presence-d-une-alternative-aux,57.html','5.12',2051201,1.0,'rgaa2.2','org.opens.tanaguru.rules.rgaa22.Rgaa22Rule05121','http://www.tanaguru.org/en/content/rgaa22-rule-5-12',2057,NULL,4,NULL,1,FALSE),(2058,'Rgaa22-05131','http://rgaa.net/Absence-d-elements-provoquant-des.html','5.13',2051301,1.0,'rgaa2.2','org.opens.tanaguru.rules.rgaa22.Rgaa22Rule05131','http://www.tanaguru.org/en/content/rgaa22-rule-5-13',2058,NULL,4,NULL,1,TRUE),(2059,'Rgaa22-05141','http://rgaa.net/Absence-de-code-javascript,59.html','5.14',2051401,1.0,'rgaa2.2','org.opens.tanaguru.rules.rgaa22.Rgaa22Rule05141','http://www.tanaguru.org/en/content/rgaa22-rule-5-14',2059,NULL,4,NULL,1,TRUE),(2060,'Rgaa22-05151','http://rgaa.net/Absence-de-mise-en-forme.html','5.15',2051501,1.0,'rgaa2.2','org.opens.tanaguru.rules.rgaa22.Rgaa22Rule05151','http://www.tanaguru.org/en/content/rgaa22-rule-5-15',2060,NULL,4,NULL,1,TRUE),(2061,'Rgaa22-05161','http://rgaa.net/Compatibilite-des-elements.html','5.16',2051601,1.0,'rgaa2.2','org.opens.tanaguru.rules.rgaa22.Rgaa22Rule05161','http://www.tanaguru.org/en/content/rgaa22-rule-5-16',2061,NULL,4,NULL,1,FALSE),(2062,'Rgaa22-05171','http://rgaa.net/Absence-totale-de-changements.html','5.17',2051701,1.0,'rgaa2.2','org.opens.tanaguru.rules.rgaa22.Rgaa22Rule05171','http://www.tanaguru.org/en/content/rgaa22-rule-5-17',2062,NULL,6,NULL,1,TRUE),(2063,'Rgaa22-05181','http://rgaa.net/presence-du-sous-titrage,63.html','5.18',2051801,1.0,'rgaa2.2','org.opens.tanaguru.rules.rgaa22.Rgaa22Rule05181','http://www.tanaguru.org/en/content/rgaa22-rule-5-18',2063,NULL,5,NULL,1,TRUE),(2064,'Rgaa22-05191','http://rgaa.net/Absence-de-l-element-blink.html','5.19',2051901,1.0,'rgaa2.2','org.opens.tanaguru.rules.rgaa22.Rgaa22Rule05191','http://www.tanaguru.org/en/content/rgaa22-rule-5-19',2064,NULL,4,NULL,1,FALSE),(2065,'Rgaa22-05201','http://rgaa.net/Absence-d-elements-provoquant-des,65.html','5.20',2052001,1.0,'rgaa2.2','org.opens.tanaguru.rules.rgaa22.Rgaa22Rule05201','http://www.tanaguru.org/en/content/rgaa22-rule-5-20',2065,NULL,4,NULL,1,TRUE),(2066,'Rgaa22-05211','http://rgaa.net/Absence-de-code-javascript,66.html','5.21',2052101,1.0,'rgaa2.2','org.opens.tanaguru.rules.rgaa22.Rgaa22Rule05211','http://www.tanaguru.org/en/content/rgaa22-rule-5-21',2066,NULL,4,NULL,1,TRUE),(2067,'Rgaa22-05221','http://rgaa.net/Absence-de-mise-en-forme,67.html','5.22',2052201,1.0,'rgaa2.2','org.opens.tanaguru.rules.rgaa22.Rgaa22Rule05221','http://www.tanaguru.org/en/content/rgaa22-rule-5-22',2067,NULL,4,NULL,1,TRUE),(2068,'Rgaa22-05231','http://rgaa.net/Absence-d-element-marquee.html','5.23',2052301,1.0,'rgaa2.2','org.opens.tanaguru.rules.rgaa22.Rgaa22Rule05231','http://www.tanaguru.org/en/content/rgaa22-rule-5-23',2068,NULL,4,NULL,1,FALSE),(2069,'Rgaa22-05241','http://rgaa.net/Absence-d-elements-affichant-des.html','5.24',2052401,1.0,'rgaa2.2','org.opens.tanaguru.rules.rgaa22.Rgaa22Rule05241','http://www.tanaguru.org/en/content/rgaa22-rule-5-24',2069,NULL,4,NULL,1,TRUE),(2070,'Rgaa22-05251','http://rgaa.net/Absence-de-code-javascript,70.html','5.25',2052501,1.0,'rgaa2.2','org.opens.tanaguru.rules.rgaa22.Rgaa22Rule05251','http://www.tanaguru.org/en/content/rgaa22-rule-5-25',2070,NULL,4,NULL,1,TRUE),(2071,'Rgaa22-05261','http://rgaa.net/Absence-de-mise-en-forme,71.html','5.26',2052601,1.0,'rgaa2.2','org.opens.tanaguru.rules.rgaa22.Rgaa22Rule05261','http://www.tanaguru.org/en/content/rgaa22-rule-5-26',2071,NULL,4,NULL,1,TRUE),(2072,'Rgaa22-05271','http://rgaa.net/Independance-du-peripherique-d.html','5.27',2052701,1.0,'rgaa2.2','org.opens.tanaguru.rules.rgaa22.Rgaa22Rule05271','http://www.tanaguru.org/en/content/rgaa22-rule-5-27',2072,NULL,4,NULL,1,FALSE),(2073,'Rgaa22-05281','http://rgaa.net/presence-d-une-alternative-aux,73.html','5.28',2052801,1.0,'rgaa2.2','org.opens.tanaguru.rules.rgaa22.Rgaa22Rule05281','http://www.tanaguru.org/en/content/rgaa22-rule-5-28',2073,NULL,4,NULL,1,FALSE),(2074,'Rgaa22-05291','http://rgaa.net/Absence-d-elements-declenchant-la.html','5.29',2052901,1.0,'rgaa2.2','org.opens.tanaguru.rules.rgaa22.Rgaa22Rule05291','http://www.tanaguru.org/en/content/rgaa22-rule-5-29',2074,NULL,4,NULL,1,TRUE),(2075,'Rgaa22-05301','http://rgaa.net/Absence-d-element-bgsound.html','5.30',2053001,1.0,'rgaa2.2','org.opens.tanaguru.rules.rgaa22.Rgaa22Rule05301','http://www.tanaguru.org/en/content/rgaa22-rule-5-30',2075,NULL,4,NULL,1,FALSE),(2076,'Rgaa22-05311','http://rgaa.net/presence-de-version-en-langue-des.html','5.31',2053101,1.0,'rgaa2.2','org.opens.tanaguru.rules.rgaa22.Rgaa22Rule05311','http://www.tanaguru.org/en/content/rgaa22-rule-5-31',2076,NULL,6,NULL,1,TRUE),(2077,'Rgaa22-05321','http://rgaa.net/Pertinence-de-la-version-en-langue.html','5.32',2053201,1.0,'rgaa2.2','org.opens.tanaguru.rules.rgaa22.Rgaa22Rule05321','http://www.tanaguru.org/en/content/rgaa22-rule-5-32',2077,NULL,6,NULL,1,TRUE),(2078,'Rgaa22-05331','http://rgaa.net/Niveau-sonore-de-la-piste-de.html','5.33',2053301,1.0,'rgaa2.2','org.opens.tanaguru.rules.rgaa22.Rgaa22Rule05331','http://www.tanaguru.org/en/content/rgaa22-rule-5-33',2078,NULL,6,NULL,1,TRUE),(2079,'Rgaa22-05341','http://rgaa.net/presence-d-un-mecanisme-pour.html','5.34',2053401,1.0,'rgaa2.2','org.opens.tanaguru.rules.rgaa22.Rgaa22Rule05341','http://www.tanaguru.org/en/content/rgaa22-rule-5-34',2079,NULL,6,NULL,1,TRUE),(2080,'Rgaa22-06011','http://rgaa.net/Acces-aux-ens-textuels-doublant.html','6.1',2060101,1.0,'rgaa2.2','org.opens.tanaguru.rules.rgaa22.Rgaa22Rule06011','http://www.tanaguru.org/en/content/rgaa22-rule-6-1',2080,NULL,4,NULL,1,TRUE),(2081,'Rgaa22-06021','http://rgaa.net/presence-d-un-avertissement.html','6.2',2060201,1.0,'rgaa2.2','org.opens.tanaguru.rules.rgaa22.Rgaa22Rule06021','http://www.tanaguru.org/en/content/rgaa22-rule-6-2',2081,NULL,4,NULL,1,TRUE),(2082,'Rgaa22-06031','http://rgaa.net/presence-d-un-avertissement,82.html','6.3',2060301,1.0,'rgaa2.2','org.opens.tanaguru.rules.rgaa22.Rgaa22Rule06031','http://www.tanaguru.org/en/content/rgaa22-rule-6-3',2082,NULL,4,NULL,1,TRUE),(2083,'Rgaa22-06041','http://rgaa.net/presence-d-un-avertissement,83.html','6.4',2060401,1.0,'rgaa2.2','org.opens.tanaguru.rules.rgaa22.Rgaa22Rule06041','http://www.tanaguru.org/en/content/rgaa22-rule-6-4',2083,NULL,4,NULL,1,TRUE),(2084,'Rgaa22-06051','http://rgaa.net/Absence-d-ouverture-de-nouvelles.html','6.5',2060501,1.0,'rgaa2.2','org.opens.tanaguru.rules.rgaa22.Rgaa22Rule06051','http://www.tanaguru.org/en/content/rgaa22-rule-6-5',2084,NULL,4,NULL,1,TRUE),(2085,'Rgaa22-06061','http://rgaa.net/Absence-de-piege-lors-de-la.html','6.6',2060601,1.0,'rgaa2.2','org.opens.tanaguru.rules.rgaa22.Rgaa22Rule06061','http://www.tanaguru.org/en/content/rgaa22-rule-6-6',2085,NULL,4,NULL,1,TRUE),(2086,'Rgaa22-06071','http://rgaa.net/Absence-d-element-meta-provoquant.html','6.7',2060701,1.0,'rgaa2.2','org.opens.tanaguru.rules.rgaa22.Rgaa22Rule06071','http://www.tanaguru.org/en/content/rgaa22-rule-6-7',2086,NULL,4,NULL,1,TRUE),(2087,'Rgaa22-06081','http://rgaa.net/Absence-de-code-javascript.html','6.8',2060801,1.0,'rgaa2.2','org.opens.tanaguru.rules.rgaa22.Rgaa22Rule06081','http://www.tanaguru.org/en/content/rgaa22-rule-6-8',2087,NULL,4,NULL,1,TRUE),(2088,'Rgaa22-06091','http://rgaa.net/Absence-d-elements-provoquant-un.html','6.9',2060901,1.0,'rgaa2.2','org.opens.tanaguru.rules.rgaa22.Rgaa22Rule06091','http://www.tanaguru.org/en/content/rgaa22-rule-6-9',2088,NULL,4,NULL,1,TRUE),(2089,'Rgaa22-06101','http://rgaa.net/Absence-d-element-meta-provoquant,89.html','6.10',2061001,1.0,'rgaa2.2','org.opens.tanaguru.rules.rgaa22.Rgaa22Rule06101','http://www.tanaguru.org/en/content/rgaa22-rule-6-10',2089,NULL,4,NULL,1,TRUE),(2090,'Rgaa22-06111','http://rgaa.net/Absence-de-code-javascript,90.html','6.11',2061101,1.0,'rgaa2.2','org.opens.tanaguru.rules.rgaa22.Rgaa22Rule06111','http://www.tanaguru.org/en/content/rgaa22-rule-6-11',2090,NULL,4,NULL,1,TRUE),(2091,'Rgaa22-06121','http://rgaa.net/Absence-d-elements-provoquant-une.html','6.12',2061201,1.0,'rgaa2.2','org.opens.tanaguru.rules.rgaa22.Rgaa22Rule06121','http://www.tanaguru.org/en/content/rgaa22-rule-6-12',2091,NULL,4,NULL,1,TRUE),(2092,'Rgaa22-06131','http://rgaa.net/Possibite-d-identifier-la.html','6.13',2061301,1.0,'rgaa2.2','org.opens.tanaguru.rules.rgaa22.Rgaa22Rule06131','http://www.tanaguru.org/en/content/rgaa22-rule-6-13',2092,NULL,4,NULL,1,TRUE),(2093,'Rgaa22-06141','http://rgaa.net/Possibite-d-identifier-la,93.html','6.14',2061401,1.0,'rgaa2.2','org.opens.tanaguru.rules.rgaa22.Rgaa22Rule06141','http://www.tanaguru.org/en/content/rgaa22-rule-6-14',2093,NULL,6,NULL,1,TRUE),(2094,'Rgaa22-06151','http://rgaa.net/Coherence-de-la-destination-ou-de.html','6.15',2061501,1.0,'rgaa2.2','org.opens.tanaguru.rules.rgaa22.Rgaa22Rule06151','http://www.tanaguru.org/en/content/rgaa22-rule-6-15',2094,NULL,4,NULL,1,TRUE),(2095,'Rgaa22-06161','http://rgaa.net/Absence-de-ens-sans-intitule.html','6.16',2061601,1.0,'rgaa2.2','org.opens.tanaguru.rules.rgaa22.Rgaa22Rule06161','http://www.tanaguru.org/en/content/rgaa22-rule-6-16',2095,NULL,4,NULL,1,FALSE),(2096,'Rgaa22-06171','http://rgaa.net/presence-d-une-page-contenant-le.html','6.17',2061701,1.0,'rgaa2.2','org.opens.tanaguru.rules.rgaa22.Rgaa22Rule06171','http://www.tanaguru.org/en/content/rgaa22-rule-6-17',2096,NULL,5,NULL,1,TRUE),(2097,'Rgaa22-06181','http://rgaa.net/Coherence-du-plan-du-site.html','6.18',2061801,1.0,'rgaa2.2','org.opens.tanaguru.rules.rgaa22.Rgaa22Rule06181','http://www.tanaguru.org/en/content/rgaa22-rule-6-18',2097,NULL,5,NULL,1,TRUE),(2098,'Rgaa22-06191','http://rgaa.net/presence-d-un-acces-a-la-page.html','6.19',2061901,1.0,'rgaa2.2','org.opens.tanaguru.rules.rgaa22.Rgaa22Rule06191','http://www.tanaguru.org/en/content/rgaa22-rule-6-19',2098,NULL,5,NULL,1,TRUE),(2099,'Rgaa22-06201','http://rgaa.net/presence-d-un-fil-d-ariane.html','6.20',2062001,1.0,'rgaa2.2','org.opens.tanaguru.rules.rgaa22.Rgaa22Rule06201','http://www.tanaguru.org/en/content/rgaa22-rule-6-20',2099,NULL,6,NULL,1,TRUE),(2100,'Rgaa22-06211','http://rgaa.net/presence-de-menus-ou-de-barres-de.html','6.21',2062101,1.0,'rgaa2.2','org.opens.tanaguru.rules.rgaa22.Rgaa22Rule06211','http://www.tanaguru.org/en/content/rgaa22-rule-6-21',2100,NULL,5,NULL,1,TRUE),(2101,'Rgaa22-06221','http://rgaa.net/Coherence-de-la-position-des-menus.html','6.22',2062201,1.0,'rgaa2.2','org.opens.tanaguru.rules.rgaa22.Rgaa22Rule06221','http://www.tanaguru.org/en/content/rgaa22-rule-6-22',2101,NULL,5,NULL,1,TRUE),(2102,'Rgaa22-06231','http://rgaa.net/Coherence-de-la-presentation-des.html','6.23',2062301,1.0,'rgaa2.2','org.opens.tanaguru.rules.rgaa22.Rgaa22Rule06231','http://www.tanaguru.org/en/content/rgaa22-rule-6-23',2102,NULL,5,NULL,1,TRUE),(2103,'Rgaa22-06241','http://rgaa.net/Navigation-au-clavier-dans-un.html','6.24',2062401,1.0,'rgaa2.2','org.opens.tanaguru.rules.rgaa22.Rgaa22Rule06241','http://www.tanaguru.org/en/content/rgaa22-rule-6-24',2103,NULL,4,NULL,1,TRUE),(2104,'Rgaa22-06251','http://rgaa.net/presence-d-un-avertissement,104.html','6.25',2062501,1.0,'rgaa2.2','org.opens.tanaguru.rules.rgaa22.Rgaa22Rule06251','http://www.tanaguru.org/en/content/rgaa22-rule-6-25',2104,NULL,6,NULL,1,FALSE),(2105,'Rgaa22-06261','http://rgaa.net/presence-des-informations-de.html','6.26',2062601,1.0,'rgaa2.2','org.opens.tanaguru.rules.rgaa22.Rgaa22Rule06261','http://www.tanaguru.org/en/content/rgaa22-rule-6-26',2105,NULL,4,NULL,1,TRUE),(2106,'Rgaa22-06271','http://rgaa.net/presence-des-informations-de-poids.html','6.27',2062701,1.0,'rgaa2.2','org.opens.tanaguru.rules.rgaa22.Rgaa22Rule06271','http://www.tanaguru.org/en/content/rgaa22-rule-6-27',2106,NULL,4,NULL,1,TRUE),(2107,'Rgaa22-06281','http://rgaa.net/presence-des-informations-de,107.html','6.28',2062801,1.0,'rgaa2.2','org.opens.tanaguru.rules.rgaa22.Rgaa22Rule06281','http://www.tanaguru.org/en/content/rgaa22-rule-6-28',2107,NULL,4,NULL,1,TRUE),(2108,'Rgaa22-06291','http://rgaa.net/presence-de-regroupement-pour-les.html','6.29',2062901,1.0,'rgaa2.2','org.opens.tanaguru.rules.rgaa22.Rgaa22Rule06291','http://www.tanaguru.org/en/content/rgaa22-rule-6-29',2108,NULL,4,NULL,1,TRUE),(2109,'Rgaa22-06301','http://rgaa.net/presence-d-un-basage-permettant.html','6.30',2063001,1.0,'rgaa2.2','org.opens.tanaguru.rules.rgaa22.Rgaa22Rule06301','http://www.tanaguru.org/en/content/rgaa22-rule-6-30',2109,NULL,4,NULL,1,TRUE),(2110,'Rgaa22-06311','http://rgaa.net/presence-de-ens-d-evitement-ou-d.html','6.31',2063101,1.0,'rgaa2.2','org.opens.tanaguru.rules.rgaa22.Rgaa22Rule06311','http://www.tanaguru.org/en/content/rgaa22-rule-6-31',2110,NULL,4,NULL,1,TRUE),(2111,'Rgaa22-06321','http://rgaa.net/Coherence-des-ens-d-evitement-ou.html','6.32',2063201,1.0,'rgaa2.2','org.opens.tanaguru.rules.rgaa22.Rgaa22Rule06321','http://www.tanaguru.org/en/content/rgaa22-rule-6-32',2111,NULL,4,NULL,1,TRUE),(2112,'Rgaa22-06331','http://rgaa.net/Ordre-des-liens-d-evitement-ou-d.html','6.33',2063301,1.0,'rgaa2.2','org.opens.tanaguru.rules.rgaa22.Rgaa22Rule06331','http://www.tanaguru.org/en/content/rgaa22-rule-6-33',2112,NULL,5,NULL,1,TRUE),(2113,'Rgaa22-06341','http://rgaa.net/presence-d-un-moteur-de-recherche.html','6.34',2063401,1.0,'rgaa2.2','org.opens.tanaguru.rules.rgaa22.Rgaa22Rule06341','http://www.tanaguru.org/en/content/rgaa22-rule-6-34',2113,NULL,5,NULL,1,TRUE),(2114,'Rgaa22-06351','http://rgaa.net/Possibilite-de-naviguer-facilement.html','6.35',2063501,1.0,'rgaa2.2','org.opens.tanaguru.rules.rgaa22.Rgaa22Rule06351','http://www.tanaguru.org/en/content/rgaa22-rule-6-35',2114,NULL,5,NULL,1,TRUE),(2115,'Rgaa22-06361','http://rgaa.net/presence-d-une-indication-de-la.html','6.36',2063601,1.0,'rgaa2.2','org.opens.tanaguru.rules.rgaa22.Rgaa22Rule06361','http://www.tanaguru.org/en/content/rgaa22-rule-6-36',2115,NULL,6,NULL,1,TRUE),(2116,'Rgaa22-07011','http://rgaa.net/Absence-de-generation-de-contenus.html','7.1',2070101,1.0,'rgaa2.2','org.opens.tanaguru.rules.rgaa22.Rgaa22Rule07011','http://www.tanaguru.org/en/content/rgaa22-rule-7-1',2116,NULL,4,NULL,1,TRUE),(2117,'Rgaa22-07021','http://rgaa.net/Absence-d-alteration-de-la.html','7.2',2070201,1.0,'rgaa2.2','org.opens.tanaguru.rules.rgaa22.Rgaa22Rule07021','http://www.tanaguru.org/en/content/rgaa22-rule-7-2',2117,NULL,4,NULL,1,TRUE),(2118,'Rgaa22-07031','http://rgaa.net/Lisibilite-des-informations.html','7.3',2070301,1.0,'rgaa2.2','org.opens.tanaguru.rules.rgaa22.Rgaa22Rule07031','http://www.tanaguru.org/en/content/rgaa22-rule-7-3',2118,NULL,4,NULL,1,TRUE),(2119,'Rgaa22-07041','http://rgaa.net/Absence-d-espaces-utilises-pour.html','7.4',2070401,1.0,'rgaa2.2','org.opens.tanaguru.rules.rgaa22.Rgaa22Rule07041','http://www.tanaguru.org/en/content/rgaa22-rule-7-4',2119,NULL,4,NULL,1,TRUE),(2120,'Rgaa22-07051','http://rgaa.net/Absence-de-definition-d-une.html','7.5',2070501,1.0,'rgaa2.2','org.opens.tanaguru.rules.rgaa22.Rgaa22Rule07051','http://www.tanaguru.org/en/content/rgaa22-rule-7-5',2120,NULL,5,NULL,1,TRUE),(2121,'Rgaa22-07061','http://rgaa.net/Possibilite-de-remplacer-les.html','7.6',2070601,1.0,'rgaa2.2','org.opens.tanaguru.rules.rgaa22.Rgaa22Rule07061','http://www.tanaguru.org/en/content/rgaa22-rule-7-6',2121,NULL,5,NULL,1,TRUE),(2122,'Rgaa22-07071','http://rgaa.net/Possibilite-de-remplacer-les,122.html','7.7',2070701,1.0,'rgaa2.2','org.opens.tanaguru.rules.rgaa22.Rgaa22Rule07071','http://www.tanaguru.org/en/content/rgaa22-rule-7-7',2122,NULL,6,NULL,1,TRUE),(2123,'Rgaa22-07081','http://rgaa.net/Absence-d-attributs-ou-d-elements.html','7.8',2070801,1.0,'rgaa2.2','org.opens.tanaguru.rules.rgaa22.Rgaa22Rule07081','http://www.tanaguru.org/en/content/rgaa22-rule-7-8',2123,NULL,4,NULL,1,FALSE),(2124,'Rgaa22-07091','http://rgaa.net/Absence-d-elements-HTML-utilises-a.html','7.9',2070901,1.0,'rgaa2.2','org.opens.tanaguru.rules.rgaa22.Rgaa22Rule07091','http://www.tanaguru.org/en/content/rgaa22-rule-7-9',2124,NULL,4,NULL,1,TRUE),(2125,'Rgaa22-07101','http://rgaa.net/Maintien-de-la-distinction.html','7.10',2071001,1.0,'rgaa2.2','org.opens.tanaguru.rules.rgaa22.Rgaa22Rule07101','http://www.tanaguru.org/en/content/rgaa22-rule-7-10',2125,NULL,4,NULL,1,TRUE),(2126,'Rgaa22-07111','http://rgaa.net/Absence-de-suppression-de-l-effet.html','7.11',2071101,1.0,'rgaa2.2','org.opens.tanaguru.rules.rgaa22.Rgaa22Rule07111','http://www.tanaguru.org/en/content/rgaa22-rule-7-11',2126,NULL,4,NULL,1,TRUE),(2127,'Rgaa22-07121','http://rgaa.net/Absence-de-justification-du-texte.html','7.12',2071201,1.0,'rgaa2.2','org.opens.tanaguru.rules.rgaa22.Rgaa22Rule07121','http://www.tanaguru.org/en/content/rgaa22-rule-7-12',2127,NULL,6,NULL,1,TRUE),(2128,'Rgaa22-07131','http://rgaa.net/Lisibilite-du-document-en-cas-d.html','7.13',2071301,1.0,'rgaa2.2','org.opens.tanaguru.rules.rgaa22.Rgaa22Rule07131','http://www.tanaguru.org/en/content/rgaa22-rule-7-13',2128,NULL,5,NULL,1,TRUE),(2129,'Rgaa22-07141','http://rgaa.net/Absence-d-unites-absolues-ou-de.html','7.14',2071401,1.0,'rgaa2.2','org.opens.tanaguru.rules.rgaa22.Rgaa22Rule07141','http://www.tanaguru.org/en/content/rgaa22-rule-7-14',2129,NULL,5,NULL,1,TRUE),(2130,'Rgaa22-07151','http://rgaa.net/Absence-d-apparition-de-barre-de.html','7.15',2071501,1.0,'rgaa2.2','org.opens.tanaguru.rules.rgaa22.Rgaa22Rule07151','http://www.tanaguru.org/en/content/rgaa22-rule-7-15',2130,NULL,6,NULL,1,TRUE),(2131,'Rgaa22-07161','http://rgaa.net/Largeur-des-blocs-de-textes.html','7.16',2071601,1.0,'rgaa2.2','org.opens.tanaguru.rules.rgaa22.Rgaa22Rule07161','http://www.tanaguru.org/en/content/rgaa22-rule-7-16',2131,NULL,6,NULL,1,TRUE),(2132,'Rgaa22-07171','http://rgaa.net/Valeur-de-l-espace-entre-les.html','7.17',2071701,1.0,'rgaa2.2','org.opens.tanaguru.rules.rgaa22.Rgaa22Rule07171','http://www.tanaguru.org/en/content/rgaa22-rule-7-17',2132,NULL,6,NULL,1,TRUE),(2133,'Rgaa22-07181','http://rgaa.net/Restitution-correcte-dans-les.html','7.18',2071801,1.0,'rgaa2.2','org.opens.tanaguru.rules.rgaa22.Rgaa22Rule07181','http://www.tanaguru.org/en/content/rgaa22-rule-7-18',2133,NULL,4,NULL,1,TRUE),(2134,'Rgaa22-08011','http://rgaa.net/Mise-a-jour-des-alternatives-aux.html','8.1',2080101,1.0,'rgaa2.2','org.opens.tanaguru.rules.rgaa22.Rgaa22Rule08011','http://www.tanaguru.org/en/content/rgaa22-rule-8-1',2134,NULL,4,NULL,1,TRUE),(2135,'Rgaa22-08021','http://rgaa.net/Universalite-du-gestionnaire-d.html','8.2',2080201,1.0,'rgaa2.2','org.opens.tanaguru.rules.rgaa22.Rgaa22Rule08021','http://www.tanaguru.org/en/content/rgaa22-rule-8-2',2135,NULL,4,NULL,1,TRUE),(2136,'Rgaa22-08031','http://rgaa.net/Universalite-des-gestionnaires-d.html','8.3',2080301,1.0,'rgaa2.2','org.opens.tanaguru.rules.rgaa22.Rgaa22Rule08031','http://www.tanaguru.org/en/content/rgaa22-rule-8-3',2136,NULL,4,NULL,1,TRUE),(2137,'Rgaa22-08041','http://rgaa.net/Possibilite-de-desactiver-toute.html','8.4',2080401,1.0,'rgaa2.2','org.opens.tanaguru.rules.rgaa22.Rgaa22Rule08041','http://www.tanaguru.org/en/content/rgaa22-rule-8-4',2137,NULL,6,NULL,1,TRUE),(2138,'Rgaa22-08051','http://rgaa.net/Absence-de-changements-de-contexte.html','8.5',2080501,1.0,'rgaa2.2','org.opens.tanaguru.rules.rgaa22.Rgaa22Rule08051','http://www.tanaguru.org/en/content/rgaa22-rule-8-5',2138,NULL,4,NULL,1,TRUE),(2139,'Rgaa22-08061','http://rgaa.net/Ordre-d-acces-au-clavier-aux.html','8.6',2080601,1.0,'rgaa2.2','org.opens.tanaguru.rules.rgaa22.Rgaa22Rule08061','http://www.tanaguru.org/en/content/rgaa22-rule-8-6',2139,NULL,4,NULL,1,TRUE),(2140,'Rgaa22-08071','http://rgaa.net/Utilisation-correcte-du-role-des.html','8.7',2080701,1.0,'rgaa2.2','org.opens.tanaguru.rules.rgaa22.Rgaa22Rule08071','http://www.tanaguru.org/en/content/rgaa22-rule-8-7',2140,NULL,4,NULL,1,TRUE),(2141,'Rgaa22-08081','http://rgaa.net/presence-d-une-alternative-au-code.html','8.8',2080801,1.0,'rgaa2.2','org.opens.tanaguru.rules.rgaa22.Rgaa22Rule08081','http://www.tanaguru.org/en/content/rgaa22-rule-8-8',2141,NULL,4,NULL,1,TRUE),(2142,'Rgaa22-08091','http://rgaa.net/Absence-de-suppression-du-focus.html','8.9',2080901,1.0,'rgaa2.2','org.opens.tanaguru.rules.rgaa22.Rgaa22Rule08091','http://www.tanaguru.org/en/content/rgaa22-rule-8-9',2142,NULL,4,NULL,1,TRUE),(2143,'Rgaa22-08101','http://rgaa.net/Absence-de-limite-de-temps-pour.html','8.10',2080101,1.0,'rgaa2.2','org.opens.tanaguru.rules.rgaa22.Rgaa22Rule08101','http://www.tanaguru.org/en/content/rgaa22-rule-8-10',2143,NULL,6,NULL,1,TRUE),(2144,'Rgaa22-08111','http://rgaa.net/Absence-de-perte-d-informations.html','8.11',2080111,1.0,'rgaa2.2','org.opens.tanaguru.rules.rgaa22.Rgaa22Rule08111','http://www.tanaguru.org/en/content/rgaa22-rule-8-11',2144,NULL,6,NULL,1,TRUE),(2145,'Rgaa22-08121','http://rgaa.net/presence-d-une-alternative-au-code,145.html','8.12',2080121,1.0,'rgaa2.2','org.opens.tanaguru.rules.rgaa22.Rgaa22Rule08121','http://www.tanaguru.org/en/content/rgaa22-rule-8-12',2145,NULL,4,NULL,1,TRUE),(2146,'Rgaa22-08131','http://rgaa.net/Accessibilite-des-contenus.html','8.13',2080131,1.0,'rgaa2.2','org.opens.tanaguru.rules.rgaa22.Rgaa22Rule08131','http://www.tanaguru.org/en/content/rgaa22-rule-8-13',2146,NULL,4,NULL,1,TRUE),(2147,'Rgaa22-09011','http://rgaa.net/presence-de-la-declaration-d.html','9.1',2090101,1.0,'rgaa2.2','org.opens.tanaguru.rules.rgaa22.Rgaa22Rule09011','http://www.tanaguru.org/en/content/rgaa22-rule-9-1',2147,NULL,4,NULL,1,TRUE),(2148,'Rgaa22-09021','http://rgaa.net/Conformite-de-la-position-de-la.html','9.2',2090201,1.0,'rgaa2.2','org.opens.tanaguru.rules.rgaa22.Rgaa22Rule09021','http://www.tanaguru.org/en/content/rgaa22-rule-9-2',2148,NULL,4,NULL,1,TRUE),(2149,'Rgaa22-09031','http://rgaa.net/Conformite-syntaxique-de-la.html','9.3',2090301,1.0,'rgaa2.2','org.opens.tanaguru.rules.rgaa22.Rgaa22Rule09031','http://www.tanaguru.org/en/content/rgaa22-rule-9-3',2149,NULL,4,NULL,1,TRUE),(2150,'Rgaa22-09041','http://rgaa.net/Validite-du-code-HTML-XHTML-au.html','9.4',2090401,1.0,'rgaa2.2','org.opens.tanaguru.rules.rgaa22.Rgaa22Rule09041','http://www.tanaguru.org/en/content/rgaa22-rule-9-4',2150,NULL,4,NULL,1,TRUE),(2151,'Rgaa22-09051','http://rgaa.net/Absence-de-composants-obsoletes.html','9.5',2090501,1.0,'rgaa2.2','org.opens.tanaguru.rules.rgaa22.Rgaa22Rule09051','http://www.tanaguru.org/en/content/rgaa22-rule-9-5',2151,NULL,4,NULL,1,TRUE),(2152,'Rgaa22-09061','http://rgaa.net/presence-d-un-titre-dans-la-page.html','9.6',2090601,1.0,'rgaa2.2','org.opens.tanaguru.rules.rgaa22.Rgaa22Rule09061','http://www.tanaguru.org/en/content/rgaa22-rule-9-6',2152,NULL,4,NULL,1,FALSE),(2153,'Rgaa22-09071','http://rgaa.net/Pertinence-du-titre-de-la-page.html','9.7',2090701,1.0,'rgaa2.2','org.opens.tanaguru.rules.rgaa22.Rgaa22Rule09071','http://www.tanaguru.org/en/content/rgaa22-rule-9-7',2153,NULL,4,NULL,1,FALSE),(2154,'Rgaa22-09081','http://rgaa.net/presence-d-une-langue-de.html','9.8',2090801,1.0,'rgaa2.2','org.opens.tanaguru.rules.rgaa22.Rgaa22Rule09081','http://www.tanaguru.org/en/content/rgaa22-rule-9-8',2154,NULL,4,NULL,1,TRUE),(2155,'Rgaa22-10011','http://rgaa.net/presence-d-au-moins-un-titre-de.html','10.1',2100101,1.0,'rgaa2.2','org.opens.tanaguru.rules.rgaa22.Rgaa22Rule10011','http://www.tanaguru.org/en/content/rgaa22-rule-10-1',2155,NULL,4,NULL,1,FALSE),(2156,'Rgaa22-10021','http://rgaa.net/Pertinence-du-contenu-des-titres.html','10.2',2100201,1.0,'rgaa2.2','org.opens.tanaguru.rules.rgaa22.Rgaa22Rule10021','http://www.tanaguru.org/en/content/rgaa22-rule-10-2',2156,NULL,4,NULL,1,TRUE),(2157,'Rgaa22-10031','http://rgaa.net/Absence-d-interruption-dans-la.html','10.3',2100301,1.0,'rgaa2.2','org.opens.tanaguru.rules.rgaa22.Rgaa22Rule10031','http://www.tanaguru.org/en/content/rgaa22-rule-10-3',2157,NULL,4,NULL,1,TRUE),(2158,'Rgaa22-10041','http://rgaa.net/presence-d-une-hierarchie-de.html','10.4',2100401,1.0,'rgaa2.2','org.opens.tanaguru.rules.rgaa22.Rgaa22Rule10041','http://www.tanaguru.org/en/content/rgaa22-rule-10-4',2158,NULL,4,NULL,1,TRUE),(2159,'Rgaa22-10051','http://rgaa.net/Absence-de-simulation-visuelle-de.html','10.5',2100501,1.0,'rgaa2.2','org.opens.tanaguru.rules.rgaa22.Rgaa22Rule10051','http://www.tanaguru.org/en/content/rgaa22-rule-10-5',2159,NULL,4,NULL,1,TRUE),(2160,'Rgaa22-10061','http://rgaa.net/Utilisation-systematique-de-listes.html','10.6',2100601,1.0,'rgaa2.2','org.opens.tanaguru.rules.rgaa22.Rgaa22Rule10061','http://www.tanaguru.org/en/content/rgaa22-rule-10-6',2160,NULL,4,NULL,1,TRUE),(2161,'Rgaa22-10071','http://rgaa.net/Balisage-correct-des-listes-de.html','10.7',2100701,1.0,'rgaa2.2','org.opens.tanaguru.rules.rgaa22.Rgaa22Rule10071','http://www.tanaguru.org/en/content/rgaa22-rule-10-7',2161,NULL,4,NULL,1,FALSE),(2162,'Rgaa22-10081','http://rgaa.net/Balisage-correct-des-citations.html','10.8',2100801,1.0,'rgaa2.2','org.opens.tanaguru.rules.rgaa22.Rgaa22Rule10081','http://www.tanaguru.org/en/content/rgaa22-rule-10-8',2162,NULL,4,NULL,1,TRUE),(2163,'Rgaa22-10091','http://rgaa.net/Balisage-correct-des-abreviations.html','10.9',2100901,1.0,'rgaa2.2','org.opens.tanaguru.rules.rgaa22.Rgaa22Rule10091','http://www.tanaguru.org/en/content/rgaa22-rule-10-9',2163,NULL,6,NULL,1,TRUE),(2164,'Rgaa22-10101','http://rgaa.net/Balisage-correct-des-acronymes.html','10.10',2101001,1.0,'rgaa2.2','org.opens.tanaguru.rules.rgaa22.Rgaa22Rule10101','http://www.tanaguru.org/en/content/rgaa22-rule-10-10',2164,NULL,6,NULL,1,TRUE),(2165,'Rgaa22-10111','http://rgaa.net/Pertinence-de-la-version-non.html','10.11',2101101,1.0,'rgaa2.2','org.opens.tanaguru.rules.rgaa22.Rgaa22Rule10111','http://www.tanaguru.org/en/content/rgaa22-rule-10-11',2165,NULL,6,NULL,1,FALSE),(2166,'Rgaa22-10121','http://rgaa.net/Pertinence-de-la-version-complete.html','10.12',2101201,1.0,'rgaa2.2','org.opens.tanaguru.rules.rgaa22.Rgaa22Rule10121','http://www.tanaguru.org/en/content/rgaa22-rule-10-12',2166,NULL,6,NULL,1,FALSE),(2167,'Rgaa22-10131','http://rgaa.net/Accessibilite-des-documents.html','10.13',2101301,1.0,'rgaa2.2','org.opens.tanaguru.rules.rgaa22.Rgaa22Rule10131','http://www.tanaguru.org/en/content/rgaa22-rule-10-13',2167,NULL,4,NULL,1,TRUE),(2168,'Rgaa22-11011','http://rgaa.net/presence-des-balises-th-pour.html','11.1',2110101,1.0,'rgaa2.2','org.opens.tanaguru.rules.rgaa22.Rgaa22Rule11011','http://www.tanaguru.org/en/content/rgaa22-rule-11-1',2168,NULL,4,NULL,1,TRUE),(2169,'Rgaa22-11021','http://rgaa.net/presence-d-une-relation-entre-les.html','11.2',2110201,1.0,'rgaa2.2','org.opens.tanaguru.rules.rgaa22.Rgaa22Rule11021','http://www.tanaguru.org/en/content/rgaa22-rule-11-2',2169,NULL,4,NULL,1,TRUE),(2170,'Rgaa22-11031','http://rgaa.net/presence-d-une-relation-entre-les,170.html','11.3',2110301,1.0,'rgaa2.2','org.opens.tanaguru.rules.rgaa22.Rgaa22Rule11031','http://www.tanaguru.org/en/content/rgaa22-rule-11-3',2170,NULL,4,NULL,1,TRUE),(2171,'Rgaa22-11041','http://rgaa.net/Absence-des-elements-propres-aux.html','11.4',2110401,1.0,'rgaa2.2','org.opens.tanaguru.rules.rgaa22.Rgaa22Rule11041','http://www.tanaguru.org/en/content/rgaa22-rule-11-4',2171,NULL,4,NULL,1,TRUE),(2172,'Rgaa22-11051','http://rgaa.net/Absence-de-tableaux-de-donnees-ou.html','11.5',2110501,1.0,'rgaa2.2','org.opens.tanaguru.rules.rgaa22.Rgaa22Rule11051','http://www.tanaguru.org/en/content/rgaa22-rule-11-5',2172,NULL,4,NULL,1,TRUE),(2173,'Rgaa22-11061','http://rgaa.net/Linearisation-correcte-des.html','11.6',2110601,1.0,'rgaa2.2','org.opens.tanaguru.rules.rgaa22.Rgaa22Rule11061','http://www.tanaguru.org/en/content/rgaa22-rule-11-6',2173,NULL,4,NULL,1,FALSE),(2174,'Rgaa22-11071','http://rgaa.net/presence-d-un-titre-pour-les.html','11.7',2110701,1.0,'rgaa2.2','org.opens.tanaguru.rules.rgaa22.Rgaa22Rule11071','http://www.tanaguru.org/en/content/rgaa22-rule-11-7',2174,NULL,4,NULL,1,FALSE),(2175,'Rgaa22-11081','http://rgaa.net/presence-d-un-resume-pour-les.html','11.8',2110801,1.0,'rgaa2.2','org.opens.tanaguru.rules.rgaa22.Rgaa22Rule11081','http://www.tanaguru.org/en/content/rgaa22-rule-11-8',2175,NULL,4,NULL,1,FALSE),(2176,'Rgaa22-11091','http://rgaa.net/Pertinence-du-titre-du-tableau-de.html','11.9',2110901,1.0,'rgaa2.2','org.opens.tanaguru.rules.rgaa22.Rgaa22Rule11091','http://www.tanaguru.org/en/content/rgaa22-rule-11-9',2176,NULL,4,NULL,1,FALSE),(2177,'Rgaa22-11101','http://rgaa.net/Pertinence-du-resume-du-tableau-de.html','11.10',2111001,1.0,'rgaa2.2','org.opens.tanaguru.rules.rgaa22.Rgaa22Rule11101','http://www.tanaguru.org/en/content/rgaa22-rule-11-10',2177,NULL,4,NULL,1,TRUE),(2178,'Rgaa22-12011','http://rgaa.net/presence-de-l-indication-des.html','12.1',2120101,1.0,'rgaa2.2','org.opens.tanaguru.rules.rgaa22.Rgaa22Rule12011','http://www.tanaguru.org/en/content/rgaa22-rule-12-1',2178,NULL,5,NULL,1,TRUE),(2179,'Rgaa22-12021','http://rgaa.net/presence-de-l-indication-des,179.html','12.2',2120201,1.0,'rgaa2.2','org.opens.tanaguru.rules.rgaa22.Rgaa22Rule12021','http://www.tanaguru.org/en/content/rgaa22-rule-12-2',2179,NULL,5,NULL,1,TRUE),(2180,'Rgaa22-12031','http://rgaa.net/Equivalence-de-l-information-mise.html','12.3',2120301,1.0,'rgaa2.2','org.opens.tanaguru.rules.rgaa22.Rgaa22Rule12031','http://www.tanaguru.org/en/content/rgaa22-rule-12-3',2180,NULL,4,NULL,1,TRUE),(2181,'Rgaa22-12041','http://rgaa.net/presence-de-liens-ou-de.html','12.4',2120401,1.0,'rgaa2.2','org.opens.tanaguru.rules.rgaa22.Rgaa22Rule12041','http://www.tanaguru.org/en/content/rgaa22-rule-12-4',2181,NULL,6,NULL,1,TRUE),(2182,'Rgaa22-12051','http://rgaa.net/Absence-de-syntaxes-cryptiques-par.html','12.5',2120501,1.0,'rgaa2.2','org.opens.tanaguru.rules.rgaa22.Rgaa22Rule12051','http://www.tanaguru.org/en/content/rgaa22-rule-12-5',2182,NULL,4,NULL,1,TRUE),(2183,'Rgaa22-12061','http://rgaa.net/presence-d-informations-sur-les.html','12.6',2120601,1.0,'rgaa2.2','org.opens.tanaguru.rules.rgaa22.Rgaa22Rule12061','http://www.tanaguru.org/en/content/rgaa22-rule-12-6',2183,NULL,6,NULL,1,TRUE),(2184,'Rgaa22-12071','http://rgaa.net/presence-d-un-moyen-de,184.html','12.7',2120701,1.0,'rgaa2.2','org.opens.tanaguru.rules.rgaa22.Rgaa22Rule12071','http://www.tanaguru.org/en/content/rgaa22-rule-12-7',2184,NULL,4,NULL,1,TRUE),(2185,'Rgaa22-12081','http://rgaa.net/presence-d-un-autre-moyen-que-la,185.html','12.8',2120801,1.0,'rgaa2.2','org.opens.tanaguru.rules.rgaa22.Rgaa22Rule12081','http://www.tanaguru.org/en/content/rgaa22-rule-12-8',2185,NULL,4,NULL,1,TRUE),(2186,'Rgaa22-12091','http://rgaa.net/presence-d-un-autre-moyen-que-la,186.html','12.9',2120901,1.0,'rgaa2.2','org.opens.tanaguru.rules.rgaa22.Rgaa22Rule12091','http://www.tanaguru.org/en/content/rgaa22-rule-12-9',2186,NULL,4,NULL,1,TRUE),(2187,'Rgaa22-12101','http://rgaa.net/Utilisation-d-un-style-de.html','12.10',2121001,1.0,'rgaa2.2','org.opens.tanaguru.rules.rgaa22.Rgaa22Rule12101','http://www.tanaguru.org/en/content/rgaa22-rule-12-10',2187,NULL,6,NULL,1,TRUE);
CREATE TABLE "test_statistics" (
    "id_test_statistics" bigserial NOT NULL,
    "nb_passed" integer DEFAULT NULL,
    "nb_failed" integer DEFAULT NULL,
    "nb_nmi" integer DEFAULT NULL,
    "nb_na" integer DEFAULT NULL,
    "nb_suspected" integer DEFAULT NULL,
    "nb_detected" integer DEFAULT NULL,
    "nb_not_tested" integer DEFAULT NULL,
    "id_test" bigint DEFAULT NULL,
    "id_web_resource_statistics" bigint DEFAULT NULL,
    PRIMARY KEY ("id_test_statistics")
);

CREATE TABLE "tgsi_act" (
    "id_act" bigserial NOT NULL,
    "begin_date" timestamp with time zone NOT NULL,
    "end_date" timestamp with time zone DEFAULT NULL,
    "status" varchar(510) NOT NULL,
    "contract_id_contract" bigint NOT NULL,
    "scope_id_scope" bigint NOT NULL,
    "client_ip" varchar(32) NOT NULL DEFAULT '0.0.0.0',
    PRIMARY KEY ("id_act")
);

CREATE TABLE "tgsi_act_audit" (
    "act_id_act" bigint NOT NULL,
    "audit_id_audit" bigint NOT NULL,
    UNIQUE ("act_id_act","audit_id_audit")
);

CREATE TABLE "tgsi_contract" (
    "id_contract" bigserial NOT NULL,
    "label" varchar(510) NOT NULL,
    "begin_date" timestamp with time zone NOT NULL,
    "end_date" timestamp with time zone NOT NULL,
    "renewal_date" timestamp with time zone DEFAULT NULL,
    "price" float  DEFAULT NULL,
    "user_id_user" bigint NOT NULL,
    PRIMARY KEY ("id_contract")
);

CREATE TABLE "tgsi_contract_functionality" (
    "contract_id_contract" bigint NOT NULL,
    "functionality_id_functionality" bigint NOT NULL,
    UNIQUE ("functionality_id_functionality","contract_id_contract")
);

CREATE TABLE "tgsi_contract_option_element" (
    "option_element_id_option_element" bigint NOT NULL,
    "contract_id_contract" bigint NOT NULL,
    UNIQUE ("option_element_id_option_element","contract_id_contract")
);

CREATE TABLE "tgsi_contract_referential" (
    "contract_id_contract" bigint NOT NULL,
    "referential_id_referential" bigint NOT NULL,
    UNIQUE ("referential_id_referential","contract_id_contract")
);

CREATE TABLE "tgsi_functionality" (
    "id_functionality" bigserial NOT NULL,
    "code" varchar(90) NOT NULL,
    "label" varchar(510) DEFAULT NULL,
    "description" varchar(4096) DEFAULT NULL,
    PRIMARY KEY ("id_functionality"),
    UNIQUE ("code")
);

INSERT INTO "tgsi_functionality" VALUES (1,'PAGES','audit pages (Up to 10)',''),(2,'DOMAIN','audit Domain ',''),(3,'UPLOAD','audit Upload',''),(4,'SCENARIO','audit scenario','');
CREATE TABLE "tgsi_option" (
    "id_option" bigserial NOT NULL,
    "code" varchar(90) NOT NULL,
    "label" varchar(510) DEFAULT NULL,
    "description" varchar(4096) DEFAULT NULL,
    "is_restriction" boolean DEFAULT TRUE,
    "option_family_id_option_family" bigint NOT NULL,
    PRIMARY KEY ("id_option"),
    UNIQUE ("code")
);

INSERT INTO "tgsi_option" VALUES (1,'ACT_LIMITATION',NULL,'The act limitation unit is the number of acts',TRUE,2),(2,'ACT_BY_IP_LIMITATION',NULL,'The act by ip limitation unit is the number of acts in a period for a given ip.\nThe period is expressed in seconds and the format is \"nb_of_acts/period\"',TRUE,2),(3,'MAX_DOCUMENTS',NULL,'This restriction limits the max number of crawled documents',TRUE,1),(4,'FORDIDDEN_referential',NULL,'This restriction forbids the access to a referential',TRUE,1),(5,'DEPTH',NULL,'This restriction limits the depth of the crawl',TRUE,1),(6,'MAX_DURATION',NULL,'This restriction limits the duration of the crawl',TRUE,1),(7,'EXCLUSION_REGEXP',NULL,'This restriction applies an exclusion rule on crawled urls',TRUE,1),(8,'ACT_LIFETIME',NULL,'This restriction determines the lifetime of each associated with the contract',TRUE,3),(9,'NB_OF_AUDIT_TO_DISPLAY',NULL,'This restriction determines the number of audit results that can be displayed on the contract page',TRUE,4),(10,'DOMAIN',NULL,'Domain associated with a contract',TRUE,4),(11,'Seo-01011',NULL,'Weight of rule Seo-01011 overriden by user',FALSE,5),(12,'Seo-01012',NULL,'Weight of rule Seo-01011 overriden by user',FALSE,5),(13,'Seo-01013',NULL,'Weight of rule Seo-01011 overriden by user',FALSE,5),(14,'Seo-01021',NULL,'Weight of rule Seo-01011 overriden by user',FALSE,5),(15,'Seo-01031',NULL,'Weight of rule Seo-01011 overriden by user',FALSE,5),(16,'Seo-01041',NULL,'Weight of rule Seo-01011 overriden by user',FALSE,5),(17,'Seo-01051',NULL,'Weight of rule Seo-01011 overriden by user',FALSE,5),(18,'Seo-01061',NULL,'Weight of rule Seo-01011 overriden by user',FALSE,5),(19,'Seo-02011',NULL,'Weight of rule Seo-01011 overriden by user',FALSE,5),(20,'Seo-02012',NULL,'Weight of rule Seo-01011 overriden by user',FALSE,5),(21,'Seo-02013',NULL,'Weight of rule Seo-01011 overriden by user',FALSE,5),(22,'Seo-03011',NULL,'Weight of rule Seo-01011 overriden by user',FALSE,5),(23,'Seo-03012',NULL,'Weight of rule Seo-01011 overriden by user',FALSE,5),(24,'Seo-05011',NULL,'Weight of rule Seo-01011 overriden by user',FALSE,5),(25,'Seo-05012',NULL,'Weight of rule Seo-01011 overriden by user',FALSE,5),(26,'Seo-05013',NULL,'Weight of rule Seo-01011 overriden by user',FALSE,5),(27,'Seo-06011',NULL,'Weight of rule Seo-01011 overriden by user',FALSE,5),(28,'Seo-06021',NULL,'Weight of rule Seo-01011 overriden by user',FALSE,5),(29,'Seo-06031',NULL,'Weight of rule Seo-01011 overriden by user',FALSE,5),(30,'Seo-06041',NULL,'Weight of rule Seo-01011 overriden by user',FALSE,5),(31,'Seo-06051',NULL,'Weight of rule Seo-01011 overriden by user',FALSE,5),(32,'Seo-06052',NULL,'Weight of rule Seo-01011 overriden by user',FALSE,5),(33,'Seo-07011',NULL,'Weight of rule Seo-01011 overriden by user',FALSE,5),(34,'Seo-07012',NULL,'Weight of rule Seo-01011 overriden by user',FALSE,5),(35,'Seo-07021',NULL,'Weight of rule Seo-01011 overriden by user',FALSE,5),(36,'Seo-07051',NULL,'Weight of rule Seo-01011 overriden by user',FALSE,5),(37,'Seo-07061',NULL,'Weight of rule Seo-01011 overriden by user',FALSE,5),(38,'Seo-08011',NULL,'Weight of rule Seo-01011 overriden by user',FALSE,5);
CREATE TABLE "tgsi_option_element" (
    "id_option_element" bigserial NOT NULL,
    "option_id_option" bigint NOT NULL,
    "value" varchar(510) DEFAULT NULL,
    PRIMARY KEY ("id_option_element"),
    UNIQUE ("option_id_option","value")
);

INSERT INTO "tgsi_option_element" VALUES (1,1,'5'),(2,2,'5/3600'),(3,3,'100'),(4,3,'10000'),(5,3,'20000'),(6,4,'Seo'),(7,8,'-1'),(9,8,'30'),(10,8,'365'),(8,8,'5'),(12,9,'10'),(14,9,'100'),(11,9,'5'),(13,9,'50');
CREATE TABLE "tgsi_option_family" (
    "id_option_family" bigserial NOT NULL,
    "code" varchar(90) NOT NULL,
    "label" varchar(510) DEFAULT NULL,
    "description" varchar(4096) DEFAULT NULL,
    PRIMARY KEY ("id_option_family"),
    UNIQUE ("code")
);

INSERT INTO "tgsi_option_family" VALUES (1,'CRAWL','',NULL),(2,'ACT_RESTRICTION','',NULL),(3,'ACT_MANAGEMENT','',NULL),(4,'CONTRACT_MANAGEMENT','',NULL),(5,'Seo_TEST_WEIGHT_MANAGEMENT','',NULL);
CREATE TABLE "tgsi_referential" (
    "id_referential" bigserial NOT NULL,
    "code" varchar(90) NOT NULL,
    "label" varchar(510) DEFAULT NULL,
    "description" varchar(4096) DEFAULT NULL,
    PRIMARY KEY ("id_referential"),
    UNIQUE ("code")
);

INSERT INTO "tgsi_referential" VALUES (1,'AW21','Accessiweb 2.1 referential',NULL),(2,'Seo','Seo referential',NULL),(3,'RGAA22','Rgaa 2.2 referential',NULL),(4,'AW22','Accessiweb 2.2 referential',NULL);
CREATE TABLE "tgsi_role" (
    "id_role" bigserial NOT NULL,
    "role_name" varchar(510) NOT NULL,
    "role_id_role" bigint DEFAULT NULL,
    PRIMARY KEY ("id_role")
);

INSERT INTO "tgsi_role" VALUES (1,'ROLE_GUEST',NULL),(2,'ROLE_USER',NULL),(3,'ROLE_ADMIN',2);
CREATE TABLE "tgsi_scenario" (
    "id_scenario" bigserial NOT NULL,
    "date_of_creation" timestamp with time zone NOT NULL,
    "label" varchar(510) NOT NULL,
    "content" text NOT NULL,
    "description" varchar(510) DEFAULT NULL,
    "contract_id_contract" bigint NOT NULL,
    PRIMARY KEY ("id_scenario")
);

CREATE TABLE "tgsi_scope" (
    "id_scope" bigserial NOT NULL,
    "code" varchar(510) NOT NULL DEFAULT 'page',
    "label" varchar(510) NOT NULL DEFAULT 'page',
    PRIMARY KEY ("id_scope"),
    UNIQUE ("code")
);

INSERT INTO "tgsi_scope" VALUES (1,'GROUPOFPAGES','Group of pages'),(2,'DOMAIN','Domain'),(3,'PAGE','page'),(4,'FILE','File'),(5,'GROUPOFFILES','Group of files'),(6,'SCENARIO','scenario');
CREATE TABLE "tgsi_user" (
    "id_user" bigserial NOT NULL,
    "email1" varchar(510) NOT NULL,
    "password" varchar(510) NOT NULL,
    "name" varchar(510) NOT NULL DEFAULT '',
    "first_name" varchar(510) NOT NULL DEFAULT '',
    "address" varchar(510) DEFAULT NULL,
    "phone_number" varchar(510) DEFAULT NULL,
    "email2" varchar(510) DEFAULT NULL,
    "web1" varchar(4096) DEFAULT NULL,
    "web2" varchar(4096) DEFAULT NULL,
    "identica_id" varchar(510) DEFAULT NULL,
    "twitter_id" varchar(510) DEFAULT NULL,
    "role_id_role" bigint NOT NULL,
    "activated" boolean DEFAULT TRUE,
    PRIMARY KEY ("id_user"),
    UNIQUE ("email1")
);

INSERT INTO "tgsi_user" VALUES (1,'admin','e6bc79f8c1937f5faec35f930aa5ac7f',' ',' ',NULL,NULL,NULL,NULL,NULL,NULL,NULL,3,TRUE);
CREATE TABLE "tgsi_user_option_element" (
    "option_element_id_option_element" bigint NOT NULL,
    "user_id_user" bigint NOT NULL,
    UNIQUE ("option_element_id_option_element","user_id_user")
);

CREATE TABLE "theme" (
    "id_theme" bigserial NOT NULL,
    "cd_theme" varchar(510) DEFAULT NULL,
    "description" varchar(510) DEFAULT NULL,
    "label" varchar(510) NOT NULL,
    "rank" integer DEFAULT NULL,
    PRIMARY KEY ("id_theme")
);

INSERT INTO "theme" VALUES (1,'AW21-1',NULL,'Images',1),(2,'AW21-2',NULL,'Cadres',2),(3,'AW21-3',NULL,'Couleurs',3),(4,'AW21-4',NULL,'Multimédia',4),(5,'AW21-5',NULL,'Tableaux',5),(6,'AW21-6',NULL,'Liens',6),(7,'AW21-7',NULL,'Script',7),(8,'AW21-8',NULL,'Éléments Obligatoires',8),(9,'AW21-9',NULL,'Structuration de l''information',9),(10,'AW21-10',NULL,'Présentation de l''information',10),(11,'AW21-11',NULL,'Formulaires',11),(12,'AW21-12',NULL,'Navigation',12),(13,'AW21-13',NULL,'Consultation',13),(31,'AW22-1',NULL,'Images',1),(32,'AW22-2',NULL,'Cadres',2),(33,'AW22-3',NULL,'Couleurs',3),(34,'AW22-4',NULL,'Multimédia',4),(35,'AW22-5',NULL,'Tableaux',5),(36,'AW22-6',NULL,'Liens',6),(37,'AW22-7',NULL,'Script',7),(38,'AW22-8',NULL,'Éléments Obligatoires',8),(39,'AW22-9',NULL,'Structuration de l''information',9),(40,'AW22-10',NULL,'Présentation de l''information',10),(41,'AW22-11',NULL,'Formulaires',11),(42,'AW22-12',NULL,'Navigation',12),(43,'AW22-13',NULL,'Consultation',13),(101,'RGAA22-1','http://rgaa.net/-Cadres-.html','Cadres',1),(102,'RGAA22-2','http://rgaa.net/-Couleurs-.html','Couleurs',2),(103,'RGAA22-3','http://rgaa.net/-Formulaires-.html','Formulaires',3),(104,'RGAA22-4','http://rgaa.net/-Images-.html','Images',4),(105,'RGAA22-5','http://rgaa.net/-Multimedia-.html','Multimédia',5),(106,'RGAA22-6','http://rgaa.net/-Navigation-.html','Navigation',6),(107,'RGAA22-7','http://rgaa.net/-presentation-.html','Présentation',7),(108,'RGAA22-8','http://rgaa.net/-Scripts-.html','Scripts',8),(109,'RGAA22-9','http://rgaa.net/-Standards-.html','Standards',9),(110,'RGAA22-10','http://rgaa.net/-Structure-.html','Structure',10),(111,'RGAA22-11','http://rgaa.net/-Tableaux-.html','Tableaux',11),(112,'RGAA22-12','http://rgaa.net/-Textes-.html','Textes',12),(1001,'Seo-01',NULL,'Bases du referencement',1),(1002,'Seo-02',NULL,'Images',2),(1003,'Seo-03',NULL,'Cadres',3),(1004,'Seo-04',NULL,'Tableaux',4),(1005,'Seo-05',NULL,'Liens',5),(1006,'Seo-06',NULL,'Eléments Obligatoires',6),(1007,'Seo-07',NULL,'Structuration de l''information',7),(1008,'Seo-08',NULL,'Multimedia',8);
CREATE TABLE "theme_statistics" (
    "id_theme_statistics" bigserial NOT NULL,
    "nb_passed" integer DEFAULT NULL,
    "nb_failed" integer DEFAULT NULL,
    "nb_nmi" integer DEFAULT NULL,
    "nb_na" integer DEFAULT NULL,
    "nb_suspected" integer DEFAULT NULL,
    "nb_detected" integer DEFAULT NULL,
    "nb_not_tested" integer DEFAULT NULL,
    "id_theme" bigint DEFAULT NULL,
    "id_web_resource_statistics" bigint DEFAULT NULL,
    PRIMARY KEY ("id_theme_statistics")
);

CREATE TABLE "web_resource" (
    "id_web_resource" bigserial NOT NULL,
    "label" varchar(510) DEFAULT NULL,
    "mark" float DEFAULT NULL,
    "url" varchar(4096) NOT NULL,
    "rank" integer DEFAULT '0',
    "id_audit" bigint DEFAULT NULL,
    "id_web_resource_parent" bigint DEFAULT NULL,
    "dtype" varchar(62) NOT NULL,
    PRIMARY KEY ("id_web_resource")
);

CREATE TABLE "web_resource_statistics" (
    "id_web_resource_statistics" bigserial NOT NULL,
    "mark" float DEFAULT NULL,
    "raw_mark" float DEFAULT NULL,
    "nb_passed" integer DEFAULT NULL,
    "nb_failed" integer DEFAULT NULL,
    "nb_nmi" integer DEFAULT NULL,
    "nb_na" integer DEFAULT NULL,
    "nb_suspected" integer DEFAULT NULL,
    "nb_detected" integer DEFAULT NULL,
    "nb_not_tested" integer DEFAULT NULL,
    "weighted_passed" decimal(10,1)  DEFAULT NULL,
    "weighted_failed" decimal(10,1)  DEFAULT NULL,
    "weighted_nmi" decimal(10,1)  DEFAULT NULL,
    "weighted_na" decimal(10,1)  DEFAULT NULL,
    "nb_failed_occurrences" integer DEFAULT NULL,
    "nb_invalid_test" integer DEFAULT NULL,
    "id_audit" bigint DEFAULT NULL,
    "id_web_resource" bigint DEFAULT NULL,
    "http_status_code" integer DEFAULT '-1',
    PRIMARY KEY ("id_web_resource_statistics")
);


-- Post-data save --
COMMIT;
START TRANSactION;

-- Typecasts --

-- Foreign keys --
ALTER TABLE "audit_parameter" ADD CONSTRAINT "fk_audit_parameter_audit" FOREIGN KEY ("id_audit") REFERENCES "audit" ("id_audit") ON DELETE CASCADE ON UPDATE NO actION DEFERRABLE INITIALLY DEFERRED;
CREATE INDEX ON "audit_parameter" ("id_audit");
ALTER TABLE "audit_parameter" ADD CONSTRAINT "fk_audit_parameter_parameter" FOREIGN KEY ("id_parameter") REFERENCES "parameter" ("id_parameter") ON DELETE CASCADE ON UPDATE NO actION DEFERRABLE INITIALLY DEFERRED;
CREATE INDEX ON "audit_parameter" ("id_parameter");
ALTER TABLE "audit_test" ADD CONSTRAINT "FK838E6E96493EC9C2" FOREIGN KEY ("id_audit") REFERENCES "audit" ("id_audit") ON DELETE CASCADE ON UPDATE NO actION DEFERRABLE INITIALLY DEFERRED;
CREATE INDEX ON "audit_test" ("id_audit");
ALTER TABLE "audit_test" ADD CONSTRAINT "FK838E6E96A17A5FA8" FOREIGN KEY ("id_test") REFERENCES "test" ("id_test") ON DELETE NO actION ON UPDATE NO actION DEFERRABLE INITIALLY DEFERRED;
CREATE INDEX ON "audit_test" ("id_test");
ALTER TABLE "content" ADD CONSTRAINT "FK6382C059493EC9C2" FOREIGN KEY ("id_audit") REFERENCES "audit" ("id_audit") ON DELETE CASCADE ON UPDATE NO actION DEFERRABLE INITIALLY DEFERRED;
CREATE INDEX ON "content" ("id_audit");
ALTER TABLE "content" ADD CONSTRAINT "FK6382C059A8A177A1" FOREIGN KEY ("id_page") REFERENCES "web_resource" ("id_web_resource") ON DELETE CASCADE ON UPDATE NO actION DEFERRABLE INITIALLY DEFERRED;
CREATE INDEX ON "content" ("id_page");
ALTER TABLE "content_relationship" ADD CONSTRAINT "FKBA33205EBA71C750" FOREIGN KEY ("id_content_child") REFERENCES "content" ("id_content") ON DELETE CASCADE ON UPDATE NO actION DEFERRABLE INITIALLY DEFERRED;
CREATE INDEX ON "content_relationship" ("id_content_child");
ALTER TABLE "content_relationship" ADD CONSTRAINT "FKBA33205E620A8494" FOREIGN KEY ("id_content_parent") REFERENCES "content" ("id_content") ON DELETE CASCADE ON UPDATE NO actION DEFERRABLE INITIALLY DEFERRED;
CREATE INDEX ON "content_relationship" ("id_content_parent");
ALTER TABLE "criterion" ADD CONSTRAINT "FKBCFA1E81E8F67244" FOREIGN KEY ("theme_id_theme") REFERENCES "theme" ("id_theme") DEFERRABLE INITIALLY DEFERRED;
CREATE INDEX ON "criterion" ("theme_id_theme");
ALTER TABLE "criterion" ADD CONSTRAINT "FKBCFA1E81D03CE506" FOREIGN KEY ("reference_id_reference") REFERENCES "reference" ("id_reference") DEFERRABLE INITIALLY DEFERRED;
CREATE INDEX ON "criterion" ("reference_id_reference");
ALTER TABLE "criterion_statistics" ADD CONSTRAINT "fk_criterion_statistics_criterion" FOREIGN KEY ("id_criterion") REFERENCES "criterion" ("id_criterion") ON DELETE CASCADE ON UPDATE NO actION DEFERRABLE INITIALLY DEFERRED;
CREATE INDEX ON "criterion_statistics" ("id_criterion");
ALTER TABLE "criterion_statistics" ADD CONSTRAINT "fk_criterion_statistics_web_resource_statistics" FOREIGN KEY ("id_web_resource_statistics") REFERENCES "web_resource_statistics" ("id_web_resource_statistics") ON DELETE CASCADE ON UPDATE NO actION DEFERRABLE INITIALLY DEFERRED;
CREATE INDEX ON "criterion_statistics" ("id_web_resource_statistics");
ALTER TABLE "evidence_element" ADD CONSTRAINT "FK698B98F4C94A0CBA" FOREIGN KEY ("evidence_id_evidence") REFERENCES "evidence" ("id_evidence") DEFERRABLE INITIALLY DEFERRED;
CREATE INDEX ON "evidence_element" ("evidence_id_evidence");
ALTER TABLE "evidence_element" ADD CONSTRAINT "FK698B98F425AD22C4" FOREIGN KEY ("process_remark_id_process_remark") REFERENCES "process_remark" ("id_process_remark") ON DELETE CASCADE DEFERRABLE INITIALLY DEFERRED;
CREATE INDEX ON "evidence_element" ("process_remark_id_process_remark");
ALTER TABLE "nomenclature" ADD CONSTRAINT "FKBF856B7795431825" FOREIGN KEY ("id_nomenclature_parent") REFERENCES "nomenclature" ("id_nomenclature") DEFERRABLE INITIALLY DEFERRED;
CREATE INDEX ON "nomenclature" ("id_nomenclature_parent");
ALTER TABLE "nomenclature_element" ADD CONSTRAINT "FK44F856145FAB5EF2" FOREIGN KEY ("id_nomenclature") REFERENCES "nomenclature" ("id_nomenclature") DEFERRABLE INITIALLY DEFERRED;
CREATE INDEX ON "nomenclature_element" ("id_nomenclature");
ALTER TABLE "parameter" ADD CONSTRAINT "fk_parameter_parameter_element" FOREIGN KEY ("id_parameter_element") REFERENCES "parameter_element" ("id_parameter_element") ON DELETE NO actION ON UPDATE NO actION DEFERRABLE INITIALLY DEFERRED;
CREATE INDEX ON "parameter" ("id_parameter_element");
ALTER TABLE "parameter_element" ADD CONSTRAINT "fk_parameter_element_parameter" FOREIGN KEY ("id_parameter_family") REFERENCES "parameter_family" ("id_parameter_family") ON DELETE NO actION ON UPDATE NO actION DEFERRABLE INITIALLY DEFERRED;
CREATE INDEX ON "parameter_element" ("id_parameter_family");
ALTER TABLE "pre_process_result" ADD CONSTRAINT "fk_pre_process_result_audit" FOREIGN KEY ("id_audit") REFERENCES "audit" ("id_audit") ON DELETE CASCADE ON UPDATE NO actION DEFERRABLE INITIALLY DEFERRED;
CREATE INDEX ON "pre_process_result" ("id_audit");
ALTER TABLE "pre_process_result" ADD CONSTRAINT "fk_pre_process_result_web_resource" FOREIGN KEY ("id_web_resource") REFERENCES "web_resource" ("id_web_resource") ON DELETE CASCADE ON UPDATE NO actION DEFERRABLE INITIALLY DEFERRED;
CREATE INDEX ON "pre_process_result" ("id_web_resource");
ALTER TABLE "process_remark" ADD CONSTRAINT "FK1C3EA37045A988AD" FOREIGN KEY ("id_process_result") REFERENCES "process_result" ("id_process_result") ON DELETE CASCADE DEFERRABLE INITIALLY DEFERRED;
CREATE INDEX ON "process_remark" ("id_process_result");
ALTER TABLE "process_result" ADD CONSTRAINT "FK1C41A80DFA349234" FOREIGN KEY ("id_process_result_parent") REFERENCES "process_result" ("id_process_result") DEFERRABLE INITIALLY DEFERRED;
CREATE INDEX ON "process_result" ("id_process_result_parent");
ALTER TABLE "process_result" ADD CONSTRAINT "FK1C41A80D8146180B" FOREIGN KEY ("id_audit_gross_result") REFERENCES "audit" ("id_audit") ON DELETE CASCADE DEFERRABLE INITIALLY DEFERRED;
CREATE INDEX ON "process_result" ("id_audit_gross_result");
ALTER TABLE "process_result" ADD CONSTRAINT "FK1C41A80D2E48600" FOREIGN KEY ("id_web_resource") REFERENCES "web_resource" ("id_web_resource") ON DELETE CASCADE DEFERRABLE INITIALLY DEFERRED;
CREATE INDEX ON "process_result" ("id_web_resource");
ALTER TABLE "process_result" ADD CONSTRAINT "FK1C41A80DA17A5FA8" FOREIGN KEY ("id_test") REFERENCES "test" ("id_test") DEFERRABLE INITIALLY DEFERRED;
CREATE INDEX ON "process_result" ("id_test");
ALTER TABLE "process_result" ADD CONSTRAINT "FK1C41A80DB6D0E092" FOREIGN KEY ("id_audit_net_result") REFERENCES "audit" ("id_audit") ON DELETE CASCADE DEFERRABLE INITIALLY DEFERRED;
CREATE INDEX ON "process_result" ("id_audit_net_result");
ALTER TABLE "test" ADD CONSTRAINT "FK273C92CCA757AD" FOREIGN KEY ("id_decision_level") REFERENCES "decision_level" ("id_decision_level") DEFERRABLE INITIALLY DEFERRED;
CREATE INDEX ON "test" ("id_decision_level");
ALTER TABLE "test" ADD CONSTRAINT "FK273C9250C99824" FOREIGN KEY ("id_scope") REFERENCES "scope" ("id_scope") DEFERRABLE INITIALLY DEFERRED;
CREATE INDEX ON "test" ("id_scope");
ALTER TABLE "test" ADD CONSTRAINT "FK273C926CCA4C3E" FOREIGN KEY ("id_criterion") REFERENCES "criterion" ("id_criterion") DEFERRABLE INITIALLY DEFERRED;
CREATE INDEX ON "test" ("id_criterion");
ALTER TABLE "test" ADD CONSTRAINT "FK273C9272343A84" FOREIGN KEY ("id_level") REFERENCES "level" ("id_level") DEFERRABLE INITIALLY DEFERRED;
CREATE INDEX ON "test" ("id_level");
ALTER TABLE "test_statistics" ADD CONSTRAINT "fk_test_statistics_test" FOREIGN KEY ("id_test") REFERENCES "test" ("id_test") ON DELETE CASCADE ON UPDATE NO actION DEFERRABLE INITIALLY DEFERRED;
CREATE INDEX ON "test_statistics" ("id_test");
ALTER TABLE "test_statistics" ADD CONSTRAINT "fk_test_statistics_web_resource_statistics" FOREIGN KEY ("id_web_resource_statistics") REFERENCES "web_resource_statistics" ("id_web_resource_statistics") ON DELETE CASCADE ON UPDATE NO actION DEFERRABLE INITIALLY DEFERRED;
CREATE INDEX ON "test_statistics" ("id_web_resource_statistics");
ALTER TABLE "tgsi_act" ADD CONSTRAINT "FK_tgsi_act_tgsi_contract" FOREIGN KEY ("contract_id_contract") REFERENCES "tgsi_contract" ("id_contract") ON DELETE CASCADE ON UPDATE NO actION DEFERRABLE INITIALLY DEFERRED;
CREATE INDEX ON "tgsi_act" ("contract_id_contract");
ALTER TABLE "tgsi_act" ADD CONSTRAINT "FK_tgsi_act_tgsi_scope" FOREIGN KEY ("scope_id_scope") REFERENCES "tgsi_scope" ("id_scope") ON DELETE NO actION ON UPDATE NO actION DEFERRABLE INITIALLY DEFERRED;
CREATE INDEX ON "tgsi_act" ("scope_id_scope");
ALTER TABLE "tgsi_act_audit" ADD CONSTRAINT "FK_tgsi_act_audit_tgsi_act" FOREIGN KEY ("act_id_act") REFERENCES "tgsi_act" ("id_act") ON DELETE CASCADE ON UPDATE NO actION DEFERRABLE INITIALLY DEFERRED;
CREATE INDEX ON "tgsi_act_audit" ("act_id_act");
ALTER TABLE "tgsi_act_audit" ADD CONSTRAINT "FK_tgsi_act_audit_audit" FOREIGN KEY ("audit_id_audit") REFERENCES "audit" ("id_audit") ON DELETE CASCADE ON UPDATE NO actION DEFERRABLE INITIALLY DEFERRED;
CREATE INDEX ON "tgsi_act_audit" ("audit_id_audit");
ALTER TABLE "tgsi_contract" ADD CONSTRAINT "FK_tgsi_contract_tgsi_user" FOREIGN KEY ("user_id_user") REFERENCES "tgsi_user" ("id_user") ON DELETE CASCADE ON UPDATE NO actION DEFERRABLE INITIALLY DEFERRED;
CREATE INDEX ON "tgsi_contract" ("user_id_user");
ALTER TABLE "tgsi_contract_functionality" ADD CONSTRAINT "FK_tgsi_contract_functionality_tgsi_contract" FOREIGN KEY ("contract_id_contract") REFERENCES "tgsi_contract" ("id_contract") ON DELETE CASCADE ON UPDATE CASCADE DEFERRABLE INITIALLY DEFERRED;
CREATE INDEX ON "tgsi_contract_functionality" ("contract_id_contract");
ALTER TABLE "tgsi_contract_functionality" ADD CONSTRAINT "FK_tgsi_contract_functionality_tgsi_functionality" FOREIGN KEY ("functionality_id_functionality") REFERENCES "tgsi_functionality" ("id_functionality") ON DELETE NO actION ON UPDATE NO actION DEFERRABLE INITIALLY DEFERRED;
CREATE INDEX ON "tgsi_contract_functionality" ("functionality_id_functionality");
ALTER TABLE "tgsi_contract_option_element" ADD CONSTRAINT "FK_tgsi_contract_option_element_tgsi_contract" FOREIGN KEY ("contract_id_contract") REFERENCES "tgsi_contract" ("id_contract") ON DELETE CASCADE ON UPDATE CASCADE DEFERRABLE INITIALLY DEFERRED;
CREATE INDEX ON "tgsi_contract_option_element" ("contract_id_contract");
ALTER TABLE "tgsi_contract_option_element" ADD CONSTRAINT "FK_tgsi_contract_option_element_tgsi_option_element" FOREIGN KEY ("option_element_id_option_element") REFERENCES "tgsi_option_element" ("id_option_element") ON DELETE CASCADE ON UPDATE CASCADE DEFERRABLE INITIALLY DEFERRED;
CREATE INDEX ON "tgsi_contract_option_element" ("option_element_id_option_element");
ALTER TABLE "tgsi_contract_referential" ADD CONSTRAINT "FK_tgsi_contract_referential_tgsi_contract" FOREIGN KEY ("contract_id_contract") REFERENCES "tgsi_contract" ("id_contract") ON DELETE CASCADE ON UPDATE CASCADE DEFERRABLE INITIALLY DEFERRED;
CREATE INDEX ON "tgsi_contract_referential" ("contract_id_contract");
ALTER TABLE "tgsi_contract_referential" ADD CONSTRAINT "FK_tgsi_contract_referential_tgsi_referential" FOREIGN KEY ("referential_id_referential") REFERENCES "tgsi_referential" ("id_referential") ON DELETE NO actION ON UPDATE NO actION DEFERRABLE INITIALLY DEFERRED;
CREATE INDEX ON "tgsi_contract_referential" ("referential_id_referential");
ALTER TABLE "tgsi_option" ADD CONSTRAINT "FK_tgsi_option_tgsi_option_family" FOREIGN KEY ("option_family_id_option_family") REFERENCES "tgsi_option_family" ("id_option_family") ON DELETE NO actION ON UPDATE NO actION DEFERRABLE INITIALLY DEFERRED;
CREATE INDEX ON "tgsi_option" ("option_family_id_option_family");
ALTER TABLE "tgsi_option_element" ADD CONSTRAINT "FK_tgsi_option_element_tgsi_option" FOREIGN KEY ("option_id_option") REFERENCES "tgsi_option" ("id_option") ON DELETE NO actION ON UPDATE NO actION DEFERRABLE INITIALLY DEFERRED;
CREATE INDEX ON "tgsi_option_element" ("option_id_option");
ALTER TABLE "tgsi_role" ADD CONSTRAINT "FK_tgsi_role_tgsi_role" FOREIGN KEY ("role_id_role") REFERENCES "tgsi_role" ("id_role") ON DELETE CASCADE ON UPDATE CASCADE DEFERRABLE INITIALLY DEFERRED;
CREATE INDEX ON "tgsi_role" ("role_id_role");
ALTER TABLE "tgsi_scenario" ADD CONSTRAINT "FK_tgsi_scenario_tgsi_contract" FOREIGN KEY ("contract_id_contract") REFERENCES "tgsi_contract" ("id_contract") ON DELETE CASCADE ON UPDATE CASCADE DEFERRABLE INITIALLY DEFERRED;
CREATE INDEX ON "tgsi_scenario" ("contract_id_contract");
ALTER TABLE "tgsi_user" ADD CONSTRAINT "FK_tgsi_user_tgsi_role" FOREIGN KEY ("role_id_role") REFERENCES "tgsi_role" ("id_role") ON DELETE NO actION ON UPDATE NO actION DEFERRABLE INITIALLY DEFERRED;
CREATE INDEX ON "tgsi_user" ("role_id_role");
ALTER TABLE "tgsi_user_option_element" ADD CONSTRAINT "FK_tgsi_user_option_element_tgsi_user" FOREIGN KEY ("user_id_user") REFERENCES "tgsi_user" ("id_user") ON DELETE CASCADE ON UPDATE CASCADE DEFERRABLE INITIALLY DEFERRED;
CREATE INDEX ON "tgsi_user_option_element" ("user_id_user");
ALTER TABLE "tgsi_user_option_element" ADD CONSTRAINT "FK_tgsi_user_option_element_tgsi_option_element" FOREIGN KEY ("option_element_id_option_element") REFERENCES "tgsi_option_element" ("id_option_element") ON DELETE CASCADE ON UPDATE CASCADE DEFERRABLE INITIALLY DEFERRED;
CREATE INDEX ON "tgsi_user_option_element" ("option_element_id_option_element");
ALTER TABLE "theme_statistics" ADD CONSTRAINT "fk_theme_statistics_theme" FOREIGN KEY ("id_theme") REFERENCES "theme" ("id_theme") ON DELETE CASCADE ON UPDATE NO actION DEFERRABLE INITIALLY DEFERRED;
CREATE INDEX ON "theme_statistics" ("id_theme");
ALTER TABLE "theme_statistics" ADD CONSTRAINT "fk_theme_statistics_web_resource_statistics" FOREIGN KEY ("id_web_resource_statistics") REFERENCES "web_resource_statistics" ("id_web_resource_statistics") ON DELETE CASCADE ON UPDATE NO actION DEFERRABLE INITIALLY DEFERRED;
CREATE INDEX ON "theme_statistics" ("id_web_resource_statistics");
ALTER TABLE "web_resource" ADD CONSTRAINT "FKD9A970B9493EC9C2" FOREIGN KEY ("id_audit") REFERENCES "audit" ("id_audit") ON DELETE CASCADE ON UPDATE CASCADE DEFERRABLE INITIALLY DEFERRED;
CREATE INDEX ON "web_resource" ("id_audit");
ALTER TABLE "web_resource" ADD CONSTRAINT "FKD9A970B92F70FF12" FOREIGN KEY ("id_web_resource_parent") REFERENCES "web_resource" ("id_web_resource") ON DELETE CASCADE ON UPDATE CASCADE DEFERRABLE INITIALLY DEFERRED;
CREATE INDEX ON "web_resource" ("id_web_resource_parent");
ALTER TABLE "web_resource_statistics" ADD CONSTRAINT "fk_web_resource_statistics_audit" FOREIGN KEY ("id_audit") REFERENCES "audit" ("id_audit") ON DELETE CASCADE ON UPDATE NO actION DEFERRABLE INITIALLY DEFERRED;
CREATE INDEX ON "web_resource_statistics" ("id_audit");
ALTER TABLE "web_resource_statistics" ADD CONSTRAINT "fk_web_resource_statistics_web_resource" FOREIGN KEY ("id_web_resource") REFERENCES "web_resource" ("id_web_resource") ON DELETE CASCADE ON UPDATE NO actION DEFERRABLE INITIALLY DEFERRED;
CREATE INDEX ON "web_resource_statistics" ("id_web_resource");


COMMIT;