SET foreign_key_checks=0;

INSERT IGNORE INTO `PARAMETER_FAMILY` (`Id_Parameter_Family`, `Cd_Parameter_Family`, `Description`, `Long_Label`, `Short_Label`) VALUES
(1, 'CRAWL', 'This parameter family handles all the parameters needed by the crawler component', 'crawl parameters', 'crawl params'),
(2, 'GENERAL', 'This parameter family handles all the general parameters of the audit', 'general parameters', 'gen params'),
(3, 'RULES', 'This parameter family handles all the parameters needed by the rules', 'rules parameters', 'rules params'),
(4, 'TEST_WEIGHT', 'This paramaters handles the test weight potentially overridden by users', 'test weight parameters', 'test weight params');

INSERT IGNORE INTO `PARAMETER_ELEMENT` (`Id_Parameter_Element`, `Cd_Parameter_Element`, `Id_Parameter_Family`, `Long_Label`, `Short_Label`) VALUES
(1, 'MAX_DOCUMENTS', 1, 'Maximum number of downloaded pages', 'max pages'),
(2, 'EXCLUSION_REGEXP', 1, 'Regulard expression to exclude urls', 'exclusion regex'),
(3, 'DEPTH', 1, 'Maximum depth of the crawl', 'max depth'),
(4, 'MAX_DURATION', 1, 'Maximum duration of the crawl', 'max duration'),
(5, 'LEVEL', 2, 'Audit level (includes the referential code)', 'Audit level'),
(6, 'DATA_TABLE_MARKER', 3, 'Data Table HTML marker (id or class)', 'Data table marker'),
(7, 'PRESENTATION_TABLE_MARKER', 3, 'Presentation Table HTML marker (id or class)', 'Presentation table marker'),
(8, 'PROXY_HOST', 1, 'proxy host', 'proxy host'),
(9, 'PROXY_PORT', 1, 'proxy port', 'proxy port'),
(10, 'Seo-01011', 4, 'Weight of rule Seo-01011 overriden by user', 'Seo-01011 weight'),
(11, 'Seo-01012', 4, 'Weight of rule Seo-01011 overriden by user', 'Seo-01011 weight'),
(12, 'Seo-01013', 4, 'Weight of rule Seo-01011 overriden by user', 'Seo-01011 weight'),
(13, 'Seo-01021', 4, 'Weight of rule Seo-01021 overriden by user', 'Seo-01021 weight'),
(14, 'Seo-01031', 4, 'Weight of rule Seo-01031 overriden by user', 'Seo-01031 weight'),
(15, 'Seo-01041', 4, 'Weight of rule Seo-01041 overriden by user', 'Seo-01041 weight'),
(16, 'Seo-01051', 4, 'Weight of rule Seo-01051 overriden by user', 'Seo-01051 weight'),
(17, 'Seo-01061', 4, 'Weight of rule Seo-01061 overriden by user', 'Seo-01061 weight'),
(18, 'Seo-02011', 4, 'Weight of rule Seo-02011 overriden by user', 'Seo-02011 weight'),
(19, 'Seo-02012', 4, 'Weight of rule Seo-02012 overriden by user', 'Seo-02012 weight'),
(20, 'Seo-02013', 4, 'Weight of rule Seo-02013 overriden by user', 'Seo-02013 weight'),
(21, 'Seo-03011', 4, 'Weight of rule Seo-03011 overriden by user', 'Seo-01011 weight'),
(22, 'Seo-03012', 4, 'Weight of rule Seo-03012 overriden by user', 'Seo-03012 weight'),
(23, 'Seo-05011', 4, 'Weight of rule Seo-05011 overriden by user', 'Seo-05011 weight'),
(24, 'Seo-05012', 4, 'Weight of rule Seo-05012 overriden by user', 'Seo-05012 weight'),
(25, 'Seo-05013', 4, 'Weight of rule Seo-05013 overriden by user', 'Seo-05013 weight'),
(26, 'Seo-06011', 4, 'Weight of rule Seo-06011 overriden by user', 'Seo-06011 weight'),
(27, 'Seo-06021', 4, 'Weight of rule Seo-06021 overriden by user', 'Seo-06021 weight'),
(28, 'Seo-06031', 4, 'Weight of rule Seo-06031 overriden by user', 'Seo-06031 weight'),
(29, 'Seo-06041', 4, 'Weight of rule Seo-06041 overriden by user', 'Seo-06041 weight'),
(30, 'Seo-06051', 4, 'Weight of rule Seo-06051 overriden by user', 'Seo-06051 weight'),
(31, 'Seo-06052', 4, 'Weight of rule Seo-06052 overriden by user', 'Seo-06052 weight'),
(32, 'Seo-07011', 4, 'Weight of rule Seo-07011 overriden by user', 'Seo-07011 weight'),
(33, 'Seo-07012', 4, 'Weight of rule Seo-07012 overriden by user', 'Seo-07012 weight'),
(34, 'Seo-07021', 4, 'Weight of rule Seo-07021 overriden by user', 'Seo-07021 weight'),
(35, 'Seo-07051', 4, 'Weight of rule Seo-07051 overriden by user', 'Seo-07051 weight'),
(36, 'Seo-07061', 4, 'Weight of rule Seo-07061 overriden by user', 'Seo-07061 weight'),
(37, 'Seo-08011', 4, 'Weight of rule Seo-08011 overriden by user', 'Seo-08011 weight');

INSERT IGNORE INTO `PARAMETER` (`Id_Parameter_Element`, `Parameter_Value`, `Is_Default`) VALUES
(1, '50000', b'0'),
(2, '', b'1'),
(3, '20', b'1'),
(3, '0', b'0'),
(4, '604800', b'0'),
(5, 'Seo;Or', b'0'),
(5, 'Seo;Ar', b'0'),
(5, 'Seo;Bz', b'0'),
(5, 'AW21;Ar', b'1'),
(5, 'AW21;Bz', b'0'),
(5, 'AW21;Or', b'0'),
(1, '100', b'0'),
(1, '10000', b'1'),
(1, '20000', b'0'),
(6, '', b'1'),
(7, '', b'1'),
(8, '', b'1'),
(9, '', b'1'), 
(4, '86400', b'1');

SET foreign_key_checks=1;